trade_date,symbol,shares,close_price,market_value,label
2023-11-30,002142,4000,22.92,91680.00,B2
2023-11-30,002594,100,199.15,19915.00,B2
2023-11-30,300351,800,26.10,20880.00,B2
2023-11-30,688041,400,71.77,28708.00,B2
2023-11-30,688271,500,143.00,71500.00,B2
2023-12-01,002142,4000,22.62,90480.00,B2
2023-12-01,002594,100,197.05,19705.00,B2
2023-12-01,300351,800,23.68,18944.00,B2
2023-12-01,688041,400,71.90,28760.00,B2
2023-12-01,688271,500,143.59,71795.00,B2
2023-12-04,002142,4000,21.95,87800.00,B2
2023-12-04,002594,100,196.39,19639.00,B2
2023-12-04,300351,800,22.05,17640.00,B2
2023-12-04,688041,400,72.71,29084.00,B2
2023-12-04,688271,500,145.74,72870.00,B2
2023-12-05,002142,4000,21.14,84560.00,B2
2023-12-05,002594,100,196.34,19634.00,B2
2023-12-05,300351,800,21.12,16896.00,B2
2023-12-05,688041,400,72.85,29140.00,B2
2023-12-05,688271,500,144.22,72110.00,B2
2023-12-06,002142,4000,21.13,84520.00,B2
2023-12-06,002594,100,201.19,20119.00,B2
2023-12-06,300351,800,21.03,16824.00,B2
2023-12-06,688041,400,75.59,30236.00,B2
2023-12-06,688271,500,150.00,75000.00,B2
2023-12-07,002142,4000,21.03,84120.00,B2
2023-12-07,002594,100,199.45,19945.00,B2
2023-12-07,300351,800,20.63,16504.00,B2
2023-12-07,688041,400,73.16,29264.00,B2
2023-12-07,688271,500,146.39,73195.00,B2
2023-12-08,002142,4000,20.82,83280.00,B2
2023-12-08,002594,100,198.55,19855.00,B2
2023-12-08,300351,800,20.66,16528.00,B2
2023-12-08,688041,400,80.34,32136.00,B2
2023-12-08,688271,500,150.08,75040.00,B2
2023-12-11,002142,4000,20.86,83440.00,B2
2023-12-11,002594,100,199.19,19919.00,B2
2023-12-11,300351,800,21.27,17016.00,B2
2023-12-11,688041,400,82.22,32888.00,B2
2023-12-11,688271,500,147.31,73655.00,B2
2023-12-12,002142,4000,21.28,85120.00,B2
2023-12-12,002594,100,196.33,19633.00,B2
2023-12-12,300351,800,20.76,16608.00,B2
2023-12-12,688041,400,80.67,32268.00,B2
2023-12-12,688271,500,141.48,70740.00,B2
2023-12-13,002142,4000,20.42,81680.00,B2
2023-12-13,002594,100,191.80,19180.00,B2
2023-12-13,300351,800,20.30,16240.00,B2
2023-12-13,688041,400,77.65,31060.00,B2
2023-12-13,688271,500,140.49,70245.00,B2
2023-12-14,000568,100,169.52,16952.00,B2
2023-12-14,002558,1200,14.16,16992.00,B2
2023-12-14,600938,1700,19.56,33252.00,B2
2023-12-14,601398,11800,4.77,56286.00,B2
2023-12-15,000568,100,172.05,17205.00,B2
2023-12-15,002558,1200,14.02,16824.00,B2
2023-12-15,600938,1700,19.35,32895.00,B2
2023-12-15,601398,11800,4.73,55814.00,B2
2023-12-18,000568,100,172.76,17276.00,B2
2023-12-18,002558,1200,13.79,16548.00,B2
2023-12-18,600938,1700,19.55,33235.00,B2
2023-12-18,601398,11800,4.77,56286.00,B2
2023-12-19,000568,100,172.06,17206.00,B2
2023-12-19,002558,1200,13.93,16716.00,B2
2023-12-19,600938,1700,19.71,33507.00,B2
2023-12-19,601398,11800,4.79,56522.00,B2
2023-12-19,300750,300,149.00,44700.00,B2
2023-12-20,000568,100,169.32,16932.00,B2
2023-12-20,002558,1200,13.61,16332.00,B2
2023-12-20,600938,1700,19.84,33728.00,B2
2023-12-20,601398,11800,4.79,56522.00,B2
2023-12-20,300750,300,148.45,44535.00,B2
2023-12-21,000568,100,170.76,17076.00,B2
2023-12-21,002558,1200,13.84,16608.00,B2
2023-12-21,600938,1700,19.72,33524.00,B2
2023-12-21,601398,11800,4.79,56522.00,B2
2023-12-21,300750,300,154.39,46317.00,B2
2023-12-22,000568,100,170.48,17048.00,B2
2023-12-22,002558,1200,12.46,14952.00,B2
2023-12-22,600938,1700,19.93,33881.00,B2
2023-12-22,601398,11800,4.78,56404.00,B2
2023-12-22,300750,300,156.29,46887.00,B2
2023-12-25,000568,100,173.09,17309.00,B2
2023-12-25,002558,1200,11.21,13452.00,B2
2023-12-25,600938,1700,20.00,34000.00,B2
2023-12-25,601398,11800,4.80,56640.00,B2
2023-12-25,300750,300,157.54,47262.00,B2
2023-12-26,000568,100,171.14,17114.00,B2
2023-12-26,002558,1200,11.06,13272.00,B2
2023-12-26,600938,1700,20.03,34051.00,B2
2023-12-26,601398,11800,4.82,56876.00,B2
2023-12-26,300750,300,156.13,46839.00,B2
2023-12-27,000568,100,170.27,17027.00,B2
2023-12-27,002558,1200,11.04,13248.00,B2
2023-12-27,600938,1700,20.62,35054.00,B2
2023-12-27,601398,11800,4.83,56994.00,B2
2023-12-27,300750,300,154.33,46299.00,B2
2023-12-28,600938,2900,20.66,59914.00,B2
2023-12-28,300750,300,162.99,48897.00,B2
2023-12-28,002786,700,17.01,11907.00,B2
2023-12-28,002855,400,39.06,15624.00,B2
2023-12-28,300735,2100,22.89,48069.00,B2
2023-12-29,300750,300,163.26,48978.00,B2
2023-12-29,002786,700,16.06,11242.00,B2
2023-12-29,002855,400,37.61,15044.00,B2
2023-12-29,300735,2100,23.54,49434.00,B2
2023-12-29,600941,600,99.48,59688.00,B2
2024-01-02,300750,300,156.83,47049.00,B2
2024-01-02,002786,700,15.40,10780.00,B2
2024-01-02,002855,400,36.50,14600.00,B2
2024-01-02,300735,2100,22.00,46200.00,B2
2024-01-02,600941,600,98.73,59238.00,B2
2024-01-03,002786,700,14.93,10451.00,B2
2024-01-03,002855,400,37.75,15100.00,B2
2024-01-03,300735,2100,21.52,45192.00,B2
2024-01-03,600941,600,97.90,58740.00,B2
2024-01-03,002241,2500,20.05,50125.00,B2
2024-01-04,002786,700,16.42,11494.00,B2
2024-01-04,002855,400,39.23,15692.00,B2
2024-01-04,300735,2100,21.33,44793.00,B2
2024-01-04,600941,600,99.19,59514.00,B2
2024-01-04,002241,2500,19.67,49175.00,B2
2024-01-05,002786,700,15.27,10689.00,B2
2024-01-05,002855,400,36.02,14408.00,B2
2024-01-05,300735,2100,20.88,43848.00,B2
2024-01-05,600941,600,98.25,58950.00,B2
2024-01-05,002241,2500,19.78,49450.00,B2
2024-01-08,002786,700,16.80,11760.00,B2
2024-01-08,002855,400,35.96,14384.00,B2
2024-01-08,300735,2100,20.37,42777.00,B2
2024-01-08,600941,600,98.39,59034.00,B2
2024-01-08,002241,2500,19.39,48475.00,B2
2024-01-09,002786,700,17.70,12390.00,B2
2024-01-09,002855,400,33.69,13476.00,B2
2024-01-09,300735,2100,20.11,42231.00,B2
2024-01-09,600941,600,97.86,58716.00,B2
2024-01-09,002241,2500,19.34,48350.00,B2
2024-01-10,002786,700,17.28,12096.00,B2
2024-01-10,002855,400,31.88,12752.00,B2
2024-01-10,300735,2100,19.80,41580.00,B2
2024-01-10,600941,600,96.53,57918.00,B2
2024-01-10,002241,2500,18.69,46725.00,B2
2024-01-11,002786,700,16.52,11564.00,B2
2024-01-11,002855,400,33.86,13544.00,B2
2024-01-11,300735,2100,20.22,42462.00,B2
2024-01-11,600941,600,95.36,57216.00,B2
2024-01-11,002241,2500,19.12,47800.00,B2
2024-01-12,600941,600,95.30,57180.00,B2
2024-01-12,002241,2500,18.30,45750.00,B2
2024-01-12,002415,500,30.43,15215.00,B2
2024-01-12,601398,6300,4.81,30303.00,B2
2024-01-12,601857,3100,7.23,22413.00,B2
2024-01-15,002241,2500,18.65,46625.00,B2
2024-01-15,002415,500,30.50,15250.00,B2
2024-01-15,601398,6300,4.86,30618.00,B2
2024-01-15,601857,3100,7.33,22723.00,B2
2024-01-15,000158,7000,9.32,65240.00,B2
2024-01-16,002241,2500,18.95,47375.00,B2
2024-01-16,002415,500,30.67,15335.00,B2
2024-01-16,601398,6300,4.89,30807.00,B2
2024-01-16,601857,3100,7.34,22754.00,B2
2024-01-16,000158,7000,9.28,64960.00,B2
2024-01-17,002415,500,30.98,15490.00,B2
2024-01-17,601398,6300,4.84,30492.00,B2
2024-01-17,601857,3100,7.20,22320.00,B2
2024-01-17,000158,7000,9.31,65170.00,B2
2024-01-17,000338,2900,14.72,42688.00,B2
2024-01-18,002415,500,31.63,15815.00,B2
2024-01-18,601398,6300,4.85,30555.00,B2
2024-01-18,601857,3100,7.19,22289.00,B2
2024-01-18,000158,7000,9.72,68040.00,B2
2024-01-18,000338,2900,14.60,42340.00,B2
2024-01-19,002415,500,31.68,15840.00,B2
2024-01-19,601398,6300,4.89,30807.00,B2
2024-01-19,601857,3100,7.14,22134.00,B2
2024-01-19,000158,7000,9.05,63350.00,B2
2024-01-19,000338,2900,14.30,41470.00,B2
2024-01-22,002415,500,30.89,15445.00,B2
2024-01-22,601398,6300,4.89,30807.00,B2
2024-01-22,601857,3100,7.05,21855.00,B2
2024-01-22,000158,7000,8.39,58730.00,B2
2024-01-22,000338,2900,14.03,40687.00,B2
2024-01-23,002415,500,30.74,15370.00,B2
2024-01-23,601398,6300,4.89,30807.00,B2
2024-01-23,601857,3100,7.01,21731.00,B2
2024-01-23,000158,7000,8.41,58870.00,B2
2024-01-23,000338,2900,14.09,40861.00,B2
2024-01-24,002415,500,31.38,15690.00,B2
2024-01-24,601398,6300,4.97,31311.00,B2
2024-01-24,601857,3100,7.26,22506.00,B2
2024-01-24,000158,7000,8.31,58170.00,B2
2024-01-24,000338,2900,14.70,42630.00,B2
2024-01-25,002415,500,32.06,16030.00,B2
2024-01-25,601398,6300,5.01,31563.00,B2
2024-01-25,601857,3100,7.99,24769.00,B2
2024-01-25,000158,7000,9.14,63980.00,B2
2024-01-25,000338,2900,15.09,43761.00,B2
2024-01-26,000158,7000,9.14,63980.00,B2
2024-01-26,000338,2900,15.16,43964.00,B2
2024-01-26,300059,1800,13.12,23616.00,B2
2024-01-26,600030,1500,20.83,31245.00,B2
2024-01-26,601099,5800,3.44,19952.00,B2
2024-01-29,000338,2900,15.02,43558.00,B2
2024-01-29,300059,1800,12.82,23076.00,B2
2024-01-29,600030,1500,20.58,30870.00,B2
2024-01-29,601099,5800,3.32,19256.00,B2
2024-01-29,000002,6300,10.06,63378.00,B2
2024-01-30,000338,2900,14.93,43297.00,B2
2024-01-30,300059,1800,12.56,22608.00,B2
2024-01-30,600030,1500,20.44,30660.00,B2
2024-01-30,601099,5800,3.30,19140.00,B2
2024-01-30,000002,6300,9.79,61677.00,B2
2024-01-31,300059,1800,12.48,22464.00,B2
2024-01-31,600030,1500,20.50,30750.00,B2
2024-01-31,601099,5800,3.22,18676.00,B2
2024-01-31,000002,6300,9.60,60480.00,B2
2024-01-31,601857,5600,8.36,46816.00,B2
2024-02-01,300059,1800,12.69,22842.00,B2
2024-02-01,600030,1500,20.44,30660.00,B2
2024-02-01,601099,5800,3.22,18676.00,B2
2024-02-01,000002,6300,9.44,59472.00,B2
2024-02-01,601857,5600,8.15,45640.00,B2
2024-02-02,300059,1800,12.45,22410.00,B2
2024-02-02,600030,1500,20.18,30270.00,B2
2024-02-02,601099,5800,3.12,18096.00,B2
2024-02-02,000002,6300,9.49,59787.00,B2
2024-02-02,601857,5600,8.10,45360.00,B2
2024-02-05,300059,1800,12.33,22194.00,B2
2024-02-05,600030,1500,20.18,30270.00,B2
2024-02-05,601099,5800,2.96,17168.00,B2
2024-02-05,000002,6300,9.18,57834.00,B2
2024-02-05,601857,5600,8.31,46536.00,B2
2024-02-06,300059,1800,13.20,23760.00,B2
2024-02-06,600030,1500,21.14,31710.00,B2
2024-02-06,601099,5800,3.16,18328.00,B2
2024-02-06,000002,6300,9.51,59913.00,B2
2024-02-06,601857,5600,8.12,45472.00,B2
2024-02-07,300059,1800,13.13,23634.00,B2
2024-02-07,600030,1500,21.18,31770.00,B2
2024-02-07,601099,5800,3.21,18618.00,B2
2024-02-07,000002,6300,9.52,59976.00,B2
2024-02-07,601857,5600,8.31,46536.00,B2
2024-02-08,300059,1800,13.27,23886.00,B2
2024-02-08,600030,1500,21.25,31875.00,B2
2024-02-08,601099,5800,3.29,19082.00,B2
2024-02-08,000002,6300,10.06,63378.00,B2
2024-02-08,601857,5600,8.28,46368.00,B2
2024-02-19,000002,6300,9.84,61992.00,B2
2024-02-19,601857,5600,8.65,48440.00,B2
2024-02-19,000895,1300,29.31,38103.00,B2
2024-02-19,002340,2600,5.10,13260.00,B2
2024-02-19,600111,800,18.53,14824.00,B2
2024-02-20,601857,5600,8.64,48384.00,B2
2024-02-20,000895,1300,29.78,38714.00,B2
2024-02-20,002340,2600,5.02,13052.00,B2
2024-02-20,600111,800,18.34,14672.00,B2
2024-02-20,002463,2300,26.05,59915.00,B2
2024-02-21,601857,5600,8.71,48776.00,B2
2024-02-21,000895,1300,29.79,38727.00,B2
2024-02-21,002340,2600,5.02,13052.00,B2
2024-02-21,600111,800,18.40,14720.00,B2
2024-02-21,002463,2300,24.54,56442.00,B2
2024-02-22,000895,1300,29.97,38961.00,B2
2024-02-22,002340,2600,5.04,13104.00,B2
2024-02-22,600111,800,18.65,14920.00,B2
2024-02-22,002463,2300,24.92,57316.00,B2
2024-02-22,600839,11800,4.81,56758.00,B2
2024-02-23,000895,1300,29.70,38610.00,B2
2024-02-23,002340,2600,5.08,13208.00,B2
2024-02-23,600111,800,18.58,14864.00,B2
2024-02-23,002463,2300,25.32,58236.00,B2
2024-02-23,600839,11800,4.77,56286.00,B2
2024-02-26,000895,1300,29.44,38272.00,B2
2024-02-26,002340,2600,5.35,13910.00,B2
2024-02-26,600111,800,18.53,14824.00,B2
2024-02-26,002463,2300,25.55,58765.00,B2
2024-02-26,600839,11800,5.08,59944.00,B2
2024-02-27,000895,1300,29.39,38207.00,B2
2024-02-27,002340,2600,5.38,13988.00,B2
2024-02-27,600111,800,18.69,14952.00,B2
2024-02-27,002463,2300,27.09,62307.00,B2
2024-02-27,600839,11800,5.31,62658.00,B2
2024-02-28,000895,1300,29.36,38168.00,B2
2024-02-28,002340,2600,5.24,13624.00,B2
2024-02-28,600111,800,18.45,14760.00,B2
2024-02-28,002463,2300,25.30,58190.00,B2
2024-02-28,600839,11800,4.95,58410.00,B2
2024-02-29,000895,1300,29.22,37986.00,B2
2024-02-29,002340,2600,5.36,13936.00,B2
2024-02-29,600111,800,18.85,15080.00,B2
2024-02-29,002463,2300,26.40,60720.00,B2
2024-02-29,600839,11800,5.14,60652.00,B2
2024-03-01,000895,1300,29.14,37882.00,B2
2024-03-01,002340,2600,5.38,13988.00,B2
2024-03-01,600111,800,19.07,15256.00,B2
2024-03-01,002463,2300,27.25,62675.00,B2
2024-03-01,600839,11800,5.25,61950.00,B2
2024-03-04,002463,2300,28.34,65182.00,B2
2024-03-04,600839,11800,5.78,68204.00,B2
2024-03-04,002281,600,36.32,21792.00,B2
2024-03-04,300045,800,23.85,19080.00,B2
2024-03-04,603220,500,37.00,18500.00,B2
2024-03-05,600839,11800,5.63,66434.00,B2
2024-03-05,002281,600,35.47,21282.00,B2
2024-03-05,300045,800,22.88,18304.00,B2
2024-03-05,603220,500,35.54,17770.00,B2
2024-03-05,000938,2500,24.77,61925.00,B2
2024-03-06,600839,11800,5.55,65490.00,B2
2024-03-06,002281,600,37.90,22740.00,B2
2024-03-06,300045,800,23.39,18712.00,B2
2024-03-06,603220,500,34.59,17295.00,B2
2024-03-06,000938,2500,24.59,61475.00,B2
2024-03-07,002281,600,35.42,21252.00,B2
2024-03-07,300045,800,21.98,17584.00,B2
2024-03-07,603220,500,33.62,16810.00,B2
2024-03-07,000938,2500,25.00,62500.00,B2
2024-03-07,002456,7300,9.10,66430.00,B2
2024-03-08,002281,600,38.96,23376.00,B2
2024-03-08,300045,800,22.48,17984.00,B2
2024-03-08,603220,500,36.77,18385.00,B2
2024-03-08,000938,2500,24.93,62325.00,B2
2024-03-08,002456,7300,9.30,67890.00,B2
2024-03-11,002281,600,42.86,25716.00,B2
2024-03-11,300045,800,22.64,18112.00,B2
2024-03-11,603220,500,36.61,18305.00,B2
2024-03-11,000938,2500,24.75,61875.00,B2
2024-03-11,002456,7300,9.75,71175.00,B2
2024-03-12,002281,600,40.66,24396.00,B2
2024-03-12,300045,800,23.58,18864.00,B2
2024-03-12,603220,500,36.99,18495.00,B2
2024-03-12,000938,2500,24.22,60550.00,B2
2024-03-12,002456,7300,9.63,70299.00,B2
2024-03-13,002281,600,39.34,23604.00,B2
2024-03-13,300045,800,24.11,19288.00,B2
2024-03-13,603220,500,36.56,18280.00,B2
2024-03-13,000938,2500,23.47,58675.00,B2
2024-03-13,002456,7300,9.53,69569.00,B2
2024-03-14,002281,600,40.42,24252.00,B2
2024-03-14,300045,800,23.75,19000.00,B2
2024-03-14,603220,500,35.01,17505.00,B2
2024-03-14,000938,2500,23.06,57650.00,B2
2024-03-14,002456,7300,9.64,70372.00,B2
2024-03-15,002281,600,39.91,23946.00,B2
2024-03-15,300045,800,24.54,19632.00,B2
2024-03-15,603220,500,36.13,18065.00,B2
2024-03-15,000938,2500,23.17,57925.00,B2
2024-03-15,002456,7300,9.79,71467.00,B2
2024-03-18,000938,2500,23.87,59675.00,B2
2024-03-18,002456,7300,10.50,76650.00,B2
2024-03-18,601138,1100,25.01,27511.00,B2
2024-03-18,601225,2200,24.34,53548.00,B2
2024-03-18,601899,4500,15.78,71010.00,B2
2024-03-19,002456,7300,10.40,75920.00,B2
2024-03-19,601138,1100,25.51,28061.00,B2
2024-03-19,601225,2200,24.80,54560.00,B2
2024-03-19,601899,4500,15.53,69885.00,B2
2024-03-19,603993,7200,7.69,55368.00,B2
2024-03-20,002456,7300,10.51,76723.00,B2
2024-03-20,601138,1100,25.08,27588.00,B2
2024-03-20,601225,2200,25.02,55044.00,B2
2024-03-20,601899,4500,15.51,69795.00,B2
2024-03-20,603993,7200,7.59,54648.00,B2
2024-03-21,601138,1100,24.99,27489.00,B2
2024-03-21,601225,2200,25.10,55220.00,B2
2024-03-21,601899,4500,15.62,70290.00,B2
2024-03-21,603993,7200,7.74,55728.00,B2
2024-03-21,300496,1100,61.81,67991.00,B2
2024-03-22,601138,1100,24.43,26873.00,B2
2024-03-22,601225,2200,25.38,55836.00,B2
2024-03-22,601899,4500,15.39,69255.00,B2
2024-03-22,603993,7200,7.48,53856.00,B2
2024-03-22,300496,1100,57.50,63250.00,B2
2024-03-25,601138,1100,23.91,26301.00,B2
2024-03-25,601225,2200,25.99,57178.00,B2
2024-03-25,601899,4500,15.74,70830.00,B2
2024-03-25,603993,7200,7.82,56304.00,B2
2024-03-25,300496,1100,54.65,60115.00,B2
2024-03-26,601138,1100,23.73,26103.00,B2
2024-03-26,601225,2200,25.26,55572.00,B2
2024-03-26,601899,4500,15.53,69885.00,B2
2024-03-26,603993,7200,7.78,56016.00,B2
2024-03-26,300496,1100,54.28,59708.00,B2
2024-03-27,601138,1100,22.41,24651.00,B2
2024-03-27,601225,2200,25.14,55308.00,B2
2024-03-27,601899,4500,15.72,70740.00,B2
2024-03-27,603993,7200,7.89,56808.00,B2
2024-03-27,300496,1100,50.52,55572.00,B2
2024-03-28,601138,1100,23.45,25795.00,B2
2024-03-28,601225,2200,25.00,55000.00,B2
2024-03-28,601899,4500,16.10,72450.00,B2
2024-03-28,603993,7200,8.17,58824.00,B2
2024-03-28,300496,1100,51.68,56848.00,B2
2024-03-29,601138,1100,22.77,25047.00,B2
2024-03-29,601225,2200,25.09,55198.00,B2
2024-03-29,601899,4500,16.82,75690.00,B2
2024-03-29,603993,7200,8.32,59904.00,B2
2024-03-29,300496,1100,51.27,56397.00,B2
2024-04-01,603993,7200,8.25,59400.00,B2
2024-04-01,300496,1100,52.95,58245.00,B2
2024-04-01,000977,800,44.03,35224.00,B2
2024-04-01,300975,1200,13.43,16116.00,B2
2024-04-01,601166,6500,15.83,102895.00,B2
2024-04-02,300496,1100,51.94,57134.00,B2
2024-04-02,000977,800,41.55,33240.00,B2
2024-04-02,300975,1200,12.45,14940.00,B2
2024-04-02,601166,6500,15.59,101335.00,B2
2024-04-02,600309,700,85.00,59500.00,B2
2024-04-03,300496,1100,50.73,55803.00,B2
2024-04-03,000977,800,39.35,31480.00,B2
2024-04-03,300975,1200,11.30,13560.00,B2
2024-04-03,601166,6500,15.41,100165.00,B2
2024-04-03,600309,700,84.90,59430.00,B2
2024-04-08,000977,800,39.80,31840.00,B2
2024-04-08,300975,1200,11.20,13440.00,B2
2024-04-08,601166,6500,15.48,100620.00,B2
2024-04-08,600309,700,87.00,60900.00,B2
2024-04-08,601857,5700,10.27,58539.00,B2
2024-04-09,000977,800,38.47,30776.00,B2
2024-04-09,300975,1200,11.33,13596.00,B2
2024-04-09,601166,6500,15.46,100490.00,B2
2024-04-09,600309,700,86.90,60830.00,B2
2024-04-09,601857,5700,10.12,57684.00,B2
2024-04-10,000977,800,37.10,29680.00,B2
2024-04-10,300975,1200,11.93,14316.00,B2
2024-04-10,601166,6500,15.72,102180.00,B2
2024-04-10,600309,700,87.42,61194.00,B2
2024-04-10,601857,5700,10.27,58539.00,B2
2024-04-11,000977,800,37.79,30232.00,B2
2024-04-11,300975,1200,10.21,12252.00,B2
2024-04-11,601166,6500,15.65,101725.00,B2
2024-04-11,600309,700,86.80,60760.00,B2
2024-04-11,601857,5700,10.23,58311.00,B2
2024-04-12,000977,800,37.85,30280.00,B2
2024-04-12,300975,1200,9.91,11892.00,B2
2024-04-12,601166,6500,15.49,100685.00,B2
2024-04-12,600309,700,86.11,60277.00,B2
2024-04-12,601857,5700,10.27,58539.00,B2
2024-04-15,000977,800,37.75,30200.00,B2
2024-04-15,300975,1200,9.43,11316.00,B2
2024-04-15,601166,6500,15.77,102505.00,B2
2024-04-15,600309,700,88.00,61600.00,B2
2024-04-15,601857,5700,10.67,60819.00,B2
2024-04-16,000977,800,36.67,29336.00,B2
2024-04-16,300975,1200,8.46,10152.00,B2
2024-04-16,601166,6500,15.93,103545.00,B2
2024-04-16,600309,700,87.00,60900.00,B2
2024-04-16,601857,5700,10.90,62130.00,B2
2024-04-17,600309,700,87.08,60956.00,B2
2024-04-17,601857,5700,10.93,62301.00,B2
2024-04-17,300760,100,272.56,27256.00,B2
2024-04-17,600019,7700,7.21,55517.00,B2
2024-04-17,601658,9900,4.86,48114.00,B2
2024-04-18,601857,5700,10.62,60534.00,B2
2024-04-18,300760,100,272.20,27220.00,B2
2024-04-18,600019,7700,7.29,56133.00,B2
2024-04-18,601658,9900,4.91,48609.00,B2
2024-04-18,601668,14200,5.38,76396.00,B2
2024-04-19,601857,5700,10.92,62244.00,B2
2024-04-19,300760,100,271.39,27139.00,B2
2024-04-19,600019,7700,7.36,56672.00,B2
2024-04-19,601658,9900,4.88,48312.00,B2
2024-04-19,601668,14200,5.36,76112.00,B2
2024-04-22,601857,5500,10.63,58465.00,B2
2024-04-22,300760,100,278.53,27853.00,B2
2024-04-22,600019,7700,7.28,56056.00,B2
2024-04-22,601658,9900,4.84,47916.00,B2
2024-04-22,601668,14200,5.36,76112.00,B2
2024-04-23,300760,100,284.50,28450.00,B2
2024-04-23,600019,7700,7.03,54131.00,B2
2024-04-23,601658,9900,4.85,48015.00,B2
2024-04-23,601668,14200,5.22,74124.00,B2
2024-04-23,002415,1800,32.60,58680.00,B2
2024-04-24,300760,100,285.85,28585.00,B2
2024-04-24,600019,7700,7.07,54439.00,B2
2024-04-24,601658,9900,4.81,47619.00,B2
2024-04-24,601668,14200,5.27,74834.00,B2
2024-04-24,002415,1800,32.51,58518.00,B2
2024-04-25,300760,100,285.10,28510.00,B2
2024-04-25,600019,7700,7.11,54747.00,B2
2024-04-25,601658,9900,4.84,47916.00,B2
2024-04-25,601668,14200,5.29,75118.00,B2
2024-04-25,002415,1800,32.64,58752.00,B2
2024-04-26,300760,100,288.80,28880.00,B2
2024-04-26,600019,7700,7.09,54593.00,B2
2024-04-26,601658,9900,4.74,46926.00,B2
2024-04-26,601668,14200,5.35,75970.00,B2
2024-04-26,002415,1800,32.87,59166.00,B2
2024-04-29,300760,100,302.11,30211.00,B2
2024-04-29,600019,7700,7.03,54131.00,B2
2024-04-29,601658,9900,4.74,46926.00,B2
2024-04-29,601668,14200,5.45,77390.00,B2
2024-04-29,002415,1800,33.26,59868.00,B2
2024-04-30,300760,100,304.59,30459.00,B2
2024-04-30,600019,7700,6.95,53515.00,B2
2024-04-30,601658,9900,4.80,47520.00,B2
2024-04-30,601668,14200,5.36,76112.00,B2
2024-04-30,002415,1800,33.11,59598.00,B2
2024-05-06,601668,14200,5.42,76964.00,B2
2024-05-06,002415,1800,33.76,60768.00,B2
2024-05-06,600570,900,21.21,19089.00,B2
2024-05-06,600887,2000,28.80,57600.00,B2
2024-05-06,601919,4000,12.02,48080.00,B2
2024-05-07,002415,1800,33.63,60534.00,B2
2024-05-07,600570,900,21.28,19152.00,B2
2024-05-07,600887,2000,28.35,56700.00,B2
2024-05-07,601919,4000,12.07,48280.00,B2
2024-05-07,601816,16100,5.16,83076.00,B2
2024-05-08,002415,1800,32.74,58932.00,B2
2024-05-08,600570,900,20.79,18711.00,B2
2024-05-08,600887,2000,28.23,56460.00,B2
2024-05-08,601919,4000,12.21,48840.00,B2
2024-05-08,601816,16100,5.13,82593.00,B2
2024-05-09,002415,1800,33.05,59490.00,B2
2024-05-09,600570,900,21.25,19125.00,B2
2024-05-09,600887,2000,28.22,56440.00,B2
2024-05-09,601919,4000,13.33,53320.00,B2
2024-05-09,601816,16100,5.15,82915.00,B2
2024-05-10,600570,900,21.09,18981.00,B2
2024-05-10,600887,2000,27.95,55900.00,B2
2024-05-10,601919,4000,13.35,53400.00,B2
2024-05-10,601816,16100,5.15,82915.00,B2
2024-05-10,300107,4500,12.44,55980.00,B2
2024-05-13,600570,900,20.83,18747.00,B2
2024-05-13,600887,2000,28.00,56000.00,B2
2024-05-13,601919,4000,14.07,56280.00,B2
2024-05-13,601816,16100,5.22,84042.00,B2
2024-05-13,300107,4500,12.73,57285.00,B2
2024-05-14,600570,900,20.93,18837.00,B2
2024-05-14,600887,2000,27.86,55720.00,B2
2024-05-14,601919,4000,13.96,55840.00,B2
2024-05-14,601816,16100,5.24,84364.00,B2
2024-05-14,300107,4500,12.05,54225.00,B2
2024-05-15,600570,900,20.56,18504.00,B2
2024-05-15,600887,2000,27.80,55600.00,B2
2024-05-15,601919,4000,14.28,57120.00,B2
2024-05-15,601816,16100,5.22,84042.00,B2
2024-05-15,300107,4500,11.89,53505.00,B2
2024-05-16,600570,900,20.91,18819.00,B2
2024-05-16,600887,2000,27.77,55540.00,B2
2024-05-16,601919,4000,14.10,56400.00,B2
2024-05-16,601816,16100,5.19,83559.00,B2
2024-05-16,300107,4500,13.00,58500.00,B2
2024-05-17,600570,900,21.26,19134.00,B2
2024-05-17,600887,2000,28.11,56220.00,B2
2024-05-17,601919,4000,14.06,56240.00,B2
2024-05-17,601816,16100,5.25,84525.00,B2
2024-05-17,300107,4500,13.00,58500.00,B2
2024-05-20,601816,16100,5.25,84525.00,B2
2024-05-20,300107,4500,12.97,58365.00,B2
2024-05-20,000002,3600,9.18,33048.00,B2
2024-05-20,600066,900,25.55,22995.00,B2
2024-05-20,601668,13900,5.80,80620.00,B2
2024-05-21,300107,4500,12.29,55305.00,B2
2024-05-21,000002,3600,9.19,33084.00,B2
2024-05-21,600066,900,25.87,23283.00,B2
2024-05-21,601668,13900,5.83,81037.00,B2
2024-05-21,603993,9600,8.42,80832.00,B2
2024-05-22,300107,4500,12.28,55260.00,B2
2024-05-22,000002,3600,9.40,33840.00,B2
2024-05-22,600066,900,24.37,21933.00,B2
2024-05-22,601668,13900,5.89,81871.00,B2
2024-05-22,603993,9600,8.21,78816.00,B2
2024-05-23,300107,4500,11.54,51930.00,B2
2024-05-23,000002,3600,9.56,34416.00,B2
2024-05-23,600066,900,24.54,22086.00,B2
2024-05-23,601668,13900,5.79,80481.00,B2
2024-05-23,603993,9600,8.17,78432.00,B2
2024-05-24,000002,3600,8.99,32364.00,B2
2024-05-24,600066,900,24.56,22104.00,B2
2024-05-24,601668,13900,5.70,79230.00,B2
2024-05-24,603993,9600,8.18,78528.00,B2
2024-05-24,300641,1800,31.77,57186.00,B2
2024-05-27,000002,3600,8.87,31932.00,B2
2024-05-27,600066,900,25.17,22653.00,B2
2024-05-27,601668,13900,5.75,79925.00,B2
2024-05-27,603993,9600,8.54,81984.00,B2
2024-05-27,300641,1800,32.82,59076.00,B2
2024-05-28,000002,3600,8.52,30672.00,B2
2024-05-28,600066,900,24.81,22329.00,B2
2024-05-28,601668,13900,5.68,78952.00,B2
2024-05-28,603993,9600,8.54,81984.00,B2
2024-05-28,300641,1800,27.16,48888.00,B2
2024-05-29,000002,3600,8.58,30888.00,B2
2024-05-29,600066,900,24.48,22032.00,B2
2024-05-29,601668,13900,5.70,79230.00,B2
2024-05-29,603993,9600,8.76,84096.00,B2
2024-05-29,300641,1800,25.77,46386.00,B2
2024-05-30,000002,3600,8.27,29772.00,B2
2024-05-30,600066,900,24.54,22086.00,B2
2024-05-30,601668,13900,5.65,78535.00,B2
2024-05-30,603993,9600,8.34,80064.00,B2
2024-05-30,300641,1800,24.02,43236.00,B2
2024-05-31,000002,3600,8.25,29700.00,B2
2024-05-31,600066,900,24.35,21915.00,B2
2024-05-31,601668,13900,5.63,78257.00,B2
2024-05-31,603993,9600,8.34,80064.00,B2
2024-05-31,300641,1800,24.79,44622.00,B2
2024-06-03,603993,9600,8.17,78432.00,B2
2024-06-03,300641,1800,22.77,40986.00,B2
2024-06-03,002155,300,18.50,5550.00,B2
2024-06-03,601020,500,15.27,7635.00,B2
2024-06-03,601985,3500,10.03,35105.00,B2
2024-06-04,300641,1800,25.86,46548.00,B2
2024-06-04,002155,300,19.21,5763.00,B2
2024-06-04,601020,500,15.25,7625.00,B2
2024-06-04,601985,3500,10.13,35455.00,B2
2024-06-04,600900,3000,27.48,82440.00,B2
2024-06-05,300641,1800,26.07,46926.00,B2
2024-06-05,002155,300,18.65,5595.00,B2
2024-06-05,601020,500,14.51,7255.00,B2
2024-06-05,601985,3500,10.17,35595.00,B2
2024-06-05,600900,3000,27.96,83880.00,B2
2024-06-06,300641,1800,26.65,47970.00,B2
2024-06-06,002155,300,18.89,5667.00,B2
2024-06-06,601020,500,15.00,7500.00,B2
2024-06-06,601985,3500,10.15,35525.00,B2
2024-06-06,600900,3000,28.03,84090.00,B2
2024-06-07,002155,300,18.35,5505.00,B2
2024-06-07,601020,500,14.06,7030.00,B2
2024-06-07,601985,3500,10.40,36400.00,B2
2024-06-07,600900,3000,28.31,84930.00,B2
2024-06-07,300552,1100,37.02,40722.00,B2
2024-06-11,002155,300,17.83,5349.00,B2
2024-06-11,601020,500,14.23,7115.00,B2
2024-06-11,601985,3500,10.28,35980.00,B2
2024-06-11,600900,3000,28.18,84540.00,B2
2024-06-11,300552,1100,36.94,40634.00,B2
2024-06-12,002155,300,17.92,5376.00,B2
2024-06-12,601020,500,14.59,7295.00,B2
2024-06-12,601985,3500,10.34,36190.00,B2
2024-06-12,600900,3000,28.38,85140.00,B2
2024-06-12,300552,1100,36.20,39820.00,B2
2024-06-13,002155,300,17.28,5184.00,B2
2024-06-13,601020,500,13.85,6925.00,B2
2024-06-13,601985,3500,10.43,36505.00,B2
2024-06-13,600900,3000,28.70,86100.00,B2
2024-06-13,300552,1100,35.47,39017.00,B2
2024-06-14,002155,300,17.28,5184.00,B2
2024-06-14,601020,500,14.08,7040.00,B2
2024-06-14,601985,3500,10.04,35140.00,B2
2024-06-14,600900,3000,27.90,83700.00,B2
2024-06-14,300552,1100,38.82,42702.00,B2
2024-06-17,002155,300,17.08,5124.00,B2
2024-06-17,601020,500,14.17,7085.00,B2
2024-06-17,601985,3500,10.03,35105.00,B2
2024-06-17,600900,3000,27.89,83670.00,B2
2024-06-17,300552,1100,39.45,43395.00,B2
2024-06-18,600900,3000,27.80,83400.00,B2
2024-06-18,300552,1100,45.03,49533.00,B2
2024-06-18,000021,500,16.05,8025.00,B2
2024-06-18,000858,100,133.89,13389.00,B2
2024-06-18,600028,3200,6.02,19264.00,B2
2024-06-19,300552,1100,44.16,48576.00,B2
2024-06-19,000021,500,16.13,8065.00,B2
2024-06-19,000858,100,134.22,13422.00,B2
2024-06-19,600028,3200,6.07,19424.00,B2
2024-06-19,002230,2100,43.04,90384.00,B2
2024-06-20,300552,1100,42.45,46695.00,B2
2024-06-20,000021,500,15.60,7800.00,B2
2024-06-20,000858,100,132.20,13220.00,B2
2024-06-20,600028,3200,6.17,19744.00,B2
2024-06-20,002230,2100,42.10,88410.00,B2
2024-06-21,300552,1100,42.74,47014.00,B2
2024-06-21,000021,500,15.28,7640.00,B2
2024-06-21,000858,100,130.20,13020.00,B2
2024-06-21,600028,3200,6.14,19648.00,B2
2024-06-21,002230,2100,42.73,89733.00,B2
2024-06-24,000021,500,14.80,7400.00,B2
2024-06-24,000858,100,131.03,13103.00,B2
2024-06-24,600028,3200,6.13,19616.00,B2
2024-06-24,002230,2100,41.48,87108.00,B2
2024-06-24,600809,200,219.14,43828.00,B2
2024-06-25,000021,500,14.29,7145.00,B2
2024-06-25,000858,100,131.51,13151.00,B2
2024-06-25,600028,3200,6.11,19552.00,B2
2024-06-25,002230,2100,41.51,87171.00,B2
2024-06-25,600809,200,218.77,43754.00,B2
2024-06-26,000021,500,14.72,7360.00,B2
2024-06-26,000858,100,131.30,13130.00,B2
2024-06-26,600028,3200,6.15,19680.00,B2
2024-06-26,002230,2100,44.76,93996.00,B2
2024-06-26,600809,200,218.05,43610.00,B2
2024-06-27,000021,500,14.63,7315.00,B2
2024-06-27,000858,100,129.65,12965.00,B2
2024-06-27,600028,3200,6.16,19712.00,B2
2024-06-27,002230,2100,43.14,90594.00,B2
2024-06-27,600809,200,216.01,43202.00,B2
2024-06-28,000021,500,15.12,7560.00,B2
2024-06-28,000858,100,128.04,12804.00,B2
2024-06-28,600028,3200,6.32,20224.00,B2
2024-06-28,002230,2100,42.95,90195.00,B2
2024-06-28,600809,200,210.88,42176.00,B2
2024-07-01,000021,500,14.98,7490.00,B2
2024-07-01,000858,100,128.30,12830.00,B2
2024-07-01,600028,3200,6.39,20448.00,B2
2024-07-01,002230,2100,43.49,91329.00,B2
2024-07-01,600809,200,207.06,41412.00,B2
2024-07-02,002230,2100,42.83,89943.00,B2
2024-07-02,600809,200,208.64,41728.00,B2
2024-07-02,003816,4700,4.79,22513.00,B2
2024-07-02,300319,1800,8.99,16182.00,B2
2024-07-02,600733,1300,8.88,11544.00,B2
2024-07-03,600809,200,203.41,40682.00,B2
2024-07-03,003816,4700,4.79,22513.00,B2
2024-07-03,300319,1800,8.77,15786.00,B2
2024-07-03,600733,1300,8.67,11271.00,B2
2024-07-03,600050,18200,4.77,86814.00,B2
2024-07-04,600809,200,201.35,40270.00,B2
2024-07-04,003816,4700,4.79,22513.00,B2
2024-07-04,300319,1800,8.70,15660.00,B2
2024-07-04,600733,1300,8.30,10790.00,B2
2024-07-04,600050,18200,4.72,85904.00,B2
2024-07-05,600809,200,193.50,38700.00,B2
2024-07-05,003816,4700,4.79,22513.00,B2
2024-07-05,300319,1800,9.21,16578.00,B2
2024-07-05,600733,1300,9.12,11856.00,B2
2024-07-05,600050,18200,4.72,85904.00,B2
2024-07-08,003816,4700,4.96,23312.00,B2
2024-07-08,300319,1800,9.79,17622.00,B2
2024-07-08,600733,1300,9.60,12480.00,B2
2024-07-08,600050,18200,4.72,85904.00,B2
2024-07-08,601288,8700,4.50,39150.00,B2
2024-07-09,003816,4700,5.04,23688.00,B2
2024-07-09,300319,1800,10.04,18072.00,B2
2024-07-09,600733,1300,9.63,12519.00,B2
2024-07-09,600050,18200,4.77,86814.00,B2
2024-07-09,601288,8700,4.53,39411.00,B2
2024-07-10,003816,4700,4.83,22701.00,B2
2024-07-10,300319,1800,9.95,17910.00,B2
2024-07-10,600733,1300,9.47,12311.00,B2
2024-07-10,600050,18200,4.73,86086.00,B2
2024-07-10,601288,8700,4.55,39585.00,B2
2024-07-11,003816,4700,4.89,22983.00,B2
2024-07-11,300319,1800,10.12,18216.00,B2
2024-07-11,600733,1300,9.41,12233.00,B2
2024-07-11,600050,18200,4.75,86450.00,B2
2024-07-11,601288,8700,4.51,39237.00,B2
2024-07-12,003816,4700,4.80,22560.00,B2
2024-07-12,300319,1800,9.88,17784.00,B2
2024-07-12,600733,1300,10.18,13234.00,B2
2024-07-12,600050,18200,4.78,86996.00,B2
2024-07-12,601288,8700,4.60,40020.00,B2
2024-07-15,003816,4700,4.91,23077.00,B2
2024-07-15,300319,1800,9.68,17424.00,B2
2024-07-15,600733,1300,10.00,13000.00,B2
2024-07-15,600050,18200,4.81,87542.00,B2
2024-07-15,601288,8700,4.72,41064.00,B2
2024-07-16,600733,800,10.39,8312.00,B2
2024-07-16,600050,18200,4.81,87542.00,B2
2024-07-16,601288,8700,4.71,40977.00,B2
2024-07-16,601398,4300,5.89,25327.00,B2
2024-07-16,688036,100,78.92,7892.00,B2
2024-07-17,600733,4200,10.43,43806.00,B2
2024-07-17,601288,8700,4.72,41064.00,B2
2024-07-17,601398,4300,5.91,25413.00,B2
2024-07-17,688036,100,80.91,8091.00,B2
2024-07-17,600418,3100,21.28,65968.00,B2
2024-07-18,601288,8700,4.72,41064.00,B2
2024-07-18,601398,4300,5.91,25413.00,B2
2024-07-18,688036,100,80.96,8096.00,B2
2024-07-18,600418,3100,21.10,65410.00,B2
2024-07-18,300274,600,71.40,42840.00,B2
2024-07-19,601288,8700,4.71,40977.00,B2
2024-07-19,601398,4300,5.91,25413.00,B2
2024-07-19,688036,100,82.58,8258.00,B2
2024-07-19,600418,3100,19.59,60729.00,B2
2024-07-19,300274,600,72.30,43380.00,B2
2024-07-22,601398,4300,5.84,25112.00,B2
2024-07-22,688036,100,79.58,7958.00,B2
2024-07-22,600418,3100,21.20,65720.00,B2
2024-07-22,300274,600,74.12,44472.00,B2
2024-07-22,300576,800,39.04,31232.00,B2
2024-07-23,601398,4300,6.01,25843.00,B2
2024-07-23,688036,100,76.92,7692.00,B2
2024-07-23,600418,3100,20.11,62341.00,B2
2024-07-23,300274,600,71.80,43080.00,B2
2024-07-23,300576,800,36.88,29504.00,B2
2024-07-24,601398,4300,6.06,26058.00,B2
2024-07-24,688036,100,75.92,7592.00,B2
2024-07-24,600418,3100,19.25,59675.00,B2
2024-07-24,300274,600,70.98,42588.00,B2
2024-07-24,300576,800,35.89,28712.00,B2
2024-07-25,601398,4300,6.06,26058.00,B2
2024-07-25,688036,100,78.98,7898.00,B2
2024-07-25,600418,3100,19.34,59954.00,B2
2024-07-25,300274,600,71.07,42642.00,B2
2024-07-25,300576,800,35.65,28520.00,B2
2024-07-26,601398,4300,5.93,25499.00,B2
2024-07-26,688036,100,79.12,7912.00,B2
2024-07-26,600418,3100,19.60,60760.00,B2
2024-07-26,300274,600,70.35,42210.00,B2
2024-07-26,300576,800,35.87,28696.00,B2
2024-07-29,601398,4300,5.98,25714.00,B2
2024-07-29,688036,100,79.01,7901.00,B2
2024-07-29,600418,3100,19.70,61070.00,B2
2024-07-29,300274,600,68.65,41190.00,B2
2024-07-29,300576,800,34.87,27896.00,B2
2024-07-30,600418,3100,18.94,58714.00,B2
2024-07-30,300274,600,68.05,40830.00,B2
2024-07-30,300576,800,35.31,28248.00,B2
2024-07-30,600926,1000,13.49,13490.00,B2
2024-07-30,601668,5100,5.64,28764.00,B2
2024-07-31,300274,600,68.83,41298.00,B2
2024-07-31,300576,800,36.60,29280.00,B2
2024-07-31,600926,1000,13.46,13460.00,B2
2024-07-31,601668,5100,5.58,28458.00,B2
2024-07-31,300760,200,257.11,51422.00,B2
2024-08-01,300576,800,37.22,29776.00,B2
2024-08-01,600926,1000,13.43,13430.00,B2
2024-08-01,601668,5100,5.62,28662.00,B2
2024-08-01,300760,200,255.23,51046.00,B2
2024-08-01,601985,4200,11.10,46620.00,B2
2024-08-02,300576,800,35.90,28720.00,B2
2024-08-02,600926,1000,13.36,13360.00,B2
2024-08-02,601668,5100,5.53,28203.00,B2
2024-08-02,300760,200,260.35,52070.00,B2
2024-08-02,601985,4200,10.96,46032.00,B2
2024-08-05,600926,1000,13.16,13160.00,B2
2024-08-05,601668,5100,5.46,27846.00,B2
2024-08-05,300760,200,260.60,52120.00,B2
2024-08-05,601985,4200,10.85,45570.00,B2
2024-08-05,002085,2500,14.88,37200.00,B2
2024-08-06,600926,1000,13.00,13000.00,B2
2024-08-06,601668,5100,5.43,27693.00,B2
2024-08-06,300760,200,261.29,52258.00,B2
2024-08-06,601985,4200,10.75,45150.00,B2
2024-08-06,002085,2500,14.09,35225.00,B2
2024-08-07,600926,1000,12.93,12930.00,B2
2024-08-07,601668,5100,5.41,27591.00,B2
2024-08-07,300760,200,263.10,52620.00,B2
2024-08-07,601985,4200,10.98,46116.00,B2
2024-08-07,002085,2500,13.55,33875.00,B2
2024-08-08,600926,1000,12.86,12860.00,B2
2024-08-08,601668,5100,5.45,27795.00,B2
2024-08-08,300760,200,264.00,52800.00,B2
2024-08-08,601985,4200,10.82,45444.00,B2
2024-08-08,002085,2500,13.01,32525.00,B2
2024-08-09,600926,1000,12.90,12900.00,B2
2024-08-09,601668,5100,5.51,28101.00,B2
2024-08-09,300760,200,259.78,51956.00,B2
2024-08-09,601985,4200,10.79,45318.00,B2
2024-08-09,002085,2500,13.11,32775.00,B2
2024-08-12,600926,1000,12.87,12870.00,B2
2024-08-12,601668,5100,5.50,28050.00,B2
2024-08-12,300760,200,262.00,52400.00,B2
2024-08-12,601985,4200,10.70,44940.00,B2
2024-08-12,002085,2500,12.72,31800.00,B2
2024-08-13,300760,200,256.18,51236.00,B2
2024-08-13,601985,4200,10.82,45444.00,B2
2024-08-13,002085,2500,12.74,31850.00,B2
2024-08-13,600101,3400,8.81,29954.00,B2
2024-08-13,600611,2000,9.28,18560.00,B2
2024-08-14,601985,4200,11.02,46284.00,B2
2024-08-14,002085,2500,12.52,31300.00,B2
2024-08-14,600101,3400,8.77,29818.00,B2
2024-08-14,600611,2000,9.35,18700.00,B2
2024-08-14,300139,3900,14.17,55263.00,B2
2024-08-15,002085,2500,12.46,31150.00,B2
2024-08-15,600101,3400,8.50,28900.00,B2
2024-08-15,600611,2000,9.21,18420.00,B2
2024-08-15,300139,3900,13.38,52182.00,B2
2024-08-15,601138,2300,20.66,47518.00,B2
2024-08-16,002085,2500,12.10,30250.00,B2
2024-08-16,600101,3400,8.14,27676.00,B2
2024-08-16,600611,2000,8.80,17600.00,B2
2024-08-16,300139,3900,12.44,48516.00,B2
2024-08-16,601138,2300,21.06,48438.00,B2
2024-08-19,600101,3400,7.98,27132.00,B2
2024-08-19,600611,2000,9.40,18800.00,B2
2024-08-19,300139,3900,13.99,54561.00,B2
2024-08-19,601138,2300,20.78,47794.00,B2
2024-08-19,002142,1600,20.27,32432.00,B2
2024-08-20,600101,3400,7.68,26112.00,B2
2024-08-20,600611,2000,9.21,18420.00,B2
2024-08-20,300139,3900,13.68,53352.00,B2
2024-08-20,601138,2300,20.65,47495.00,B2
2024-08-20,002142,1600,20.85,33360.00,B2
2024-08-21,600101,3400,7.55,25670.00,B2
2024-08-21,600611,2000,9.80,19600.00,B2
2024-08-21,300139,3900,13.57,52923.00,B2
2024-08-21,601138,2300,20.77,47771.00,B2
2024-08-21,002142,1600,20.61,32976.00,B2
2024-08-22,600101,3400,7.52,25568.00,B2
2024-08-22,600611,2000,10.00,20000.00,B2
2024-08-22,300139,3900,12.86,50154.00,B2
2024-08-22,601138,2300,20.39,46897.00,B2
2024-08-22,002142,1600,20.85,33360.00,B2
2024-08-23,600101,3400,7.32,24888.00,B2
2024-08-23,600611,2000,9.00,18000.00,B2
2024-08-23,300139,3900,12.86,50154.00,B2
2024-08-23,601138,2300,20.46,47058.00,B2
2024-08-23,002142,1600,21.01,33616.00,B2
2024-08-26,600101,3400,7.42,25228.00,B2
2024-08-26,600611,2000,9.06,18120.00,B2
2024-08-26,300139,3900,12.99,50661.00,B2
2024-08-26,601138,2300,20.12,46276.00,B2
2024-08-26,002142,1600,20.96,33536.00,B2
2024-08-27,300139,3900,12.66,49374.00,B2
2024-08-27,601138,2300,19.75,45425.00,B2
2024-08-27,002142,1600,20.81,33296.00,B2
2024-08-27,000333,300,65.99,19797.00,B2
2024-08-28,601138,2300,19.77,45471.00,B2
2024-08-28,002142,1600,20.50,32800.00,B2
2024-08-28,000333,300,64.93,19479.00,B2
2024-08-28,600028,4700,7.10,33370.00,B2
2024-08-28,601398,5400,6.49,35046.00,B2
2024-08-29,002142,1600,20.13,32208.00,B2
2024-08-29,000333,300,63.95,19185.00,B2
2024-08-29,600028,4700,6.87,32289.00,B2
2024-08-29,601398,5400,6.22,33588.00,B2
2024-08-29,601988,8700,4.91,42717.00,B2
2024-08-30,002142,1600,20.25,32400.00,B2
2024-08-30,000333,300,64.75,19425.00,B2
2024-08-30,600028,4700,6.81,32007.00,B2
2024-08-30,601398,5400,5.98,32292.00,B2
2024-08-30,601988,8700,4.79,41673.00,B2
2024-09-02,000333,300,65.23,19569.00,B2
2024-09-02,600028,4700,6.97,32759.00,B2
2024-09-02,601398,5400,5.94,32076.00,B2
2024-09-02,601988,8700,4.90,42630.00,B2
2024-09-02,601939,4900,7.48,36652.00,B2
2024-09-03,000333,300,65.97,19791.00,B2
2024-09-03,600028,4700,6.67,31349.00,B2
2024-09-03,601398,5400,5.76,31104.00,B2
2024-09-03,601988,8700,4.76,41412.00,B2
2024-09-03,601939,4900,7.32,35868.00,B2
2024-09-04,000333,300,65.48,19644.00,B2
2024-09-04,600028,4700,6.59,30973.00,B2
2024-09-04,601398,5400,5.71,30834.00,B2
2024-09-04,601988,8700,4.74,41238.00,B2
2024-09-04,601939,4900,7.30,35770.00,B2
2024-09-05,000333,300,63.59,19077.00,B2
2024-09-05,600028,4700,6.55,30785.00,B2
2024-09-05,601398,5400,5.63,30402.00,B2
2024-09-05,601988,8700,4.71,40977.00,B2
2024-09-05,601939,4900,7.20,35280.00,B2
2024-09-06,000333,300,63.02,18906.00,B2
2024-09-06,600028,4700,6.60,31020.00,B2
2024-09-06,601398,5400,5.64,30456.00,B2
2024-09-06,601988,8700,4.72,41064.00,B2
2024-09-06,601939,4900,7.18,35182.00,B2
2024-09-09,000333,300,61.09,18327.00,B2
2024-09-09,600028,4700,6.38,29986.00,B2
2024-09-09,601398,5400,5.61,30294.00,B2
2024-09-09,601988,8700,4.68,40716.00,B2
2024-09-09,601939,4900,7.12,34888.00,B2
2024-09-10,000333,300,60.75,18225.00,B2
2024-09-10,600028,4700,6.50,30550.00,B2
2024-09-10,601398,5400,5.67,30618.00,B2
2024-09-10,601988,8700,4.80,41760.00,B2
2024-09-10,601939,4900,7.30,35770.00,B2
2024-09-11,000333,400,61.66,24664.00,B2
2024-09-11,601988,8700,4.63,40281.00,B2
2024-09-11,601939,4900,7.12,34888.00,B2
2024-09-11,000538,600,52.37,31422.00,B2
2024-09-11,603259,500,38.54,19270.00,B2
2024-09-12,000333,500,62.37,31185.00,B2
2024-09-12,601939,4900,7.09,34741.00,B2
2024-09-12,000538,600,50.71,30426.00,B2
2024-09-12,603259,500,39.76,19880.00,B2
2024-09-12,600900,1400,27.86,39004.00,B2
2024-09-13,601939,4900,7.12,34888.00,B2
2024-09-13,000538,600,50.61,30366.00,B2
2024-09-13,603259,500,39.82,19910.00,B2
2024-09-13,600900,1400,28.30,39620.00,B2
2024-09-13,002466,1400,25.82,36148.00,B2
2024-09-18,000538,600,50.46,30276.00,B2
2024-09-18,603259,500,40.02,20010.00,B2
2024-09-18,600900,1400,28.32,39648.00,B2
2024-09-18,002466,1400,25.32,35448.00,B2
2024-09-18,300502,100,99.57,9957.00,B2
2024-09-19,000538,600,50.61,30366.00,B2
2024-09-19,603259,500,40.68,20340.00,B2
2024-09-19,600900,1400,28.33,39662.00,B2
2024-09-19,002466,1400,25.43,35602.00,B2
2024-09-19,300502,100,97.86,9786.00,B2
2024-09-20,000538,600,50.21,30126.00,B2
2024-09-20,603259,500,40.58,20290.00,B2
2024-09-20,600900,1400,28.15,39410.00,B2
2024-09-20,002466,1400,24.94,34916.00,B2
2024-09-20,300502,100,95.76,9576.00,B2
2024-09-23,000538,600,50.22,30132.00,B2
2024-09-23,603259,500,41.75,20875.00,B2
2024-09-23,600900,1400,28.20,39480.00,B2
2024-09-23,002466,1400,24.93,34902.00,B2
2024-09-23,300502,100,95.25,9525.00,B2
2024-09-24,000538,600,51.66,30996.00,B2
2024-09-24,603259,500,42.50,21250.00,B2
2024-09-24,600900,1400,28.76,40264.00,B2
2024-09-24,002466,1400,27.42,38388.00,B2
2024-09-24,300502,100,105.30,10530.00,B2
2024-09-25,000538,600,52.70,31620.00,B2
2024-09-25,603259,500,42.71,21355.00,B2
2024-09-25,600900,1400,28.93,40502.00,B2
2024-09-25,002466,1400,28.09,39326.00,B2
2024-09-25,300502,100,104.65,10465.00,B2
2024-09-26,000538,600,54.31,32586.00,B2
2024-09-26,603259,500,43.27,21635.00,B2
2024-09-26,600900,1400,29.13,40782.00,B2
2024-09-26,002466,1400,29.09,40726.00,B2
2024-09-26,300502,100,109.97,10997.00,B2
2024-09-27,600900,1400,28.99,40586.00,B2
2024-09-27,002466,1400,32.00,44800.00,B2
2024-09-27,300502,100,112.36,11236.00,B2
2024-09-27,000001,2700,11.42,30834.00,B2
2024-09-27,601166,1600,18.34,29344.00,B2
2024-09-30,002466,1400,35.20,49280.00,B2
2024-09-30,300502,100,129.97,12997.00,B2
2024-09-30,000001,2700,12.21,32967.00,B2
2024-09-30,601166,1600,19.27,30832.00,B2
2024-09-30,000063,1200,31.15,37380.00,B2
2024-10-08,300502,100,155.96,15596.00,B2
2024-10-08,000001,2700,12.88,34776.00,B2
2024-10-08,601166,1600,20.01,32016.00,B2
2024-10-08,000063,1200,34.27,41124.00,B2
2024-10-08,002352,700,44.65,31255.00,B2
2024-10-09,000001,2700,11.68,31536.00,B2
2024-10-09,601166,1600,18.61,29776.00,B2
2024-10-09,000063,1200,32.05,38460.00,B2
2024-10-09,002352,700,41.05,28735.00,B2
2024-10-09,300347,500,67.83,33915.00,B2
2024-10-10,000001,2700,11.98,32346.00,B2
2024-10-10,601166,1600,19.40,31040.00,B2
2024-10-10,000063,1200,31.65,37980.00,B2
2024-10-10,002352,700,41.65,29155.00,B2
2024-10-10,300347,500,67.04,33520.00,B2
2024-10-11,000001,2700,11.72,31644.00,B2
2024-10-11,601166,1600,19.00,30400.00,B2
2024-10-11,000063,1200,29.84,35808.00,B2
2024-10-11,002352,700,41.73,29211.00,B2
2024-10-11,300347,500,63.02,31510.00,B2
2024-10-14,000001,2700,12.02,32454.00,B2
2024-10-14,601166,1600,19.66,31456.00,B2
2024-10-14,000063,1200,30.41,36492.00,B2
2024-10-14,002352,700,43.48,30436.00,B2
2024-10-14,300347,500,63.82,31910.00,B2
2024-10-15,000001,2700,11.90,32130.00,B2
2024-10-15,601166,1600,19.35,30960.00,B2
2024-10-15,000063,1200,29.98,35976.00,B2
2024-10-15,002352,700,42.48,29736.00,B2
2024-10-15,300347,500,61.38,30690.00,B2
2024-10-16,000001,2700,12.06,32562.00,B2
2024-10-16,601166,1600,19.96,31936.00,B2
2024-10-16,000063,1200,29.44,35328.00,B2
2024-10-16,002352,700,42.36,29652.00,B2
2024-10-16,300347,500,60.01,30005.00,B2
2024-10-17,000001,2700,11.95,32265.00,B2
2024-10-17,601166,1600,19.57,31312.00,B2
2024-10-17,000063,1200,29.45,35340.00,B2
2024-10-17,002352,700,41.96,29372.00,B2
2024-10-17,300347,500,59.72,29860.00,B2
2024-10-18,000063,1200,30.88,37056.00,B2
2024-10-18,002352,700,42.52,29764.00,B2
2024-10-18,300347,500,64.00,32000.00,B2
2024-10-18,300290,1700,22.14,37638.00,B2
2024-10-18,300337,2400,17.61,42264.00,B2
2024-10-21,002352,700,42.30,29610.00,B2
2024-10-21,300347,500,65.91,32955.00,B2
2024-10-21,300290,1700,24.02,40834.00,B2
2024-10-21,300337,2400,18.39,44136.00,B2
2024-10-21,300563,600,60.30,36180.00,B2
2024-10-22,300347,500,67.91,33955.00,B2
2024-10-22,300290,1700,21.86,37162.00,B2
2024-10-22,300337,2400,17.00,40800.00,B2
2024-10-22,300563,600,61.88,37128.00,B2
2024-10-22,300757,100,207.00,20700.00,B2
2024-10-23,300290,1700,21.41,36397.00,B2
2024-10-23,300337,2400,15.58,37392.00,B2
2024-10-23,300563,600,58.13,34878.00,B2
2024-10-23,300757,100,204.44,20444.00,B2
2024-10-23,300184,4000,11.94,47760.00,B2
2024-10-24,300290,1700,22.27,37859.00,B2
2024-10-24,300337,2400,16.16,38784.00,B2
2024-10-24,300563,600,59.35,35610.00,B2
2024-10-24,300757,100,200.98,20098.00,B2
2024-10-24,300184,4000,12.46,49840.00,B2
2024-10-25,300290,1700,23.94,40698.00,B2
2024-10-25,300337,2400,16.66,39984.00,B2
2024-10-25,300563,600,55.70,33420.00,B2
2024-10-25,300757,100,200.46,20046.00,B2
2024-10-25,300184,4000,12.20,48800.00,B2
2024-10-28,300290,1700,26.96,45832.00,B2
2024-10-28,300337,2400,16.38,39312.00,B2
2024-10-28,300563,600,55.57,33342.00,B2
2024-10-28,300757,100,199.59,19959.00,B2
2024-10-28,300184,4000,13.12,52480.00,B2
2024-10-29,300290,1700,25.99,44183.00,B2
2024-10-29,300337,2400,19.66,47184.00,B2
2024-10-29,300563,600,55.18,33108.00,B2
2024-10-29,300757,100,205.00,20500.00,B2
2024-10-29,300184,4000,12.90,51600.00,B2
2024-10-30,300290,1700,26.77,45509.00,B2
2024-10-30,300337,2400,19.65,47160.00,B2
2024-10-30,300563,600,59.30,35580.00,B2
2024-10-30,300757,100,213.00,21300.00,B2
2024-10-30,300184,4000,13.45,53800.00,B2
2024-10-31,300290,1700,26.14,44438.00,B2
2024-10-31,300337,2400,18.88,45312.00,B2
2024-10-31,300563,600,57.03,34218.00,B2
2024-10-31,300757,100,206.90,20690.00,B2
2024-10-31,300184,4000,13.19,52760.00,B2
2024-11-01,300563,600,50.45,30270.00,B2
2024-11-01,300757,100,196.60,19660.00,B2
2024-11-01,300184,4000,11.08,44320.00,B2
2024-11-01,000099,1400,24.46,34244.00,B2
2024-11-01,002384,1300,31.50,40950.00,B2
2024-11-04,300757,100,204.98,20498.00,B2
2024-11-04,300184,4000,11.13,44520.00,B2
2024-11-04,000099,1400,24.82,34748.00,B2
2024-11-04,002384,1300,31.99,41587.00,B2
2024-11-04,002607,12400,3.19,39556.00,B2
2024-11-05,300184,4000,11.89,47560.00,B2
2024-11-05,000099,1400,27.30,38220.00,B2
2024-11-05,002384,1300,35.19,45747.00,B2
2024-11-05,002607,12400,3.29,40796.00,B2
2024-11-05,600733,2000,8.81,17620.00,B2
2024-11-06,000099,1400,30.03,42042.00,B2
2024-11-06,002384,1300,34.35,44655.00,B2
2024-11-06,002607,12400,3.21,39804.00,B2
2024-11-06,600733,2000,9.69,19380.00,B2
2024-11-06,002156,1200,34.73,41676.00,B2
2024-11-07,000099,1400,30.67,42938.00,B2
2024-11-07,002384,1300,33.35,43355.00,B2
2024-11-07,002607,12400,3.53,43772.00,B2
2024-11-07,600733,2000,9.76,19520.00,B2
2024-11-07,002156,1200,33.84,40608.00,B2
2024-11-08,000099,1400,33.10,46340.00,B2
2024-11-08,002384,1300,30.65,39845.00,B2
2024-11-08,002607,12400,3.53,43772.00,B2
2024-11-08,600733,2000,9.69,19380.00,B2
2024-11-08,002156,1200,33.52,40224.00,B2
2024-11-11,000099,1400,31.98,44772.00,B2
2024-11-11,002384,1300,31.09,40417.00,B2
2024-11-11,002607,12400,3.67,45508.00,B2
2024-11-11,600733,2000,10.30,20600.00,B2
2024-11-11,002156,1200,36.87,44244.00,B2
2024-11-12,000099,1400,30.07,42098.00,B2
2024-11-12,002384,1300,29.70,38610.00,B2
2024-11-12,002607,12400,3.62,44888.00,B2
2024-11-12,600733,2000,9.90,19800.00,B2
2024-11-12,002156,1200,36.60,43920.00,B2
2024-11-13,000099,1400,29.96,41944.00,B2
2024-11-13,002384,1300,30.02,39026.00,B2
2024-11-13,002607,12400,3.56,44144.00,B2
2024-11-13,600733,2000,9.66,19320.00,B2
2024-11-13,002156,1200,33.91,40692.00,B2
2024-11-14,000099,1400,27.91,39074.00,B2
2024-11-14,002384,1300,30.64,39832.00,B2
2024-11-14,002607,12400,3.47,43028.00,B2
2024-11-14,600733,2000,9.16,18320.00,B2
2024-11-14,002156,1200,34.59,41508.00,B2
2024-11-15,002607,12400,3.49,43276.00,B2
2024-11-15,600733,2000,8.77,17540.00,B2
2024-11-15,002156,1200,31.16,37392.00,B2
2024-11-15,002230,700,53.07,37149.00,B2
2024-11-15,002241,1600,26.42,42272.00,B2
2024-11-18,600733,2000,8.44,16880.00,B2
2024-11-18,002156,1200,29.70,35640.00,B2
2024-11-18,002230,700,48.35,33845.00,B2
2024-11-18,002241,1600,24.58,39328.00,B2
2024-11-19,002156,1200,31.13,37356.00,B2
2024-11-19,002230,700,47.76,33432.00,B2
2024-11-19,002241,1600,24.41,39056.00,B2
2024-11-19,601288,6700,4.75,31825.00,B2
2024-11-19,601398,5300,6.15,32595.00,B2
2024-11-20,002230,700,49.15,34405.00,B2
2024-11-20,002241,1600,25.16,40256.00,B2
2024-11-20,601288,6700,4.77,31959.00,B2
2024-11-20,601398,5300,6.14,32542.00,B2
2024-11-20,600418,900,40.30,36270.00,B2
2024-11-21,002230,700,50.05,35035.00,B2
2024-11-21,002241,1600,24.81,39696.00,B2
2024-11-21,601288,6700,4.77,31959.00,B2
2024-11-21,601398,5300,6.13,32489.00,B2
2024-11-21,600418,900,41.22,37098.00,B2
2024-11-22,002230,700,48.92,34244.00,B2
2024-11-22,002241,1600,24.66,39456.00,B2
2024-11-22,601288,6700,4.70,31490.00,B2
2024-11-22,601398,5300,6.05,32065.00,B2
2024-11-22,600418,900,38.85,34965.00,B2
2024-11-25,002230,700,48.79,34153.00,B2
2024-11-25,002241,1600,23.45,37520.00,B2
2024-11-25,601288,6700,4.73,31691.00,B2
2024-11-25,601398,5300,6.07,32171.00,B2
2024-11-25,600418,900,38.91,35019.00,B2
2024-11-26,002230,700,47.04,32928.00,B2
2024-11-26,002241,1600,23.06,36896.00,B2
2024-11-26,601288,6700,4.81,32227.00,B2
2024-11-26,601398,5300,6.16,32648.00,B2
2024-11-26,600418,900,37.19,33471.00,B2
2024-11-27,002230,700,48.48,33936.00,B2
2024-11-27,002241,1600,24.99,39984.00,B2
2024-11-27,601288,6700,4.83,32361.00,B2
2024-11-27,601398,5300,6.20,32860.00,B2
2024-11-27,600418,900,34.89,31401.00,B2
2024-11-28,002230,700,47.82,33474.00,B2
2024-11-28,002241,1600,24.84,39744.00,B2
2024-11-28,601288,6700,4.85,32495.00,B2
2024-11-28,601398,5300,6.19,32807.00,B2
2024-11-28,600418,900,33.70,30330.00,B2
2024-11-29,601288,6700,4.81,32227.00,B2
2024-11-29,601398,5300,6.15,32595.00,B2
2024-11-29,600418,900,35.11,31599.00,B2
2024-11-29,002131,9400,3.67,34498.00,B2
2024-11-29,300364,1400,30.38,42532.00,B2
2024-12-02,601288,6700,4.82,32294.00,B2
2024-12-02,601398,5300,6.13,32489.00,B2
2024-12-02,600418,900,36.16,32544.00,B2
2024-12-02,002131,9400,4.04,37976.00,B2
2024-12-02,300364,1400,30.73,43022.00,B2
2024-12-03,600418,900,34.85,31365.00,B2
2024-12-03,002131,9400,4.44,41736.00,B2
2024-12-03,300364,1400,29.49,41286.00,B2
2024-12-03,300377,500,37.13,18565.00,B2
2024-12-03,600601,9700,4.51,43747.00,B2
2024-12-04,002131,9400,4.88,45872.00,B2
2024-12-04,300364,1400,28.20,39480.00,B2
2024-12-04,300377,500,37.38,18690.00,B2
2024-12-04,600601,9700,4.38,42486.00,B2
2024-12-04,600843,2100,15.60,32760.00,B2
2024-12-05,002131,9400,5.37,50478.00,B2
2024-12-05,300364,1400,30.17,42238.00,B2
2024-12-05,300377,500,36.64,18320.00,B2
2024-12-05,600601,9700,4.52,43844.00,B2
2024-12-05,600843,2100,15.71,32991.00,B2
2024-12-06,002131,9400,5.69,53486.00,B2
2024-12-06,300364,1400,31.19,43666.00,B2
2024-12-06,300377,500,35.46,17730.00,B2
2024-12-06,600601,9700,4.46,43262.00,B2
2024-12-06,600843,2100,15.08,31668.00,B2
2024-12-09,002131,9400,5.12,48128.00,B2
2024-12-09,300364,1400,30.63,42882.00,B2
2024-12-09,300377,500,35.00,17500.00,B2
2024-12-09,600601,9700,4.48,43456.00,B2
2024-12-09,600843,2100,14.99,31479.00,B2
2024-12-10,002131,9400,4.61,43334.00,B2
2024-12-10,300364,1400,30.80,43120.00,B2
2024-12-10,300377,500,35.34,17670.00,B2
2024-12-10,600601,9700,4.48,43456.00,B2
2024-12-10,600843,2100,15.13,31773.00,B2
2024-12-11,002131,9400,4.15,39010.00,B2
2024-12-11,300364,1400,31.30,43820.00,B2
2024-12-11,300377,500,33.73,16865.00,B2
2024-12-11,600601,9700,4.63,44911.00,B2
2024-12-11,600843,2100,15.84,33264.00,B2
2024-12-12,002131,9400,4.26,40044.00,B2
2024-12-12,300364,1400,30.77,43078.00,B2
2024-12-12,300377,500,35.90,17950.00,B2
2024-12-12,600601,9700,4.52,43844.00,B2
2024-12-12,600843,2100,15.67,32907.00,B2
2024-12-13,300377,500,33.42,16710.00,B2
2024-12-13,600601,9700,4.33,42001.00,B2
2024-12-13,600843,2100,14.76,30996.00,B2
2024-12-13,300063,1100,13.36,14696.00,B2
2024-12-13,600887,2100,29.25,61425.00,B2
2024-12-16,300377,500,31.61,15805.00,B2
2024-12-16,600601,9700,4.27,41419.00,B2
2024-12-16,600843,2100,14.46,30366.00,B2
2024-12-16,300063,1100,12.91,14201.00,B2
2024-12-16,600887,2100,29.20,61320.00,B2
2024-12-17,600843,2100,13.44,28224.00,B2
2024-12-17,300063,1100,11.76,12936.00,B2
2024-12-17,600887,2100,29.61,62181.00,B2
2024-12-17,002281,800,47.86,38288.00,B2
2024-12-17,300296,2700,7.10,19170.00,B2
2024-12-18,300063,1100,11.79,12969.00,B2
2024-12-18,600887,2100,29.61,62181.00,B2
2024-12-18,002281,800,47.46,37968.00,B2
2024-12-18,300296,2700,7.80,21060.00,B2
2024-12-18,601919,2000,14.98,29960.00,B2
2024-12-19,300063,1100,11.78,12958.00,B2
2024-12-19,600887,2100,29.37,61677.00,B2
2024-12-19,002281,800,52.21,41768.00,B2
2024-12-19,300296,2700,7.59,20493.00,B2
2024-12-19,601919,2000,14.80,29600.00,B2
2024-12-20,300063,1100,11.70,12870.00,B2
2024-12-20,600887,2100,29.20,61320.00,B2
2024-12-20,002281,800,57.43,45944.00,B2
2024-12-20,300296,2700,7.90,21330.00,B2
2024-12-20,601919,2000,14.48,28960.00,B2
2024-12-23,300063,1100,10.53,11583.00,B2
2024-12-23,600887,2100,29.60,62160.00,B2
2024-12-23,002281,800,56.61,45288.00,B2
2024-12-23,300296,2700,7.24,19548.00,B2
2024-12-23,601919,2000,14.69,29380.00,B2
2024-12-24,300063,1100,10.32,11352.00,B2
2024-12-24,600887,2100,30.10,63210.00,B2
2024-12-24,002281,800,56.30,45040.00,B2
2024-12-24,300296,2700,7.25,19575.00,B2
2024-12-24,601919,2000,15.07,30140.00,B2
2024-12-25,300063,1100,9.78,10758.00,B2
2024-12-25,600887,2100,29.93,62853.00,B2
2024-12-25,002281,800,56.80,45440.00,B2
2024-12-25,300296,2700,6.96,18792.00,B2
2024-12-25,601919,2000,15.05,30100.00,B2
2024-12-26,300063,1100,10.28,11308.00,B2
2024-12-26,600887,2100,29.97,62937.00,B2
2024-12-26,002281,800,59.45,47560.00,B2
2024-12-26,300296,2700,7.04,19008.00,B2
2024-12-26,601919,2000,15.10,30200.00,B2
2024-12-27,002281,800,56.00,44800.00,B2
2024-12-27,300296,2700,7.25,19575.00,B2
2024-12-27,601919,2000,15.20,30400.00,B2
2024-12-27,601398,7200,6.92,49824.00,B2
2024-12-27,603083,400,45.23,18092.00,B2
2024-12-30,002281,800,55.49,44392.00,B2
2024-12-30,300296,2700,7.01,18927.00,B2
2024-12-30,601919,2000,15.70,31400.00,B2
2024-12-30,601398,7200,6.95,50040.00,B2
2024-12-30,603083,400,42.60,17040.00,B2
2024-12-31,601919,2000,15.50,31000.00,B2
2024-12-31,601398,7200,6.92,49824.00,B2
2024-12-31,603083,400,40.60,16240.00,B2
2024-12-31,300394,100,91.36,9136.00,B2
2024-12-31,600584,1000,40.86,40860.00,B2
2025-01-02,601398,7200,6.80,48960.00,B2
2025-01-02,603083,400,38.96,15584.00,B2
2025-01-02,300394,100,89.75,8975.00,B2
2025-01-02,600584,1000,38.23,38230.00,B2
2025-01-02,601988,7600,5.37,40812.00,B2
2025-01-03,601398,7200,6.71,48312.00,B2
2025-01-03,603083,400,37.00,14800.00,B2
2025-01-03,300394,100,87.10,8710.00,B2
2025-01-03,600584,1000,36.36,36360.00,B2
2025-01-03,601988,7600,5.35,40660.00,B2
2025-01-06,601398,7200,6.75,48600.00,B2
2025-01-06,603083,400,40.70,16280.00,B2
2025-01-06,300394,100,88.67,8867.00,B2
2025-01-06,600584,1000,35.66,35660.00,B2
2025-01-06,601988,7600,5.39,40964.00,B2
2025-01-07,601398,7200,6.69,48168.00,B2
2025-01-07,603083,400,40.71,16284.00,B2
2025-01-07,300394,100,95.07,9507.00,B2
2025-01-07,600584,1000,37.37,37370.00,B2
2025-01-07,601988,7600,5.46,41496.00,B2
2025-01-08,601398,7200,6.76,48672.00,B2
2025-01-08,603083,400,39.88,15952.00,B2
2025-01-08,300394,100,94.05,9405.00,B2
2025-01-08,600584,1000,36.96,36960.00,B2
2025-01-08,601988,7600,5.52,41952.00,B2
2025-01-09,601398,7200,6.71,48312.00,B2
2025-01-09,603083,400,39.80,15920.00,B2
2025-01-09,300394,100,93.09,9309.00,B2
2025-01-09,600584,1000,37.69,37690.00,B2
2025-01-09,601988,7600,5.46,41496.00,B2
2025-01-10,601398,7200,6.67,48024.00,B2
2025-01-10,603083,400,37.85,15140.00,B2
2025-01-10,300394,100,88.50,8850.00,B2
2025-01-10,600584,1000,40.08,40080.00,B2
2025-01-10,601988,7600,5.45,41420.00,B2
2025-01-13,300394,100,86.69,8669.00,B2
2025-01-13,600584,1000,38.90,38900.00,B2
2025-01-13,601988,7600,5.35,40660.00,B2
2025-01-13,002131,7700,3.34,25718.00,B2
2025-01-14,300394,100,89.98,8998.00,B2
2025-01-14,600584,1000,40.60,40600.00,B2
2025-01-14,601988,7600,5.43,41268.00,B2
2025-01-14,002131,7700,3.67,28259.00,B2
2025-01-15,601988,7600,5.45,41420.00,B2
2025-01-15,002131,7700,4.04,31108.00,B2
2025-01-15,000831,1900,29.23,55537.00,B2
2025-01-15,002681,3100,7.11,22041.00,B2
2025-01-15,603893,100,134.67,13467.00,B2
2025-01-16,002131,7700,4.11,31647.00,B2
2025-01-16,000831,1900,29.08,55252.00,B2
2025-01-16,002681,3100,6.90,21390.00,B2
2025-01-16,603893,100,126.74,12674.00,B2
2025-01-16,300493,1400,30.61,42854.00,B2
2025-01-17,002131,7700,3.83,29491.00,B2
2025-01-17,000831,1900,29.41,55879.00,B2
2025-01-17,002681,3100,7.04,21824.00,B2
2025-01-17,603893,100,139.41,13941.00,B2
2025-01-17,300493,1400,31.60,44240.00,B2
2025-01-20,002131,7700,3.80,29260.00,B2
2025-01-20,000831,1900,28.59,54321.00,B2
2025-01-20,002681,3100,7.51,23281.00,B2
2025-01-20,603893,100,144.00,14400.00,B2
2025-01-20,300493,1400,33.11,46354.00,B2
2025-01-21,002131,7700,3.63,27951.00,B2
2025-01-21,000831,1900,28.20,53580.00,B2
2025-01-21,002681,3100,7.47,23157.00,B2
2025-01-21,603893,100,158.13,15813.00,B2
2025-01-21,300493,1400,34.06,47684.00,B2
2025-01-22,002131,7700,3.82,29414.00,B2
2025-01-22,000831,1900,28.06,53314.00,B2
2025-01-22,002681,3100,7.25,22475.00,B2
2025-01-22,603893,100,153.43,15343.00,B2
2025-01-22,300493,1400,32.75,45850.00,B2
2025-01-23,002131,7700,3.67,28259.00,B2
2025-01-23,000831,1900,28.20,53580.00,B2
2025-01-23,002681,3100,7.05,21855.00,B2
2025-01-23,603893,100,151.16,15116.00,B2
2025-01-23,300493,1400,31.72,44408.00,B2
2025-01-24,002131,7700,3.70,28490.00,B2
2025-01-24,000831,1900,28.25,53675.00,B2
2025-01-24,002681,3100,7.11,22041.00,B2
2025-01-24,603893,100,157.26,15726.00,B2
2025-01-24,300493,1400,32.91,46074.00,B2
2025-01-27,000831,1900,27.59,52421.00,B2
2025-01-27,002681,3100,6.69,20739.00,B2
2025-01-27,603893,100,164.50,16450.00,B2
2025-01-27,300493,1400,30.66,42924.00,B2
2025-01-27,300718,500,54.09,27045.00,B2
2025-02-05,000831,1900,28.57,54283.00,B2
2025-02-05,002681,3100,7.27,22537.00,B2
2025-02-05,603893,100,169.56,16956.00,B2
2025-02-05,300493,1400,27.00,37800.00,B2
2025-02-05,300718,500,53.89,26945.00,B2
2025-02-06,603893,100,186.52,18652.00,B2
2025-02-06,300493,1400,28.79,40306.00,B2
2025-02-06,300718,500,64.67,32335.00,B2
2025-02-06,300418,800,42.80,34240.00,B2
2025-02-06,300442,600,62.08,37248.00,B2
2025-02-07,300718,500,69.85,34925.00,B2
2025-02-07,300418,800,42.93,34344.00,B2
2025-02-07,300442,600,62.01,37206.00,B2
2025-02-07,300017,2100,13.34,28014.00,B2
2025-02-07,600580,1300,26.54,34502.00,B2
2025-02-10,300718,500,68.00,34000.00,B2
2025-02-10,300418,800,43.28,34624.00,B2
2025-02-10,300442,600,61.29,36774.00,B2
2025-02-10,300017,2100,13.48,28308.00,B2
2025-02-10,600580,1300,27.11,35243.00,B2
2025-02-11,300718,500,72.50,36250.00,B2
2025-02-11,300418,800,41.40,33120.00,B2
2025-02-11,300442,600,58.05,34830.00,B2
2025-02-11,300017,2100,13.74,28854.00,B2
2025-02-11,600580,1300,27.21,35373.00,B2
2025-02-12,300718,500,71.78,35890.00,B2
2025-02-12,300418,800,42.11,33688.00,B2
2025-02-12,300442,600,58.99,35394.00,B2
2025-02-12,300017,2100,13.94,29274.00,B2
2025-02-12,600580,1300,27.98,36374.00,B2
2025-02-13,300718,500,67.85,33925.00,B2
2025-02-13,300418,800,41.15,32920.00,B2
2025-02-13,300442,600,56.61,33966.00,B2
2025-02-13,300017,2100,13.32,27972.00,B2
2025-02-13,600580,1300,25.38,32994.00,B2
2025-02-14,300718,500,64.67,32335.00,B2
2025-02-14,300418,800,43.21,34568.00,B2
2025-02-14,300442,600,57.20,34320.00,B2
2025-02-14,300017,2100,13.87,29127.00,B2
2025-02-14,600580,1300,24.80,32240.00,B2
2025-02-17,300718,500,77.60,38800.00,B2
2025-02-17,300418,800,43.24,34592.00,B2
2025-02-17,300442,600,60.16,36096.00,B2
2025-02-17,300017,2100,13.98,29358.00,B2
2025-02-17,600580,1300,26.47,34411.00,B2
2025-02-18,300418,800,42.47,33976.00,B2
2025-02-18,300442,600,55.34,33204.00,B2
2025-02-18,300017,2100,13.17,27657.00,B2
2025-02-18,600580,1300,26.60,34580.00,B2
2025-02-18,000938,1100,29.19,32109.00,B2
2025-02-19,300418,800,42.70,34160.00,B2
2025-02-19,300442,600,56.18,33708.00,B2
2025-02-19,300017,2100,13.35,28035.00,B2
2025-02-19,600580,1300,28.61,37193.00,B2
2025-02-19,000938,1100,29.89,32879.00,B2
2025-02-20,300017,2100,13.41,28161.00,B2
2025-02-20,600580,1300,27.90,36270.00,B2
2025-02-20,000938,1100,29.47,32417.00,B2
2025-02-20,300718,100,107.00,10700.00,B2
2025-02-20,603501,300,152.99,45897.00,B2
2025-02-21,000938,1100,32.42,35662.00,B2
2025-02-21,300718,100,108.10,10810.00,B2
2025-02-21,603501,300,157.98,47394.00,B2
2025-02-21,002747,1700,23.54,40018.00,B2
2025-02-21,600498,1500,28.66,42990.00,B2
2025-02-24,000938,1100,33.00,36300.00,B2
2025-02-24,300718,100,101.10,10110.00,B2
2025-02-24,603501,300,150.00,45000.00,B2
2025-02-24,002747,1700,24.98,42466.00,B2
2025-02-24,600498,1500,27.97,41955.00,B2
2025-02-25,000938,1100,33.12,36432.00,B2
2025-02-25,300718,100,107.50,10750.00,B2
2025-02-25,603501,300,147.20,44160.00,B2
2025-02-25,002747,1700,24.44,41548.00,B2
2025-02-25,600498,1500,26.10,39150.00,B2
2025-02-26,000938,1100,32.97,36267.00,B2
2025-02-26,300718,100,106.67,10667.00,B2
2025-02-26,603501,300,148.49,44547.00,B2
2025-02-26,002747,1700,25.60,43520.00,B2
2025-02-26,600498,1500,25.76,38640.00,B2
2025-02-27,000938,1100,31.67,34837.00,B2
2025-02-27,300718,100,101.51,10151.00,B2
2025-02-27,603501,300,147.90,44370.00,B2
2025-02-27,002747,1700,27.48,46716.00,B2
2025-02-27,600498,1500,25.33,37995.00,B2
2025-02-28,000938,1100,29.56,32516.00,B2
2025-02-28,300718,100,92.90,9290.00,B2
2025-02-28,603501,300,141.80,42540.00,B2
2025-02-28,002747,1700,24.73,42041.00,B2
2025-02-28,600498,1500,24.50,36750.00,B2
2025-03-03,000938,1100,29.20,32120.00,B2
2025-03-03,300718,100,95.00,9500.00,B2
2025-03-03,603501,300,142.68,42804.00,B2
2025-03-03,002747,1700,23.02,39134.00,B2
2025-03-03,600498,1500,24.06,36090.00,B2
2025-03-04,300718,100,105.00,10500.00,B2
2025-03-04,603501,300,143.40,43020.00,B2
2025-03-04,002747,1700,23.62,40154.00,B2
2025-03-04,600498,1500,24.05,36075.00,B2
2025-03-04,688525,600,73.17,43902.00,B2
2025-03-05,300718,100,108.38,10838.00,B2
2025-03-05,603501,300,145.08,43524.00,B2
2025-03-05,002747,1700,24.47,41599.00,B2
2025-03-05,600498,1500,24.85,37275.00,B2
2025-03-05,688525,600,73.47,44082.00,B2
2025-03-06,002747,1700,25.05,42585.00,B2
2025-03-06,600498,1500,25.61,38415.00,B2
2025-03-06,688525,600,73.35,44010.00,B2
2025-03-06,300458,100,61.50,6150.00,B2
2025-03-06,300476,500,58.21,29105.00,B2
2025-03-07,688525,600,76.99,46194.00,B2
2025-03-07,300458,100,59.50,5950.00,B2
2025-03-07,300476,500,59.55,29775.00,B2
2025-03-07,002155,2400,22.38,53712.00,B2
2025-03-07,688521,200,90.60,18120.00,B2
2025-03-10,688525,600,78.14,46884.00,B2
2025-03-10,300458,100,60.05,6005.00,B2
2025-03-10,300476,500,64.66,32330.00,B2
2025-03-10,002155,2400,21.88,52512.00,B2
2025-03-10,688521,200,90.17,18034.00,B2
2025-03-11,688525,600,77.22,46332.00,B2
2025-03-11,300458,100,59.35,5935.00,B2
2025-03-11,300476,500,69.89,34945.00,B2
2025-03-11,002155,2400,23.52,56448.00,B2
2025-03-11,688521,200,92.36,18472.00,B2
2025-03-12,688525,600,75.11,45066.00,B2
2025-03-12,300458,100,60.81,6081.00,B2
2025-03-12,300476,500,69.84,34920.00,B2
2025-03-12,002155,2400,23.99,57576.00,B2
2025-03-12,688521,200,90.48,18096.00,B2
2025-03-13,688525,600,72.39,43434.00,B2
2025-03-13,300458,100,56.64,5664.00,B2
2025-03-13,300476,500,71.74,35870.00,B2
2025-03-13,002155,2400,23.75,57000.00,B2
2025-03-13,688521,200,84.80,16960.00,B2
2025-03-14,688525,600,77.30,46380.00,B2
2025-03-14,300458,100,58.28,5828.00,B2
2025-03-14,300476,500,82.00,41000.00,B2
2025-03-14,002155,2400,23.65,56760.00,B2
2025-03-14,688521,200,86.71,17342.00,B2
2025-03-17,688525,600,79.58,47748.00,B2
2025-03-17,300458,100,58.50,5850.00,B2
2025-03-17,300476,500,92.14,46070.00,B2
2025-03-17,002155,2400,23.93,57432.00,B2
2025-03-17,688521,200,91.19,18238.00,B2
2025-03-18,300458,100,59.06,5906.00,B2
2025-03-18,300476,500,91.51,45755.00,B2
2025-03-18,002155,2400,24.37,58488.00,B2
2025-03-18,688521,200,94.41,18882.00,B2
2025-03-18,601899,2000,17.76,35520.00,B2
2025-03-19,300458,100,59.69,5969.00,B2
2025-03-19,300476,500,85.10,42550.00,B2
2025-03-19,002155,2400,24.56,58944.00,B2
2025-03-19,688521,200,90.81,18162.00,B2
2025-03-19,601899,2000,18.05,36100.00,B2
2025-03-20,300476,100,84.70,8470.00,B2
2025-03-20,002155,2400,24.30,58320.00,B2
2025-03-20,688521,200,97.54,19508.00,B2
2025-03-20,601899,2000,18.17,36340.00,B2
2025-03-20,000333,400,75.17,30068.00,B2
2025-03-21,300476,400,85.16,34064.00,B2
2025-03-21,601899,2000,17.57,35140.00,B2
2025-03-21,000333,400,75.28,30112.00,B2
2025-03-21,300100,400,65.70,26280.00,B2
2025-03-21,600797,2700,14.15,38205.00,B2
2025-03-24,601899,2000,18.05,36100.00,B2
2025-03-24,000333,400,76.06,30424.00,B2
2025-03-24,300100,400,71.03,28412.00,B2
2025-03-24,600797,2700,12.74,34398.00,B2
2025-03-24,002553,1600,23.09,36944.00,B2
2025-03-25,601899,2000,18.40,36800.00,B2
2025-03-25,000333,400,76.86,30744.00,B2
2025-03-25,300100,400,62.31,24924.00,B2
2025-03-25,600797,2700,11.47,30969.00,B2
2025-03-25,002553,1600,25.40,40640.00,B2
2025-03-26,601899,2000,18.20,36400.00,B2
2025-03-26,000333,400,76.79,30716.00,B2
2025-03-26,300100,400,63.20,25280.00,B2
2025-03-26,600797,2700,11.20,30240.00,B2
2025-03-26,002553,1600,27.94,44704.00,B2
2025-03-27,601899,2000,17.86,35720.00,B2
2025-03-27,000333,400,76.50,30600.00,B2
2025-03-27,300100,400,63.20,25280.00,B2
2025-03-27,600797,2700,10.65,28755.00,B2
2025-03-27,002553,1600,25.15,40240.00,B2
2025-03-28,601899,2000,18.16,36320.00,B2
2025-03-28,000333,400,76.87,30748.00,B2
2025-03-28,300100,400,60.81,24324.00,B2
2025-03-28,600797,2700,10.62,28674.00,B2
2025-03-28,002553,1600,22.64,36224.00,B2
2025-03-31,601899,2000,18.12,36240.00,B2
2025-03-31,000333,400,78.50,31400.00,B2
2025-03-31,300100,400,60.30,24120.00,B2
2025-03-31,600797,2700,11.33,30591.00,B2
2025-03-31,002553,1600,20.38,32608.00,B2
2025-04-01,000333,400,75.39,30156.00,B2
2025-04-01,300100,400,61.48,24592.00,B2
2025-04-01,600797,2700,10.86,29322.00,B2
2025-04-01,002553,1600,20.99,33584.00,B2
2025-04-01,600418,1300,36.26,47138.00,B2
2025-04-02,000333,400,75.96,30384.00,B2
2025-04-02,300100,400,65.80,26320.00,B2
2025-04-02,600797,2700,10.73,28971.00,B2
2025-04-02,002553,1600,20.36,32576.00,B2
2025-04-02,600418,1300,35.53,46189.00,B2
2025-04-03,300100,400,62.50,25000.00,B2
2025-04-03,600797,2700,10.49,28323.00,B2
2025-04-03,002553,1600,19.00,30400.00,B2
2025-04-03,600418,1300,35.47,46111.00,B2
2025-04-03,300760,100,225.27,22527.00,B2
2025-04-07,002553,1600,17.10,27360.00,B2
2025-04-07,600418,1300,31.92,41496.00,B2
2025-04-07,300760,100,211.59,21159.00,B2
2025-04-07,002475,500,31.88,15940.00,B2
2025-04-07,601288,11000,5.03,55330.00,B2
2025-04-08,600418,1300,30.67,39871.00,B2
2025-04-08,300760,100,214.11,21411.00,B2
2025-04-08,002475,500,29.00,14500.00,B2
2025-04-08,601288,11000,5.11,56210.00,B2
2025-04-09,600418,1300,30.67,39871.00,B2
2025-04-09,300760,100,213.76,21376.00,B2
2025-04-09,002475,500,28.68,14340.00,B2
2025-04-09,601288,11000,5.08,55880.00,B2
2025-04-10,600418,1300,31.82,41366.00,B2
2025-04-10,300760,100,215.85,21585.00,B2
2025-04-10,002475,500,30.73,15365.00,B2
2025-04-10,601288,11000,5.08,55880.00,B2
2025-04-10,603501,200,123.00,24600.00,B2
2025-04-11,600418,1300,32.47,42211.00,B2
2025-04-11,300760,100,214.90,21490.00,B2
2025-04-11,002475,500,32.18,16090.00,B2
2025-04-11,601288,11000,5.13,56430.00,B2
2025-04-11,603501,200,129.00,25800.00,B2
2025-04-14,600418,1300,34.53,44889.00,B2
2025-04-14,300760,100,214.71,21471.00,B2
2025-04-14,002475,500,32.20,16100.00,B2
2025-04-14,601288,11000,5.18,56980.00,B2
2025-04-14,603501,200,126.62,25324.00,B2
2025-04-15,600418,1300,33.70,43810.00,B2
2025-04-15,300760,100,214.15,21415.00,B2
2025-04-15,002475,500,30.81,15405.00,B2
2025-04-15,601288,11000,5.30,58300.00,B2
2025-04-15,603501,200,123.76,24752.00,B2
2025-04-16,300760,100,213.26,21326.00,B2
2025-04-16,002475,500,29.59,14795.00,B2
2025-04-16,601288,11000,5.37,59070.00,B2
2025-04-16,603501,200,124.22,24844.00,B2
2025-04-16,600171,1300,36.72,47736.00,B2
2025-04-17,300760,100,221.66,22166.00,B2
2025-04-17,002475,500,29.46,14730.00,B2
2025-04-17,601288,11000,5.37,59070.00,B2
2025-04-17,603501,200,122.40,24480.00,B2
2025-04-17,600171,1300,38.42,49946.00,B2
2025-04-18,002475,500,29.95,14975.00,B2
2025-04-18,601288,11000,5.42,59620.00,B2
2025-04-18,603501,200,122.28,24456.00,B2
2025-04-18,600171,1300,36.51,47463.00,B2
2025-04-18,002155,600,23.92,14352.00,B2
2025-04-21,603501,200,124.73,24946.00,B2
2025-04-21,600171,1300,36.58,47554.00,B2
2025-04-21,002155,600,26.31,15786.00,B2
2025-04-21,002261,1300,30.20,39260.00,B2
2025-04-21,600988,1400,31.00,43400.00,B2
2025-04-22,603501,200,122.75,24550.00,B2
2025-04-22,600171,1300,36.91,47983.00,B2
2025-04-22,002155,600,25.64,15384.00,B2
2025-04-22,002261,1300,28.74,37362.00,B2
2025-04-22,600988,1400,31.30,43820.00,B2
2025-04-23,603501,200,123.82,24764.00,B2
2025-04-23,600171,1300,36.86,47918.00,B2
2025-04-23,002155,600,23.59,14154.00,B2
2025-04-23,002261,1300,28.81,37453.00,B2
2025-04-23,600988,1400,28.17,39438.00,B2
2025-04-24,600171,1300,35.79,46527.00,B2
2025-04-24,002155,600,23.23,13938.00,B2
2025-04-24,002261,1300,27.66,35958.00,B2
2025-04-24,600988,1400,27.65,38710.00,B2
2025-04-24,300773,900,24.61,22149.00,B2
2025-04-25,600171,1300,36.08,46904.00,B2
2025-04-25,002155,600,22.78,13668.00,B2
2025-04-25,002261,1300,30.43,39559.00,B2
2025-04-25,600988,1400,27.10,37940.00,B2
2025-04-25,300773,900,23.28,20952.00,B2
2025-04-28,600171,1300,34.83,45279.00,B2
2025-04-28,002155,600,22.49,13494.00,B2
2025-04-28,002261,1300,31.40,40820.00,B2
2025-04-28,600988,1400,26.68,37352.00,B2
2025-04-28,300773,900,23.21,20889.00,B2
2025-04-29,600171,1300,34.87,45331.00,B2
2025-04-29,002155,600,22.35,13410.00,B2
2025-04-29,002261,1300,31.98,41574.00,B2
2025-04-29,600988,1400,26.53,37142.00,B2
2025-04-29,300773,900,21.96,19764.00,B2
2025-04-30,002155,600,22.38,13428.00,B2
2025-04-30,002261,1300,33.30,43290.00,B2
2025-04-30,600988,1400,26.27,36778.00,B2
2025-04-30,300773,900,21.21,19089.00,B2
2025-04-30,300766,1300,40.06,52078.00,B2
2025-05-06,002155,600,23.65,14190.00,B2
2025-05-06,002261,1300,35.18,45734.00,B2
2025-05-06,600988,1400,27.24,38136.00,B2
2025-05-06,300773,900,21.95,19755.00,B2
2025-05-06,300766,1300,41.00,53300.00,B2
2025-05-07,002261,1300,34.10,44330.00,B2
2025-05-07,600988,1400,27.44,38416.00,B2
2025-05-07,300773,900,21.34,19206.00,B2
2025-05-07,300766,1300,39.99,51987.00,B2
2025-05-07,600839,1200,11.08,13296.00,B2
2025-05-08,300773,900,22.01,19809.00,B2
2025-05-08,300766,1300,39.26,51038.00,B2
2025-05-08,600839,1200,10.96,13152.00,B2
2025-05-08,000158,2100,24.42,51282.00,B2
2025-05-08,300548,600,50.20,30120.00,B2
2025-05-09,300773,900,21.17,19053.00,B2
2025-05-09,300766,1300,38.11,49543.00,B2
2025-05-09,600839,1200,10.98,13176.00,B2
2025-05-09,000158,2100,24.86,52206.00,B2
2025-05-09,300548,600,49.30,29580.00,B2
2025-05-12,300773,900,21.18,19062.00,B2
2025-05-12,300766,1300,39.01,50713.00,B2
2025-05-12,600839,1200,11.04,13248.00,B2
2025-05-12,000158,2100,25.70,53970.00,B2
2025-05-12,300548,600,50.19,30114.00,B2
2025-05-13,300766,1300,38.22,49686.00,B2
2025-05-13,600839,1200,10.91,13092.00,B2
2025-05-13,000158,2100,25.12,52752.00,B2
2025-05-13,300548,600,48.60,29160.00,B2
2025-05-13,002130,1000,20.97,20970.00,B2
2025-05-14,300766,1300,39.22,50986.00,B2
2025-05-14,600839,1200,10.95,13140.00,B2
2025-05-14,000158,2100,25.90,54390.00,B2
2025-05-14,300548,600,52.11,31266.00,B2
2025-05-14,002130,1000,21.14,21140.00,B2
2025-05-15,300766,1300,39.28,51064.00,B2
2025-05-15,600839,1200,10.53,12636.00,B2
2025-05-15,000158,2100,24.57,51597.00,B2
2025-05-15,300548,600,50.63,30378.00,B2
2025-05-15,002130,1000,20.03,20030.00,B2
2025-05-16,300766,1300,40.93,53209.00,B2
2025-05-16,600839,1200,10.52,12624.00,B2
2025-05-16,000158,2100,24.48,51408.00,B2
2025-05-16,300548,600,50.65,30390.00,B2
2025-05-16,002130,1000,20.07,20070.00,B2
2025-05-19,600839,1200,10.51,12612.00,B2
2025-05-19,000158,2100,24.14,50694.00,B2
2025-05-19,300548,600,49.25,29550.00,B2
2025-05-19,002130,1000,20.04,20040.00,B2
2025-05-19,601919,3100,16.26,50406.00,B2
2025-05-20,600839,1200,10.56,12672.00,B2
2025-05-20,000158,2100,23.73,49833.00,B2
2025-05-20,300548,600,48.14,28884.00,B2
2025-05-20,002130,1000,19.89,19890.00,B2
2025-05-20,601919,3100,16.35,50685.00,B2
2025-05-21,000158,2100,23.84,50064.00,B2
2025-05-21,300548,600,47.50,28500.00,B2
2025-05-21,002130,1000,19.95,19950.00,B2
2025-05-21,601919,3100,16.62,51522.00,B2
2025-05-21,300963,300,28.71,8613.00,B2
2025-05-22,002130,1000,19.49,19490.00,B2
2025-05-22,601919,3100,16.71,51801.00,B2
2025-05-22,300963,300,28.18,8454.00,B2
2025-05-22,300750,100,270.37,27037.00,B2
2025-05-23,002130,1000,19.13,19130.00,B2
2025-05-23,601919,3100,16.56,51336.00,B2
2025-05-23,300963,300,33.82,10146.00,B2
2025-05-23,300750,100,266.99,26699.00,B2
2025-05-23,600418,1200,40.81,48972.00,B2
2025-05-26,002130,1000,19.79,19790.00,B2
2025-05-26,601919,3100,16.52,51212.00,B2
2025-05-26,300963,300,34.42,10326.00,B2
2025-05-26,300750,100,255.90,25590.00,B2
2025-05-26,600418,1200,40.77,48924.00,B2
2025-05-27,601919,3100,16.10,49910.00,B2
2025-05-27,300963,300,34.87,10461.00,B2
2025-05-27,300750,100,253.99,25399.00,B2
2025-05-27,600418,1200,40.42,48504.00,B2
2025-05-28,601919,3100,16.27,50437.00,B2
2025-05-28,300963,300,35.71,10713.00,B2
2025-05-28,300750,100,253.60,25360.00,B2
2025-05-28,600418,1200,38.14,45768.00,B2
2025-05-29,601919,3100,16.38,50778.00,B2
2025-05-29,300963,300,34.13,10239.00,B2
2025-05-29,300750,100,251.85,25185.00,B2
2025-05-29,600418,1200,39.33,47196.00,B2
2025-05-29,601229,2100,10.59,22239.00,B2
2025-05-30,601919,3100,16.39,50809.00,B2
2025-05-30,300963,300,29.20,8760.00,B2
2025-05-30,300750,100,250.00,25000.00,B2
2025-05-30,600418,1200,38.30,45960.00,B2
2025-05-30,601229,2100,10.58,22218.00,B2
2025-06-03,300963,300,30.15,9045.00,B2
2025-06-03,300750,100,251.15,25115.00,B2
2025-06-03,600418,1200,35.35,42420.00,B2
2025-06-03,601229,2100,11.02,23142.00,B2
2025-06-03,300468,2100,27.41,57561.00,B2
2025-06-04,300963,300,30.50,9150.00,B2
2025-06-04,300750,100,251.05,25105.00,B2
2025-06-04,600418,1200,34.84,41808.00,B2
2025-06-04,601229,2100,10.84,22764.00,B2
2025-06-04,300468,2100,26.91,56511.00,B2
2025-06-05,300750,100,251.50,25150.00,B2
2025-06-05,600418,1200,35.00,42000.00,B2
2025-06-05,601229,2100,10.70,22470.00,B2
2025-06-05,300468,2100,29.80,62580.00,B2
2025-06-05,002639,1400,13.06,18284.00,B2
2025-06-06,600418,1200,35.04,42048.00,B2
2025-06-06,601229,2100,10.64,22344.00,B2
2025-06-06,300468,2100,27.55,57855.00,B2
2025-06-06,002639,1400,12.90,18060.00,B2
2025-06-06,002916,200,91.88,18376.00,B2
2025-06-09,601229,2100,10.64,22344.00,B2
2025-06-09,300468,2100,27.80,58380.00,B2
2025-06-09,002639,1400,13.09,18326.00,B2
2025-06-09,002916,200,94.56,18912.00,B2
2025-06-09,300255,1000,52.09,52090.00,B2
2025-06-10,601229,2100,10.63,22323.00,B2
2025-06-10,300468,2100,28.30,59430.00,B2
2025-06-10,002639,1400,12.07,16898.00,B2
2025-06-10,002916,200,94.40,18880.00,B2
2025-06-10,300255,1000,50.45,50450.00,B2
2025-06-11,601229,2100,10.67,22407.00,B2
2025-06-11,300468,2100,29.59,62139.00,B2
2025-06-11,002639,1400,11.23,15722.00,B2
2025-06-11,002916,200,93.96,18792.00,B2
2025-06-11,300255,1000,50.55,50550.00,B2
2025-06-12,601229,2100,10.58,22218.00,B2
2025-06-12,300468,2100,29.09,61089.00,B2
2025-06-12,002639,1400,11.40,15960.00,B2
2025-06-12,002916,200,95.95,19190.00,B2
2025-06-12,300255,1000,52.42,52420.00,B2
2025-06-13,300468,2100,30.57,64197.00,B2
2025-06-13,002639,1400,11.02,15428.00,B2
2025-06-13,002916,200,95.50,19100.00,B2
2025-06-13,300255,1000,50.75,50750.00,B2
2025-06-13,002734,900,20.64,18576.00,B2
2025-06-16,300468,2100,36.68,77028.00,B2
2025-06-16,002639,1400,11.26,15764.00,B2
2025-06-16,002916,200,98.95,19790.00,B2
2025-06-16,300255,1000,52.13,52130.00,B2
2025-06-16,002734,900,22.70,20430.00,B2
2025-06-17,002639,1400,11.83,16562.00,B2
2025-06-17,002916,200,96.78,19356.00,B2
2025-06-17,300255,1000,52.79,52790.00,B2
2025-06-17,002734,900,22.49,20241.00,B2
2025-06-17,300085,1600,38.90,62240.00,B2
2025-06-18,002639,1400,11.28,15792.00,B2
2025-06-18,002916,200,103.60,20720.00,B2
2025-06-18,300255,1000,60.50,60500.00,B2
2025-06-18,002734,900,22.50,20250.00,B2
2025-06-18,300085,1600,37.80,60480.00,B2
2025-06-19,002916,200,102.57,20514.00,B2
2025-06-19,300255,1000,48.40,48400.00,B2
2025-06-19,002734,900,20.25,18225.00,B2
2025-06-19,300085,1600,36.76,58816.00,B2
2025-06-20,300255,1000,49.25,49250.00,B2
2025-06-20,002734,900,18.23,16407.00,B2
2025-06-20,300085,1600,37.20,59520.00,B2
2025-06-20,600415,800,18.94,15152.00,B2
2025-06-20,601857,3200,9.16,29312.00,B2
2025-06-23,002734,900,18.85,16965.00,B2
2025-06-23,300085,1600,38.52,61632.00,B2
2025-06-23,600415,800,19.35,15480.00,B2
2025-06-23,601857,3200,9.09,29088.00,B2
2025-06-23,601328,5900,8.06,47554.00,B2
2025-06-24,002734,900,19.14,17226.00,B2
2025-06-24,300085,1600,40.45,64720.00,B2
2025-06-24,600415,800,20.70,16560.00,B2
2025-06-24,601857,3200,8.96,28672.00,B2
2025-06-24,601328,5900,8.19,48321.00,B2
2025-06-25,002734,900,18.08,16272.00,B2
2025-06-25,300085,1600,46.89,75024.00,B2
2025-06-25,600415,800,21.91,17528.00,B2
2025-06-25,601857,3200,8.69,27808.00,B2
2025-06-25,601328,5900,8.32,49088.00,B2
2025-06-26,002734,900,18.04,16236.00,B2
2025-06-26,300085,1600,44.44,71104.00,B2
2025-06-26,600415,800,21.73,17384.00,B2
2025-06-26,601857,3200,8.74,27968.00,B2
2025-06-26,601328,5900,8.31,49029.00,B2
2025-06-27,300085,1600,44.80,71680.00,B2
2025-06-27,600415,800,19.58,15664.00,B2
2025-06-27,601857,3200,8.62,27584.00,B2
2025-06-27,601328,5900,8.04,47436.00,B2
2025-06-27,002074,200,32.31,6462.00,B2
2025-06-30,300085,1600,44.06,70496.00,B2
2025-06-30,600415,800,20.68,16544.00,B2
2025-06-30,601857,3200,8.55,27360.00,B2
2025-06-30,601328,5900,8.00,47200.00,B2
2025-06-30,002074,200,32.46,6492.00,B2
2025-07-01,600415,800,19.43,15544.00,B2
2025-07-01,601857,3200,8.64,27648.00,B2
2025-07-01,601328,5900,8.10,47790.00,B2
2025-07-01,002074,200,31.73,6346.00,B2
2025-07-01,600967,3700,19.31,71447.00,B2
2025-07-02,600415,800,18.78,15024.00,B2
2025-07-02,601857,3200,8.60,27520.00,B2
2025-07-02,601328,5900,8.11,47849.00,B2
2025-07-02,002074,200,31.12,6224.00,B2
2025-07-02,600967,3700,17.38,64306.00,B2
2025-07-03,600415,800,18.65,14920.00,B2
2025-07-03,601857,3200,8.55,27360.00,B2
2025-07-03,601328,5900,8.07,47613.00,B2
2025-07-03,002074,200,31.18,6236.00,B2
2025-07-03,600967,3700,17.03,63011.00,B2
2025-07-04,601328,5900,8.22,48498.00,B2
2025-07-04,002074,200,30.64,6128.00,B2
2025-07-04,600967,3700,16.84,62308.00,B2
2025-07-04,000063,1300,32.32,42016.00,B2
2025-07-04,002987,300,23.30,6990.00,B2
2025-07-07,002074,200,30.43,6086.00,B2
2025-07-07,600967,3700,17.82,65934.00,B2
2025-07-07,000063,1300,31.89,41457.00,B2
2025-07-07,002987,300,25.63,7689.00,B2
2025-07-07,603228,1100,45.95,50545.00,B2
2025-07-08,002074,200,30.33,6066.00,B2
2025-07-08,600967,3700,17.41,64417.00,B2
2025-07-08,000063,1300,32.72,42536.00,B2
2025-07-08,002987,300,25.18,7554.00,B2
2025-07-08,603228,1100,50.55,55605.00,B2
2025-07-09,002074,200,30.04,6008.00,B2
2025-07-09,600967,3700,17.77,65749.00,B2
2025-07-09,000063,1300,32.86,42718.00,B2
2025-07-09,002987,300,26.72,8016.00,B2
2025-07-09,603228,1100,50.27,55297.00,B2
2025-07-10,002074,200,29.91,5982.00,B2
2025-07-10,600967,3700,18.04,66748.00,B2
2025-07-10,000063,1300,33.12,43056.00,B2
2025-07-10,002987,300,24.82,7446.00,B2
2025-07-10,603228,1100,49.65,54615.00,B2
2025-07-11,600967,3700,17.91,66267.00,B2
2025-07-11,000063,1300,33.44,43472.00,B2
2025-07-11,002987,300,24.60,7380.00,B2
2025-07-11,603228,1100,47.90,52690.00,B2
2025-07-14,600967,3700,18.06,66822.00,B2
2025-07-14,000063,1300,33.19,43147.00,B2
2025-07-14,002987,300,22.61,6783.00,B2
2025-07-14,603228,1100,48.51,53361.00,B2
2025-07-14,002602,100,12.77,1277.00,B2
2025-07-15,000063,1300,33.50,43550.00,B2
2025-07-15,002987,300,22.10,6630.00,B2
2025-07-15,603228,1100,50.84,55924.00,B2
2025-07-15,002602,100,13.01,1301.00,B2
2025-07-15,600744,7600,8.25,62700.00,B2
2025-07-16,000063,1300,33.24,43212.00,B2
2025-07-16,002987,300,22.31,6693.00,B2
2025-07-16,603228,1100,49.53,54483.00,B2
2025-07-16,002602,100,12.36,1236.00,B2
2025-07-16,600744,7600,8.30,63080.00,B2
2025-07-17,000063,1300,34.53,44889.00,B2
2025-07-17,002987,300,22.06,6618.00,B2
2025-07-17,603228,1100,53.20,58520.00,B2
2025-07-17,002602,100,11.77,1177.00,B2
2025-07-17,600744,7600,8.12,61712.00,B2
2025-07-18,603228,1100,53.43,58773.00,B2
2025-07-18,002602,100,11.18,1118.00,B2
2025-07-18,600744,7600,8.02,60952.00,B2
2025-07-18,601689,700,48.95,34265.00,B2
2025-07-21,002602,100,11.74,1174.00,B2
2025-07-21,600744,7600,7.72,58672.00,B2
2025-07-21,601689,700,49.16,34412.00,B2
2025-07-21,002126,1800,28.20,50760.00,B2
2025-07-21,300502,100,178.26,17826.00,B2
2025-07-22,002602,100,12.33,1233.00,B2
2025-07-22,600744,7600,7.44,56544.00,B2
2025-07-22,601689,700,48.40,33880.00,B2
2025-07-22,002126,1800,28.20,50760.00,B2
2025-07-22,300502,100,176.71,17671.00,B2
2025-07-23,002602,100,12.85,1285.00,B2
2025-07-23,600744,7600,7.45,56620.00,B2
2025-07-23,601689,700,48.12,33684.00,B2
2025-07-23,002126,1800,28.97,52146.00,B2
2025-07-23,300502,100,174.20,17420.00,B2
2025-07-24,002602,100,12.87,1287.00,B2
2025-07-24,600744,7600,7.37,56012.00,B2
2025-07-24,601689,700,48.90,34230.00,B2
2025-07-24,002126,1800,29.94,53892.00,B2
2025-07-24,300502,100,172.80,17280.00,B2
2025-07-25,002602,100,12.54,1254.00,B2
2025-07-25,600744,7600,7.27,55252.00,B2
2025-07-25,601689,700,47.16,33012.00,B2
2025-07-25,002126,1800,29.86,53748.00,B2
2025-07-25,300502,100,172.97,17297.00,B2
2025-07-28,600744,7600,7.18,54568.00,B2
2025-07-28,601689,700,47.66,33362.00,B2
2025-07-28,002126,1800,29.67,53406.00,B2
2025-07-28,300502,100,177.80,17780.00,B2
2025-07-29,601689,700,47.59,33313.00,B2
2025-07-29,002126,1800,30.13,54234.00,B2
2025-07-29,300502,100,193.39,19339.00,B2
2025-07-29,000625,3200,13.27,42464.00,B2
2025-07-29,000657,900,19.00,17100.00,B2
2025-07-30,601689,700,46.56,32592.00,B2
2025-07-30,002126,1800,28.84,51912.00,B2
2025-07-30,300502,100,190.35,19035.00,B2
2025-07-30,000625,3200,13.22,42304.00,B2
2025-07-30,000657,900,17.10,15390.00,B2
2025-07-31,601689,700,46.04,32228.00,B2
2025-07-31,002126,1800,28.97,52146.00,B2
2025-07-31,300502,100,189.21,18921.00,B2
2025-07-31,000625,3200,12.86,41152.00,B2
2025-07-31,000657,900,16.11,14499.00,B2
2025-08-01,002126,1800,28.77,51786.00,B2
2025-08-01,300502,100,183.12,18312.00,B2
2025-08-01,000625,3200,12.82,41024.00,B2
2025-08-01,000657,900,15.84,14256.00,B2
2025-08-01,000333,500,70.79,35395.00,B2
2025-08-04,000625,3200,12.91,41312.00,B2
2025-08-04,000657,900,15.76,14184.00,B2
2025-08-04,000333,500,70.94,35470.00,B2
2025-08-04,002317,1100,20.79,22869.00,B2
2025-08-04,300661,700,76.12,53284.00,B2
2025-08-05,000625,3200,12.92,41344.00,B2
2025-08-05,000657,900,15.79,14211.00,B2
2025-08-05,000333,500,71.38,35690.00,B2
2025-08-05,002317,1100,20.80,22880.00,B2
2025-08-05,300661,700,75.70,52990.00,B2
2025-08-06,000625,3200,12.91,41312.00,B2
2025-08-06,000657,900,16.12,14508.00,B2
2025-08-06,000333,500,71.70,35850.00,B2
2025-08-06,002317,1100,20.05,22055.00,B2
2025-08-06,300661,700,77.20,54040.00,B2
2025-08-07,000625,3200,12.87,41184.00,B2
2025-08-07,000657,900,16.18,14562.00,B2
2025-08-07,000333,500,71.48,35740.00,B2
2025-08-07,002317,1100,19.73,21703.00,B2
2025-08-07,300661,700,76.36,53452.00,B2
2025-08-08,000625,3200,12.79,40928.00,B2
2025-08-08,000657,900,16.46,14814.00,B2
2025-08-08,000333,500,71.58,35790.00,B2
2025-08-08,002317,1100,21.00,23100.00,B2
2025-08-08,300661,700,73.79,51653.00,B2
2025-08-11,000625,3200,12.95,41440.00,B2
2025-08-11,000657,900,16.62,14958.00,B2
2025-08-11,000333,500,71.76,35880.00,B2
2025-08-11,002317,1100,21.45,23595.00,B2
2025-08-11,300661,700,74.65,52255.00,B2
2025-08-12,000333,500,71.93,35965.00,B2
2025-08-12,002317,1100,21.59,23749.00,B2
2025-08-12,300661,700,76.38,53466.00,B2
2025-08-12,300762,600,26.31,15786.00,B2
2025-08-12,600941,300,109.36,32808.00,B2
2025-08-13,000333,500,71.82,35910.00,B2
2025-08-13,002317,1100,21.40,23540.00,B2
2025-08-13,300661,700,75.84,53088.00,B2
2025-08-13,300762,600,26.42,15852.00,B2
2025-08-13,600941,300,109.22,32766.00,B2
2025-08-14,000333,500,72.33,36165.00,B2
2025-08-14,002317,1100,20.75,22825.00,B2
2025-08-14,300661,700,74.05,51835.00,B2
2025-08-14,300762,600,25.39,15234.00,B2
2025-08-14,600941,300,108.81,32643.00,B2
2025-08-15,002317,1100,22.53,24783.00,B2
2025-08-15,300661,700,76.09,53263.00,B2
2025-08-15,300762,600,26.36,15816.00,B2
2025-08-15,600941,300,108.33,32499.00,B2
2025-08-15,600967,1600,25.55,40880.00,B2
2025-08-18,300762,600,26.64,15984.00,B2
2025-08-18,600941,300,108.19,32457.00,B2
2025-08-18,600967,1600,27.77,44432.00,B2
2025-08-18,002104,1300,30.50,39650.00,B2
2025-08-18,300803,300,125.96,37788.00,B2
2025-08-19,300762,600,26.30,15780.00,B2
2025-08-19,600941,300,107.00,32100.00,B2
2025-08-19,600967,1600,26.67,42672.00,B2
2025-08-19,002104,1300,28.40,36920.00,B2
2025-08-19,300803,300,126.55,37965.00,B2
2025-08-20,300762,600,26.65,15990.00,B2
2025-08-20,600941,300,107.69,32307.00,B2
2025-08-20,600967,1600,26.30,42080.00,B2
2025-08-20,002104,1300,29.40,38220.00,B2
2025-08-20,300803,300,124.30,37290.00,B2
2025-08-21,300762,600,26.03,15618.00,B2
2025-08-21,600941,300,109.02,32706.00,B2
2025-08-21,600967,1600,25.15,40240.00,B2
2025-08-21,002104,1300,28.50,37050.00,B2
2025-08-21,300803,300,128.26,38478.00,B2
2025-08-22,300762,600,26.55,15930.00,B2
2025-08-22,600941,300,109.54,32862.00,B2
2025-08-22,600967,1600,25.62,40992.00,B2
2025-08-22,002104,1300,28.85,37505.00,B2
2025-08-22,300803,300,141.33,42399.00,B2
2025-08-25,300762,600,29.21,17526.00,B2
2025-08-25,600941,300,110.09,33027.00,B2
2025-08-25,600967,1600,25.84,41344.00,B2
2025-08-25,002104,1300,29.70,38610.00,B2
2025-08-25,300803,300,146.25,43875.00,B2
2025-08-26,600967,1600,25.37,40592.00,B2
2025-08-26,002104,1300,29.43,38259.00,B2
2025-08-26,300803,300,158.58,47574.00,B2
2025-08-26,601127,200,134.57,26914.00,B2
2025-08-27,600967,1600,24.09,38544.00,B2
2025-08-27,002104,1300,27.06,35178.00,B2
2025-08-27,300803,300,151.78,45534.00,B2
2025-08-27,601127,200,131.82,26364.00,B2
2025-08-27,601698,1000,22.00,22000.00,B2
2025-08-28,600967,1600,23.95,38320.00,B2
2025-08-28,002104,1300,27.24,35412.00,B2
2025-08-28,300803,300,156.39,46917.00,B2
2025-08-28,601127,200,131.38,26276.00,B2
2025-08-28,601698,1000,23.25,23250.00,B2
2025-08-29,002104,1300,26.21,34073.00,B2
2025-08-29,300803,300,150.05,45015.00,B2
2025-08-29,601127,200,136.91,27382.00,B2
2025-08-29,601698,1000,25.30,25300.00,B2
2025-08-29,688012,100,214.17,21417.00,B2
2025-09-01,601127,200,143.89,28778.00,B2
2025-09-01,601698,1000,23.86,23860.00,B2
2025-09-01,688012,100,223.20,22320.00,B2
2025-09-01,002594,600,109.70,65820.00,B2
2025-09-02,601127,200,146.94,29388.00,B2
2025-09-02,601698,1000,23.05,23050.00,B2
2025-09-02,688012,100,212.51,21251.00,B2
2025-09-02,002594,600,110.02,66012.00,B2
2025-09-03,601127,200,147.66,29532.00,B2
2025-09-03,601698,1000,21.71,21710.00,B2
2025-09-03,688012,100,212.00,21200.00,B2
2025-09-03,002594,600,107.21,64326.00,B2
2025-09-04,601127,200,148.30,29660.00,B2
2025-09-04,601698,1000,20.99,20990.00,B2
2025-09-04,688012,100,195.40,19540.00,B2
2025-09-04,002594,600,104.00,62400.00,B2
2025-09-05,601127,200,146.50,29300.00,B2
2025-09-05,601698,1000,21.28,21280.00,B2
2025-09-05,688012,100,200.01,20001.00,B2
2025-09-05,002594,600,107.26,64356.00,B2
2025-09-08,601127,200,143.15,28630.00,B2
2025-09-08,601698,1000,22.87,22870.00,B2
2025-09-08,688012,100,212.70,21270.00,B2
2025-09-08,002594,600,106.25,63750.00,B2
2025-09-09,601698,1000,22.05,22050.00,B2
2025-09-09,688012,100,204.38,20438.00,B2
2025-09-09,002594,600,105.49,63294.00,B2
2025-09-09,300274,200,129.88,25976.00,B2
2025-09-10,688012,100,205.60,20560.00,B2
2025-09-10,002594,600,105.20,63120.00,B2
2025-09-10,300274,200,128.30,25660.00,B2
2025-09-10,002074,500,46.76,23380.00,B2
2025-09-10,002460,500,47.05,23525.00,B2
2025-09-11,688012,100,211.80,21180.00,B2
2025-09-11,002594,600,106.59,63954.00,B2
2025-09-11,300274,200,137.34,27468.00,B2
2025-09-11,002074,500,47.00,23500.00,B2
2025-09-11,002460,500,47.25,23625.00,B2
2025-09-12,002594,600,105.91,63546.00,B2
2025-09-12,300274,200,133.92,26784.00,B2
2025-09-12,002074,500,47.22,23610.00,B2
2025-09-12,002460,500,46.57,23285.00,B2
2025-09-15,300274,200,136.67,27334.00,B2
2025-09-15,002074,500,45.96,22980.00,B2
2025-09-15,002460,500,48.66,24330.00,B2
2025-09-15,002475,1100,52.74,58014.00,B2
2025-09-15,601138,600,59.90,35940.00,B2
2025-09-16,300274,200,140.31,28062.00,B2
2025-09-16,002074,500,46.40,23200.00,B2
2025-09-16,002460,500,48.30,24150.00,B2
2025-09-16,002475,1100,52.39,57629.00,B2
2025-09-16,601138,600,59.73,35838.00,B2
2025-09-17,300274,200,140.99,28198.00,B2
2025-09-17,002074,500,45.22,22610.00,B2
2025-09-17,002460,500,49.95,24975.00,B2
2025-09-17,002475,1100,52.01,57211.00,B2
2025-09-17,601138,600,61.12,36672.00,B2
2025-09-18,300274,200,142.55,28510.00,B2
2025-09-18,002074,500,44.50,22250.00,B2
2025-09-18,002460,500,48.02,24010.00,B2
2025-09-18,002475,1100,53.11,58421.00,B2
2025-09-18,601138,600,64.36,38616.00,B2
2025-09-19,300274,200,137.20,27440.00,B2
2025-09-19,002074,500,43.90,21950.00,B2
2025-09-19,002460,500,52.82,26410.00,B2
2025-09-19,002475,1100,55.41,60951.00,B2
2025-09-19,601138,600,66.10,39660.00,B2
2025-09-22,300274,200,137.23,27446.00,B2
2025-09-22,002074,500,44.57,22285.00,B2
2025-09-22,002460,500,52.54,26270.00,B2
2025-09-22,002475,1100,60.95,67045.00,B2
2025-09-22,601138,600,70.50,42300.00,B2
2025-09-23,002074,500,44.27,22135.00,B2
2025-09-23,002460,500,53.14,26570.00,B2
2025-09-23,002475,1100,65.70,72270.00,B2
2025-09-23,601138,600,70.87,42522.00,B2
2025-09-23,300620,100,135.66,13566.00,B2
2025-09-24,002460,500,54.92,27460.00,B2
2025-09-24,002475,1100,70.20,77220.00,B2
2025-09-24,601138,600,68.63,41178.00,B2
2025-09-24,300620,100,124.62,12462.00,B2
2025-09-24,002938,300,60.22,18066.00,B2
2025-09-25,002475,1100,68.74,75614.00,B2
2025-09-25,601138,600,68.46,41076.00,B2
2025-09-25,300620,100,126.50,12650.00,B2
2025-09-25,002938,300,59.50,17850.00,B2
2025-09-25,688008,200,136.60,27320.00,B2
2025-09-26,002475,1100,64.25,70675.00,B2
2025-09-26,601138,600,64.87,38922.00,B2
2025-09-26,300620,100,119.88,11988.00,B2
2025-09-26,002938,300,55.90,16770.00,B2
2025-09-26,688008,200,133.10,26620.00,B2
2025-09-29,300620,100,125.20,12520.00,B2
2025-09-29,002938,300,57.15,17145.00,B2
2025-09-29,688008,200,143.65,28730.00,B2
2025-09-29,000977,600,72.60,43560.00,B2
2025-09-29,603501,400,149.95,59980.00,B2
2025-09-30,300620,100,118.80,11880.00,B2
2025-09-30,002938,300,56.07,16821.00,B2
2025-09-30,688008,200,154.80,30960.00,B2
2025-09-30,000977,600,74.42,44652.00,B2
2025-09-30,603501,400,151.17,60468.00,B2
2025-10-09,300620,100,116.36,11636.00,B2
2025-10-09,002938,300,56.11,16833.00,B2
2025-10-09,688008,200,157.08,31416.00,B2
2025-10-09,000977,600,75.96,45576.00,B2
2025-10-09,603501,400,150.02,60008.00,B2
2025-10-10,300620,100,107.35,10735.00,B2
2025-10-10,002938,300,54.15,16245.00,B2
2025-10-10,688008,200,150.06,30012.00,B2
2025-10-10,000977,600,69.66,41796.00,B2
2025-10-10,603501,400,141.82,56728.00,B2
2025-10-13,300620,100,104.18,10418.00,B2
2025-10-13,002938,300,51.32,15396.00,B2
2025-10-13,688008,200,148.05,29610.00,B2
2025-10-13,000977,600,70.48,42288.00,B2
2025-10-13,603501,400,138.32,55328.00,B2
2025-10-14,300620,100,99.86,9986.00,B2
2025-10-14,002938,300,47.48,14244.00,B2
2025-10-14,688008,200,147.00,29400.00,B2
2025-10-14,000977,600,66.72,40032.00,B2
2025-10-14,603501,400,131.68,52672.00,B2
2025-10-15,002938,300,49.17,14751.00,B2
2025-10-15,688008,200,144.55,28910.00,B2
2025-10-15,000977,600,67.73,40638.00,B2
2025-10-15,603501,400,133.89,53556.00,B2
2025-10-15,688347,300,125.07,37521.00,B2
2025-10-16,688008,200,144.60,28920.00,B2
2025-10-16,000977,600,67.41,40446.00,B2
2025-10-16,603501,400,132.74,53096.00,B2
2025-10-16,688347,300,121.15,36345.00,B2
2025-10-16,600392,500,24.31,12155.00,B2
2025-10-17,000977,600,64.41,38646.00,B2
2025-10-17,603501,400,127.27,50908.00,B2
2025-10-17,688347,300,117.74,35322.00,B2
2025-10-17,600392,500,23.62,11810.00,B2
2025-10-17,600036,700,41.59,29113.00,B2
2025-10-20,000977,600,64.75,38850.00,B2
2025-10-20,603501,400,127.20,50880.00,B2
2025-10-20,688347,300,117.18,35154.00,B2
2025-10-20,600392,500,23.55,11775.00,B2
2025-10-20,600036,700,41.42,28994.00,B2
2025-10-21,688347,300,116.45,34935.00,B2
2025-10-21,600392,500,23.98,11990.00,B2
2025-10-21,600036,700,41.98,29386.00,B2
2025-10-21,000426,800,30.98,24784.00,B2
2025-10-21,601288,8400,7.88,66192.00,B2
2025-10-22,688347,300,114.60,34380.00,B2
2025-10-22,600392,500,22.97,11485.00,B2
2025-10-22,600036,700,41.95,29365.00,B2
2025-10-22,000426,800,30.61,24488.00,B2
2025-10-22,601288,8400,8.09,67956.00,B2
2025-10-23,688347,300,110.85,33255.00,B2
2025-10-23,600392,500,22.72,11360.00,B2
2025-10-23,600036,700,42.24,29568.00,B2
2025-10-23,000426,800,30.34,24272.00,B2
2025-10-23,601288,8400,7.99,67116.00,B2
2025-10-24,688347,300,127.50,38250.00,B2
2025-10-24,600392,500,22.97,11485.00,B2
2025-10-24,600036,700,41.95,29365.00,B2
2025-10-24,000426,800,30.34,24272.00,B2
2025-10-24,601288,8400,7.99,67116.00,B2
2025-10-27,688347,300,133.50,40050.00,B2
2025-10-27,600392,500,23.40,11700.00,B2
2025-10-27,600036,700,41.59,29113.00,B2
2025-10-27,000426,800,30.73,24584.00,B2
2025-10-27,601288,8400,8.18,68712.00,B2
2025-10-28,688347,300,134.40,40320.00,B2
2025-10-28,600392,500,22.77,11385.00,B2
2025-10-28,600036,700,41.60,29120.00,B2
2025-10-28,000426,800,29.54,23632.00,B2
2025-10-28,601288,8400,8.31,69804.00,B2
2025-10-29,600392,500,23.55,11775.00,B2
2025-10-29,600036,700,40.77,28539.00,B2
2025-10-29,000426,800,31.18,24944.00,B2
2025-10-29,601288,8400,8.15,68460.00,B2
2025-10-29,300476,100,339.00,33900.00,B2
2025-10-30,600036,700,41.20,28840.00,B2
2025-10-30,000426,800,30.55,24440.00,B2
2025-10-30,601288,8400,8.06,67704.00,B2
2025-10-30,300476,100,328.60,32860.00,B2
2025-10-31,000426,800,30.57,24456.00,B2
2025-10-31,601288,8400,7.96,66864.00,B2
2025-10-31,300476,100,294.00,29400.00,B2
2025-11-03,000426,800,29.83,23864.00,B2
2025-11-03,601288,8400,8.01,67284.00,B2
2025-11-03,300476,100,298.15,29815.00,B2
2025-11-03,002466,400,53.83,21532.00,B2
2025-11-03,002709,500,40.31,20155.00,B2
2025-11-04,300476,100,294.50,29450.00,B2
2025-11-04,002466,400,52.25,20900.00,B2
2025-11-04,002709,500,39.56,19780.00,B2
2025-11-04,002812,1100,47.86,52646.00,B2
2025-11-04,603686,1400,33.47,46858.00,B2
2025-11-05,300476,100,298.39,29839.00,B2
2025-11-05,002466,400,54.27,21708.00,B2
2025-11-05,002709,500,40.19,20095.00,B2
2025-11-05,002812,1100,47.79,52569.00,B2
2025-11-05,603686,1400,34.30,48020.00,B2
2025-11-06,300476,100,316.21,31621.00,B2
2025-11-06,002466,400,55.14,22056.00,B2
2025-11-06,002709,500,39.99,19995.00,B2
2025-11-06,002812,1100,47.50,52250.00,B2
2025-11-06,603686,1400,30.87,43218.00,B2
2025-11-07,300476,100,312.05,31205.00,B2
2025-11-07,002466,400,56.99,22796.00,B2
2025-11-07,002709,500,43.71,21855.00,B2
2025-11-07,002812,1100,51.20,56320.00,B2
2025-11-07,603686,1400,31.90,44660.00,B2
2025-11-10,300476,100,301.94,30194.00,B2
2025-11-10,002466,400,57.51,23004.00,B2
2025-11-10,002709,500,44.99,22495.00,B2
2025-11-10,002812,1100,54.13,59543.00,B2
2025-11-10,603686,1400,31.91,44674.00,B2
2025-11-11,300476,100,289.18,28918.00,B2
2025-11-11,002466,400,55.32,22128.00,B2
2025-11-11,002709,500,43.60,21800.00,B2
2025-11-11,002812,1100,54.02,59422.00,B2
2025-11-11,603686,1400,35.10,49140.00,B2
2025-11-12,002466,400,54.10,21640.00,B2
2025-11-12,002709,500,42.91,21455.00,B2
2025-11-12,002812,1100,56.11,61721.00,B2
2025-11-12,603686,1400,33.60,47040.00,B2
2025-11-12,002407,700,34.27,23989.00,B2
2025-11-13,002466,400,59.50,23800.00,B2
2025-11-13,002709,500,47.20,23600.00,B2
2025-11-13,002812,1100,61.72,67892.00,B2
2025-11-13,603686,1400,34.30,48020.00,B2
2025-11-13,002407,700,37.70,26390.00,B2
2025-11-14,002466,400,56.61,22644.00,B2
2025-11-14,002709,500,46.61,23305.00,B2
2025-11-14,002812,1100,60.90,66990.00,B2
2025-11-14,603686,1400,33.10,46340.00,B2
2025-11-14,002407,700,38.29,26803.00,B2
2025-11-17,002812,1100,61.87,68057.00,B2
2025-11-17,603686,1400,31.21,43694.00,B2
2025-11-17,002407,700,40.65,28455.00,B2
2025-11-17,000833,1100,23.47,25817.00,B2
2025-11-18,002812,900,60.62,54558.00,B2
2025-11-18,002407,700,36.59,25613.00,B2
2025-11-18,000833,1100,23.12,25432.00,B2
2025-11-18,300475,100,160.90,16090.00,B2
2025-11-18,688525,200,121.40,24280.00,B2
2025-11-19,002812,1400,61.85,86590.00,B2
2025-11-19,002407,700,38.02,26614.00,B2
2025-11-19,000833,1100,22.30,24530.00,B2
2025-11-19,300475,100,161.45,16145.00,B2
2025-11-19,688525,200,117.69,23538.00,B2
2025-11-20,002812,1300,61.89,80457.00,B2
2025-11-20,002407,700,34.22,23954.00,B2
2025-11-20,000833,1100,22.18,24398.00,B2
2025-11-20,300475,100,145.90,14590.00,B2
2025-11-20,688525,200,112.68,22536.00,B2
2025-11-21,002407,700,32.10,22470.00,B2
2025-11-21,000833,1100,20.14,22154.00,B2
2025-11-21,300475,100,126.41,12641.00,B2
2025-11-21,688525,200,103.66,20732.00,B2
2025-11-21,002240,2400,36.63,87912.00,B2
2025-11-24,002407,700,31.12,21784.00,B2
2025-11-24,000833,1100,20.12,22132.00,B2
2025-11-24,300475,100,126.90,12690.00,B2
2025-11-24,688525,200,104.10,20820.00,B2
2025-11-24,002240,2400,32.97,79128.00,B2
2025-11-25,002407,700,33.38,23366.00,B2
2025-11-25,000833,1100,20.00,22000.00,B2
2025-11-25,300475,100,131.21,13121.00,B2
2025-11-25,688525,200,104.99,20998.00,B2
2025-11-25,002240,2400,33.98,81552.00,B2
2025-11-26,000833,1100,19.70,21670.00,B2
2025-11-26,300475,100,133.40,13340.00,B2
2025-11-26,688525,200,104.89,20978.00,B2
2025-11-26,002240,2400,33.39,80136.00,B2
2025-11-26,300620,200,150.65,30130.00,B2
2025-11-27,000833,1100,19.31,21241.00,B2
2025-11-27,300475,100,133.42,13342.00,B2
2025-11-27,688525,200,102.78,20556.00,B2
2025-11-27,002240,2400,32.90,78960.00,B2
2025-11-27,300620,200,157.91,31582.00,B2
2025-11-28,000833,1100,19.66,21626.00,B2
2025-11-28,300475,100,141.89,14189.00,B2
2025-11-28,688525,200,109.05,21810.00,B2
2025-11-28,002240,2400,35.26,84624.00,B2
2025-11-28,300620,200,153.80,30760.00,B2
2025-12-01,300475,100,135.55,13555.00,B2
2025-12-01,688525,200,112.20,22440.00,B2
2025-12-01,002240,2400,33.90,81360.00,B2
2025-12-01,300620,200,151.02,30204.00,B2
2025-12-01,300058,1800,10.29,18522.00,B2
2025-12-02,002240,2400,32.72,78528.00,B2
2025-12-02,300620,200,144.18,28836.00,B2
2025-12-02,300058,1800,10.00,18000.00,B2
2025-12-02,000988,200,73.13,14626.00,B2
2025-12-02,002241,600,31.32,18792.00,B2
2025-12-03,002240,2400,31.07,74568.00,B2
2025-12-03,300620,200,140.49,28098.00,B2
2025-12-03,300058,1800,9.52,17136.00,B2
2025-12-03,000988,200,72.08,14416.00,B2
2025-12-03,002241,600,30.43,18258.00,B2
2025-12-04,002240,2400,30.30,72720.00,B2
2025-12-04,300620,200,136.81,27362.00,B2
2025-12-04,300058,1800,9.19,16542.00,B2
2025-12-04,000988,200,72.60,14520.00,B2
2025-12-04,002241,600,30.26,18156.00,B2
2025-12-05,300620,200,145.72,29144.00,B2
2025-12-05,300058,1800,9.23,16614.00,B2
2025-12-05,000988,200,74.88,14976.00,B2
2025-12-05,002241,600,30.37,18222.00,B2
2025-12-05,000426,2500,35.48,88700.00,B2
2025-12-08,300620,200,167.25,33450.00,B2
2025-12-08,300058,1800,9.57,17226.00,B2
2025-12-08,000988,200,79.58,15916.00,B2
2025-12-08,002241,600,30.14,18084.00,B2
2025-12-08,000426,2500,34.99,87475.00,B2
2025-12-09,300620,200,168.87,33774.00,B2
2025-12-09,300058,1800,9.22,16596.00,B2
2025-12-09,000988,200,80.36,16072.00,B2
2025-12-09,002241,600,30.42,18252.00,B2
2025-12-09,000426,2500,33.90,84750.00,B2
2025-12-10,300058,1800,9.19,16542.00,B2
2025-12-10,000988,200,83.20,16640.00,B2
2025-12-10,002241,600,29.79,17874.00,B2
2025-12-10,000426,2500,35.27,88175.00,B2
2025-12-11,300058,1800,8.74,15732.00,B2
2025-12-11,000988,200,79.96,15992.00,B2
2025-12-11,002241,600,29.30,17580.00,B2
2025-12-11,000426,2500,33.80,84500.00,B2
2025-12-12,300058,1800,8.87,15966.00,B2
2025-12-12,000988,200,78.18,15636.00,B2
2025-12-12,002241,600,29.55,17730.00,B2
2025-12-12,000426,2500,34.90,87250.00,B2
2025-12-15,000988,200,75.27,15054.00,B2
2025-12-15,002241,600,28.68,17208.00,B2
2025-12-15,000426,2500,34.69,86725.00,B2
2025-12-16,000426,2500,32.83,82075.00,B2
2025-12-16,300395,200,92.50,18500.00,B2
2025-12-16,600118,300,54.30,16290.00,B2
2025-12-16,600879,1300,17.40,22620.00,B2
2025-12-17,000426,2500,34.95,87375.00,B2
2025-12-17,300395,200,96.80,19360.00,B2
2025-12-17,600118,300,52.82,15846.00,B2
2025-12-17,600879,1300,17.00,22100.00,B2
2025-12-17,000657,900,28.51,25659.00,B2
2025-12-18,000426,2500,34.78,86950.00,B2
2025-12-18,300395,200,92.20,18440.00,B2
2025-12-18,600118,300,56.31,16893.00,B2
2025-12-18,600879,1300,17.28,22464.00,B2
2025-12-18,000657,900,27.21,24489.00,B2
2025-12-19,300395,200,89.18,17836.00,B2
2025-12-19,600118,300,58.72,17616.00,B2
2025-12-19,600879,1300,18.07,23491.00,B2
2025-12-19,000657,900,27.30,24570.00,B2
2025-12-19,301205,400,172.99,69196.00,B2
2025-12-22,300395,200,97.24,19448.00,B2
2025-12-22,600118,300,63.46,19038.00,B2
2025-12-22,600879,1300,17.41,22633.00,B2
2025-12-22,000657,900,29.64,26676.00,B2
2025-12-22,301205,400,173.10,69240.00,B2
2025-12-23,300395,200,103.20,20640.00,B2
2025-12-23,600118,300,60.11,18033.00,B2
2025-12-23,600879,1300,16.05,20865.00,B2
2025-12-23,000657,900,31.06,27954.00,B2
2025-12-23,301205,400,186.39,74556.00,B2
2025-12-24,300395,200,108.95,21790.00,B2
2025-12-24,600118,300,66.12,19836.00,B2
2025-12-24,600879,1300,16.92,21996.00,B2
2025-12-24,000657,900,29.41,26469.00,B2
2025-12-24,301205,400,180.29,72116.00,B2
2025-12-25,300395,200,104.91,20982.00,B2
2025-12-25,600118,300,72.73,21819.00,B2
2025-12-25,600879,1300,18.61,24193.00,B2
2025-12-25,000657,900,28.82,25938.00,B2
2025-12-25,301205,400,178.39,71356.00,B2
2025-12-26,300395,200,104.21,20842.00,B2
2025-12-26,600118,300,80.00,24000.00,B2
2025-12-26,600879,1300,19.47,25311.00,B2
2025-12-26,000657,900,29.50,26550.00,B2
2025-12-26,301205,400,169.40,67760.00,B2
2025-12-29,300395,200,107.62,21524.00,B2
2025-12-29,600118,300,88.00,26400.00,B2
2025-12-29,600879,1300,19.28,25064.00,B2
2025-12-29,000657,900,28.46,25614.00,B2
2025-12-29,301205,400,171.60,68640.00,B2
2025-12-30,000657,900,28.04,25236.00,B2
2025-12-30,301205,400,171.12,68448.00,B2
2025-12-30,000559,2100,15.69,32949.00,B2
2025-12-30,002759,300,46.03,13809.00,B2
2025-12-30,600362,600,50.25,30150.00,B2
2025-12-31,301205,400,168.51,67404.00,B2
2025-12-31,000559,2100,17.20,36120.00,B2
2025-12-31,002759,300,46.43,13929.00,B2
2025-12-31,600362,600,54.92,32952.00,B2
2025-12-31,002465,1800,15.75,28350.00,B2
2026-01-05,301205,400,169.31,67724.00,B2
2026-01-05,000559,2100,17.02,35742.00,B2
2026-01-05,002759,300,51.07,15321.00,B2
2026-01-05,600362,600,54.30,32580.00,B2
2026-01-05,002465,1800,17.33,31194.00,B2
2026-01-06,000559,2100,18.09,37989.00,B2
2026-01-06,002759,300,51.25,15375.00,B2
2026-01-06,600362,600,56.97,34182.00,B2
2026-01-06,002465,1800,19.06,34308.00,B2
2026-01-06,300058,4400,13.66,60104.00,B2
2026-01-07,000559,2100,17.82,37422.00,B2
2026-01-07,002759,300,48.15,14445.00,B2
2026-01-07,600362,600,55.28,33168.00,B2
2026-01-07,002465,1800,19.45,35010.00,B2
2026-01-07,300058,4400,14.30,62920.00,B2
2026-01-08,000559,2100,18.51,38871.00,B2
2026-01-08,002759,300,46.90,14070.00,B2
2026-01-08,600362,600,55.03,33018.00,B2
2026-01-08,002465,1800,20.31,36558.00,B2
2026-01-08,300058,4400,15.06,66264.00,B2
2026-01-09,000559,2100,19.85,41685.00,B2
2026-01-09,002759,300,46.13,13839.00,B2
2026-01-09,600362,600,56.50,33900.00,B2
2026-01-09,002465,1800,20.00,36000.00,B2
2026-01-09,300058,4400,17.18,75592.00,B2
2026-01-12,000559,2100,20.45,42945.00,B2
2026-01-12,002759,300,46.60,13980.00,B2
2026-01-12,600362,600,56.02,33612.00,B2
2026-01-12,002465,1800,22.00,39600.00,B2
2026-01-12,300058,4400,20.62,90728.00,B2
2026-01-13,000559,2100,18.95,39795.00,B2
2026-01-13,002759,300,44.11,13233.00,B2
2026-01-13,600362,600,57.21,34326.00,B2
2026-01-13,002465,1800,24.20,43560.00,B2
2026-01-13,300058,4400,20.85,91740.00,B2
2026-01-14,000559,2100,18.79,39459.00,B2
2026-01-14,002759,300,42.42,12726.00,B2
2026-01-14,600362,600,59.80,35880.00,B2
2026-01-14,002465,1800,26.62,47916.00,B2
2026-01-14,300058,4400,21.63,95172.00,B2
2026-01-15,002465,1800,23.96,43128.00,B2
2026-01-15,300058,4400,18.41,81004.00,B2
2026-01-15,002230,400,63.39,25356.00,B2
2026-01-15,300442,100,81.03,8103.00,B2
2026-01-15,600089,800,28.49,22792.00,B2
2026-01-16,300058,4400,16.29,71676.00,B2
2026-01-16,002230,400,63.70,25480.00,B2
2026-01-16,300442,100,79.17,7917.00,B2
2026-01-16,600089,800,27.73,22184.00,B2
2026-01-16,603881,1500,35.57,53355.00,B2
2026-01-19,300058,4400,16.91,74404.00,B2
2026-01-19,002230,400,61.05,24420.00,B2
2026-01-19,300442,100,76.21,7621.00,B2
2026-01-19,600089,800,30.50,24400.00,B2
2026-01-19,603881,1500,34.26,51390.00,B2
2026-01-20,002230,400,58.63,23452.00,B2
2026-01-20,300442,100,75.41,7541.00,B2
2026-01-20,600089,800,30.78,24624.00,B2
2026-01-20,603881,1500,33.66,50490.00,B2
2026-01-20,688525,400,190.38,76152.00,B2
2026-01-21,002230,400,58.09,23236.00,B2
2026-01-21,300442,100,74.80,7480.00,B2
2026-01-21,600089,800,29.60,23680.00,B2
2026-01-21,603881,1500,33.82,50730.00,B2
2026-01-21,688525,400,190.36,76144.00,B2
2026-01-22,002230,400,58.44,23376.00,B2
2026-01-22,300442,100,78.04,7804.00,B2
2026-01-22,600089,800,28.90,23120.00,B2
2026-01-22,603881,1500,34.55,51825.00,B2
2026-01-22,688525,400,187.80,75120.00,B2
2026-01-23,002230,400,58.75,23500.00,B2
2026-01-23,300442,100,78.32,7832.00,B2
2026-01-23,600089,800,28.55,22840.00,B2
2026-01-23,603881,1500,35.03,52545.00,B2
2026-01-23,688525,400,186.46,74584.00,B2
2026-01-26,002230,400,58.17,23268.00,B2
2026-01-26,300442,100,83.25,8325.00,B2
2026-01-26,600089,800,29.07,23256.00,B2
2026-01-26,603881,1500,36.70,55050.00,B2
2026-01-26,688525,400,180.60,72240.00,B2
2026-01-27,002230,400,58.15,23260.00,B2
2026-01-27,300442,100,81.37,8137.00,B2
2026-01-27,600089,800,28.30,22640.00,B2
2026-01-27,603881,1500,37.56,56340.00,B2
2026-01-27,688525,400,186.30,74520.00,B2
2026-01-28,002230,400,57.32,22928.00,B2
2026-01-28,300442,100,80.85,8085.00,B2
2026-01-28,600089,800,28.06,22448.00,B2
2026-01-28,603881,1500,36.82,55230.00,B2
2026-01-28,688525,400,191.35,76540.00,B2
2026-01-29,603881,1500,36.82,55230.00,B2
2026-01-29,688525,400,187.70,75080.00,B2
2026-01-29,600489,400,41.00,16400.00,B2
2026-01-29,600547,200,60.61,12122.00,B2
2026-01-29,601899,500,43.45,21725.00,B2
2026-01-30,688525,400,187.28,74912.00,B2
2026-01-30,600489,400,36.90,14760.00,B2
2026-01-30,600547,200,54.55,10910.00,B2
2026-01-30,601899,500,40.14,20070.00,B2
2026-01-30,603993,2500,24.33,60825.00,B2
2026-02-02,688525,400,167.90,67160.00,B2
2026-02-02,600489,400,33.21,13284.00,B2
2026-02-02,600547,200,49.10,9820.00,B2
2026-02-02,601899,500,36.61,18305.00,B2
2026-02-02,603993,2500,22.09,55225.00,B2
2026-02-03,600489,400,32.95,13180.00,B2
2026-02-03,600547,200,48.81,9762.00,B2
2026-02-03,601899,500,38.81,19405.00,B2
2026-02-03,603993,2500,23.13,57825.00,B2
2026-02-03,300394,200,270.00,54000.00,B2
2026-02-04,600489,400,31.56,12624.00,B2
2026-02-04,600547,200,47.69,9538.00,B2
2026-02-04,601899,500,39.16,19580.00,B2
2026-02-04,603993,2500,23.67,59175.00,B2
2026-02-04,300394,200,266.66,53332.00,B2
2026-02-05,600489,400,29.92,11968.00,B2
2026-02-05,600547,200,45.82,9164.00,B2
2026-02-05,601899,500,37.45,18725.00,B2
2026-02-05,603993,2500,22.17,55425.00,B2
2026-02-05,300394,200,251.90,50380.00,B2
2026-02-06,600489,400,29.55,11820.00,B2
2026-02-06,600547,200,44.97,8994.00,B2
2026-02-06,601899,500,37.19,18595.00,B2
2026-02-06,603993,2500,21.99,54975.00,B2
2026-02-06,300394,200,252.97,50594.00,B2
2026-02-09,600489,400,30.18,12072.00,B2
2026-02-09,600547,200,45.55,9110.00,B2
2026-02-09,601899,500,38.63,19315.00,B2
2026-02-09,603993,2500,22.42,56050.00,B2
2026-02-09,300394,200,297.90,59580.00,B2
2026-02-10,600489,400,29.97,11988.00,B2
2026-02-10,600547,200,45.20,9040.00,B2
2026-02-10,601899,500,38.81,19405.00,B2
2026-02-10,603993,2500,22.55,56375.00,B2
2026-02-10,300394,200,287.87,57574.00,B2
2026-02-11,600489,400,30.67,12268.00,B2
2026-02-11,600547,200,47.35,9470.00,B2
2026-02-11,601899,500,39.48,19740.00,B2
2026-02-11,603993,2500,23.21,58025.00,B2
2026-02-11,300394,200,288.50,57700.00,B2
2026-02-12,603993,2500,23.16,57900.00,B2
2026-02-12,300394,200,330.00,66000.00,B2
2026-02-12,300251,400,23.59,9436.00,B2
2026-02-12,300395,100,100.42,10042.00,B2
2026-02-12,600977,900,17.61,15849.00,B2
2026-02-13,300394,200,311.58,62316.00,B2
2026-02-13,300251,400,27.22,10888.00,B2
2026-02-13,300395,100,95.93,9593.00,B2
2026-02-13,600977,900,18.55,16695.00,B2
2026-02-13,688521,200,275.50,55100.00,B2
2026-02-24,300394,200,351.01,70202.00,B2
2026-02-24,300251,400,21.78,8712.00,B2
2026-02-24,300395,100,103.86,10386.00,B2
2026-02-24,600977,900,16.70,15030.00,B2
2026-02-24,688521,200,257.53,51506.00,B2
2026-02-25,300251,400,20.62,8248.00,B2
2026-02-25,300395,100,123.58,12358.00,B2
2026-02-25,600977,900,15.32,13788.00,B2
2026-02-25,688521,200,247.00,49400.00,B2
2026-02-25,600410,4500,24.79,111555.00,B2
2026-02-26,300251,400,19.86,7944.00,B2
2026-02-26,300395,100,130.02,13002.00,B2
2026-02-26,600977,900,14.87,13383.00,B2
2026-02-26,688521,200,257.51,51502.00,B2
2026-02-26,600410,4500,27.27,122715.00,B2
2026-02-27,300251,400,19.49,7796.00,B2
2026-02-27,300395,100,134.32,13432.00,B2
2026-02-27,600977,900,14.86,13374.00,B2
2026-02-27,688521,200,277.66,55532.00,B2
2026-02-27,600410,4500,28.94,130230.00,B2
2026-03-02,300251,400,18.70,7480.00,B2
2026-03-02,300395,100,129.50,12950.00,B2
2026-03-02,600977,900,14.29,12861.00,B2
2026-03-02,688521,200,267.40,53480.00,B2
2026-03-02,600410,4500,29.98,134910.00,B2
2026-03-03,300251,400,17.84,7136.00,B2
2026-03-03,300395,100,112.43,11243.00,B2
2026-03-03,600977,900,13.82,12438.00,B2
2026-03-03,688521,200,237.80,47560.00,B2
2026-03-03,600410,4500,27.85,125325.00,B2
2026-03-04,300251,400,17.63,7052.00,B2
2026-03-04,300395,100,110.79,11079.00,B2
2026-03-04,600977,900,13.92,12528.00,B2
2026-03-04,688521,200,229.00,45800.00,B2
2026-03-04,600410,4500,29.06,130770.00,B2
2026-03-05,300251,400,17.52,7008.00,B2
2026-03-05,300395,100,113.48,11348.00,B2
2026-03-05,600977,900,13.83,12447.00,B2
2026-03-05,688521,200,241.08,48216.00,B2
2026-03-05,600410,4500,28.35,127575.00,B2
2026-03-06,688521,200,240.85,48170.00,B2
2026-03-06,600410,4500,29.73,133785.00,B2
2026-03-06,601872,300,17.12,5136.00,B2
2026-03-09,600410,4500,30.51,137295.00,B2
2026-03-09,601872,300,15.72,4716.00,B2
2026-03-09,002261,500,42.96,21480.00,B2
2026-03-09,600549,200,71.70,14340.00,B2
2026-03-10,600410,4500,31.83,143235.00,B2
2026-03-10,601872,300,16.47,4941.00,B2
2026-03-10,002261,500,41.76,20880.00,B2
2026-03-10,600549,200,72.18,14436.00,B2
2026-03-11,601872,300,16.30,4890.00,B2
2026-03-11,002261,500,41.08,20540.00,B2
2026-03-11,600549,200,69.19,13838.00,B2
2026-03-11,001309,200,298.64,59728.00,B2
2026-03-11,300475,400,156.83,62732.00,B2
2026-03-12,601872,300,15.97,4791.00,B2
2026-03-12,002261,500,39.72,19860.00,B2
2026-03-12,600549,200,68.13,13626.00,B2
2026-03-12,001309,200,293.50,58700.00,B2
2026-03-12,300475,400,152.70,61080.00,B2
2026-03-13,601872,300,15.58,4674.00,B2
2026-03-13,002261,500,36.90,18450.00,B2
2026-03-13,600549,200,62.40,12480.00,B2
2026-03-13,001309,200,320.05,64010.00,B2
2026-03-13,300475,400,153.55,61420.00,B2
2026-03-16,601872,300,16.75,5025.00,B2
2026-03-16,002261,500,37.32,18660.00,B2
2026-03-16,600549,200,60.40,12080.00,B2
2026-03-16,001309,200,352.06,70412.00,B2
2026-03-16,300475,400,159.89,63956.00,B2
2026-03-17,601872,300,16.49,4947.00,B2
2026-03-17,002261,500,37.17,18585.00,B2
2026-03-17,600549,200,59.10,11820.00,B2
2026-03-17,001309,200,354.00,70800.00,B2
2026-03-17,300475,400,153.65,61460.00,B2
2026-03-18,601872,300,18.02,5406.00,B2
2026-03-18,002261,500,38.92,19460.00,B2
2026-03-18,600549,200,59.72,11944.00,B2
2026-03-18,001309,200,374.00,74800.00,B2
2026-03-18,300475,400,169.99,67996.00,B2
2026-03-19,601872,300,17.66,5298.00,B2
2026-03-19,002261,500,38.13,19065.00,B2
2026-03-19,600549,200,55.32,11064.00,B2
2026-03-19,001309,200,345.00,69000.00,B2
2026-03-19,300475,400,161.68,64672.00,B2
2026-03-20,002261,500,35.57,17785.00,B2
2026-03-20,600549,200,54.32,10864.00,B2
2026-03-20,001309,200,331.52,66304.00,B2
2026-03-20,300475,400,157.15,62860.00,B2
2026-03-20,002463,400,84.30,33720.00,B2
2026-03-23,001309,200,321.00,64200.00,B2
2026-03-23,300475,400,143.19,57276.00,B2
2026-03-23,002463,400,80.24,32096.00,B2
2026-03-24,001309,200,349.63,69926.00,B2
2026-03-24,300475,400,143.79,57516.00,B2
2026-03-24,002463,400,82.29,32916.00,B2
2026-03-24,000333,500,74.23,37115.00,B2
2026-03-25,002463,400,82.52,33008.00,B2
2026-03-25,000333,500,74.80,37400.00,B2
2026-03-25,002738,600,64.32,38592.00,B2
2026-03-25,603259,600,94.02,56412.00,B2
2026-03-26,002463,400,79.01,31604.00,B2
2026-03-26,000333,500,74.32,37160.00,B2
2026-03-26,002738,600,68.22,40932.00,B2
2026-03-26,603259,600,94.73,56838.00,B2
2026-03-27,002463,400,80.64,32256.00,B2
2026-03-27,000333,500,74.78,37390.00,B2
2026-03-27,002738,600,73.02,43812.00,B2
2026-03-27,603259,600,97.00,58200.00,B2
2026-03-27,601689,500,57.79,28895.00,B2
2026-03-30,002463,400,79.19,31676.00,B2
2026-03-30,000333,500,72.10,36050.00,B2
2026-03-30,002738,600,73.47,44082.00,B2
2026-03-30,603259,600,96.61,57966.00,B2
2026-03-30,601689,500,57.40,28700.00,B2
2026-03-31,002463,400,75.97,30388.00,B2
2026-03-31,000333,500,76.35,38175.00,B2
2026-03-31,002738,600,74.30,44580.00,B2
2026-03-31,603259,600,98.10,58860.00,B2
2026-03-31,601689,500,56.80,28400.00,B2
2026-04-01,002463,400,79.29,31716.00,B2
2026-04-01,000333,500,76.84,38420.00,B2
2026-04-01,002738,600,74.59,44754.00,B2
2026-04-01,603259,600,103.81,62286.00,B2
2026-04-01,601689,500,58.68,29340.00,B2
2026-04-02,002463,400,76.27,30508.00,B2
2026-04-02,000333,500,77.37,38685.00,B2
2026-04-02,002738,600,73.71,44226.00,B2
2026-04-02,603259,600,103.19,61914.00,B2
2026-04-02,601689,500,58.66,29330.00,B2
2026-04-03,000333,500,76.35,38175.00,B2
2026-04-03,002738,600,72.21,43326.00,B2
2026-04-03,603259,600,99.99,59994.00,B2
2026-04-03,601689,500,57.65,28825.00,B2
2026-04-03,600276,500,56.38,28190.00,B2
2026-04-07,000333,500,76.12,38060.00,B2
2026-04-07,002738,600,74.53,44718.00,B2
2026-04-07,603259,600,101.30,60780.00,B2
2026-04-07,601689,500,56.27,28135.00,B2
2026-04-07,600276,500,56.12,28060.00,B2
2026-04-08,002738,600,77.76,46656.00,B2
2026-04-08,603259,600,103.74,62244.00,B2
2026-04-08,601689,500,59.59,29795.00,B2
2026-04-08,600276,500,57.45,28725.00,B2
2026-04-08,600487,600,58.56,35136.00,B2
2026-04-09,601689,500,58.33,29165.00,B2
2026-04-09,600276,500,56.96,28480.00,B2
2026-04-09,600487,600,59.54,35724.00,B2
2026-04-09,300433,2400,29.67,71208.00,B2
2026-04-09,601869,100,398.31,39831.00,B2
2026-04-10,601689,500,60.40,30200.00,B2
2026-04-10,600276,500,57.06,28530.00,B2
2026-04-10,600487,600,55.98,33588.00,B2
2026-04-10,300433,2400,30.13,72312.00,B2
2026-04-10,601869,100,384.38,38438.00,B2
2026-04-13,600276,500,55.20,27600.00,B2
2026-04-13,600487,600,53.49,32094.00,B2
2026-04-13,300433,2400,29.71,71304.00,B2
2026-04-13,601869,100,369.18,36918.00,B2
2026-04-13,300548,100,225.00,22500.00,B2
2026-04-14,600276,500,56.18,28090.00,B2
2026-04-14,600487,600,52.67,31602.00,B2
2026-04-14,300433,2400,30.15,72360.00,B2
2026-04-14,601869,100,364.50,36450.00,B2
2026-04-14,300548,100,231.37,23137.00,B2
2026-04-15,600276,500,57.73,28865.00,B2
2026-04-15,600487,600,52.13,31278.00,B2
2026-04-15,300433,2400,29.59,71016.00,B2
2026-04-15,601869,100,358.61,35861.00,B2
2026-04-15,300548,100,236.80,23680.00,B2
2026-04-16,600276,500,57.47,28735.00,B2
2026-04-16,600487,600,53.14,31884.00,B2
2026-04-16,300433,2400,25.64,61536.00,B2
2026-04-16,601869,100,368.52,36852.00,B2
2026-04-16,300548,100,241.26,24126.00,B2
2026-04-17,600276,500,56.33,28165.00,B2
2026-04-17,600487,600,55.65,33390.00,B2
2026-04-17,300433,2400,25.99,62376.00,B2
2026-04-17,601869,100,365.89,36589.00,B2
2026-04-17,300548,100,260.05,26005.00,B2
2026-04-20,600487,600,60.89,36534.00,B2
2026-04-20,300433,2400,27.20,65280.00,B2
2026-04-20,601869,100,385.00,38500.00,B2
2026-04-20,300548,100,256.38,25638.00,B2
2026-04-20,600176,1200,31.71,38052.00,B2
2026-04-21,600487,600,59.80,35880.00,B2
2026-04-21,300433,2400,26.84,64416.00,B2
2026-04-21,601869,100,381.58,38158.00,B2
2026-04-21,300548,100,264.85,26485.00,B2
2026-04-21,600176,1200,31.75,38100.00,B2
2026-04-22,300433,2400,27.25,65400.00,B2
2026-04-22,601869,100,412.00,41200.00,B2
2026-04-22,300548,100,279.26,27926.00,B2
2026-04-22,600176,1200,32.25,38700.00,B2
2026-04-22,001896,2200,17.50,38500.00,B2
2026-04-23,300548,100,270.96,27096.00,B2
2026-04-23,600176,1200,33.52,40224.00,B2
2026-04-23,001896,2200,17.97,39534.00,B2
2026-04-23,002436,600,28.40,17040.00,B2
2026-04-23,601166,4400,18.20,80080.00,B2
2026-04-24,300548,100,260.10,26010.00,B2
2026-04-24,600176,1200,33.00,39600.00,B2
2026-04-24,001896,2200,16.75,36850.00,B2
2026-04-24,002436,600,28.52,17112.00,B2
2026-04-24,601166,4400,18.18,79992.00,B2
2026-04-27,600176,1200,33.44,40128.00,B2
2026-04-27,001896,2200,16.39,36058.00,B2
2026-04-27,002436,600,29.23,17538.00,B2
2026-04-27,601166,4400,18.17,79948.00,B2
2026-04-28,600176,1200,34.50,41400.00,B2
2026-04-28,001896,2200,15.73,34606.00,B2
2026-04-28,002436,600,27.88,16728.00,B2
2026-04-28,601166,4400,18.14,79816.00,B2
2026-04-28,002812,300,78.51,23553.00,B2
2026-04-29,600176,1200,35.70,42840.00,B2
2026-04-29,001896,2200,16.93,37246.00,B2
2026-04-29,002436,600,27.46,16476.00,B2
2026-04-29,601166,4400,18.18,79992.00,B2
2026-04-29,002812,300,84.47,25341.00,B2
2026-04-30,600176,1200,34.50,41400.00,B2
2026-04-30,001896,2200,15.24,33528.00,B2
2026-04-30,002436,600,27.71,16626.00,B2
2026-04-30,601166,4400,17.93,78892.00,B2
2026-04-30,002812,300,82.95,24885.00,B2
2026-05-06,600176,1200,37.00,44400.00,B2
2026-05-06,001896,2200,16.40,36080.00,B2
2026-05-06,002436,600,29.47,17682.00,B2
2026-05-06,601166,4400,17.79,78276.00,B2
2026-05-06,002812,300,87.55,26265.00,B2
2026-05-07,001896,2200,16.76,36872.00,B2
2026-05-07,002436,600,32.42,19452.00,B2
2026-05-07,601166,4400,17.75,78100.00,B2
2026-05-07,002812,300,85.31,25593.00,B2
2026-05-07,688041,100,341.60,34160.00,B2
2026-05-08,001896,2200,16.41,36102.00,B2
2026-05-08,002436,600,32.01,19206.00,B2
2026-05-08,601166,4400,17.73,78012.00,B2
2026-05-08,002812,300,81.27,24381.00,B2
2026-05-08,688041,100,323.28,32328.00,B2
2026-05-11,002436,600,33.17,19902.00,B2
2026-05-11,601166,4400,17.73,78012.00,B2
2026-05-11,002812,300,81.79,24537.00,B2
2026-05-11,688041,100,349.18,34918.00,B2
2026-05-11,603179,400,71.20,28480.00,B2
2026-05-12,002812,300,83.42,25026.00,B2
2026-05-12,688041,100,349.19,34919.00,B2
2026-05-12,603179,400,72.20,28880.00,B2
2026-05-12,600584,1200,55.24,66288.00,B2
2026-05-12,688008,100,240.70,24070.00,B2
2026-05-13,002812,300,81.43,24429.00,B2
2026-05-13,688041,100,348.19,34819.00,B2
2026-05-13,603179,400,71.71,28684.00,B2
2026-05-13,600584,1200,57.49,68988.00,B2
2026-05-13,688008,100,258.80,25880.00,B2
2026-05-14,002812,300,75.78,22734.00,B2
2026-05-14,688041,100,325.20,32520.00,B2
2026-05-14,603179,400,70.80,28320.00,B2
2026-05-14,600584,1200,54.31,65172.00,B2
2026-05-14,688008,100,265.08,26508.00,B2
2026-05-15,688041,100,303.01,30301.00,B2
2026-05-15,603179,400,74.31,29724.00,B2
2026-05-15,600584,1200,58.05,69660.00,B2
2026-05-15,688008,100,247.98,24798.00,B2
2026-05-15,000021,1200,33.66,40392.00,B2
2026-05-18,688041,100,303.63,30363.00,B2
2026-05-18,603179,400,77.66,31064.00,B2
2026-05-18,600584,1200,58.33,69996.00,B2
2026-05-18,688008,100,247.99,24799.00,B2
2026-05-18,000021,1200,37.03,44436.00,B2
2026-05-19,688041,100,312.02,31202.00,B2
2026-05-19,603179,400,80.82,32328.00,B2
2026-05-19,600584,1200,60.81,72972.00,B2
2026-05-19,688008,100,247.11,24711.00,B2
2026-05-19,000021,1200,37.67,45204.00,B2
2026-05-20,688041,100,316.74,31674.00,B2
2026-05-20,603179,400,57.38,22952.00,B2
2026-05-20,600584,1200,66.22,79464.00,B2
2026-05-20,688008,100,257.30,25730.00,B2
2026-05-20,000021,1200,37.85,45420.00,B2
2026-05-21,603179,400,61.94,24776.00,B2
2026-05-21,600584,1200,66.84,80208.00,B2
2026-05-21,688008,100,262.17,26217.00,B2
2026-05-21,000021,1200,36.37,43644.00,B2
2026-05-22,603179,400,61.10,24440.00,B2
2026-05-22,600584,1200,72.88,87456.00,B2
2026-05-22,688008,100,271.83,27183.00,B2
2026-05-22,000021,1200,37.73,45276.00,B2
2026-05-25,600584,1200,80.17,96204.00,B2
2026-05-25,688008,100,284.08,28408.00,B2
2026-05-25,000021,1200,41.15,49380.00,B2
2026-05-25,300433,600,39.52,23712.00,B2
2026-05-26,600584,600,88.19,52914.00,B2
2026-05-26,000021,1200,42.75,51300.00,B2
2026-05-26,300433,600,38.48,23088.00,B2
2026-05-26,300408,400,116.93,46772.00,B2
2026-05-27,600584,500,86.16,43080.00,B2
2026-05-27,000021,1200,43.98,52776.00,B2
2026-05-27,300433,600,40.28,24168.00,B2
2026-05-27,300408,400,122.99,49196.00,B2
2026-05-28,600584,500,84.74,42370.00,B2
2026-05-28,000021,1200,42.65,51180.00,B2
2026-05-28,300433,600,40.23,24138.00,B2
2026-05-28,300408,400,132.11,52844.00,B2
2026-05-29,600584,500,82.05,41025.00,B2
2026-05-29,300433,600,40.50,24300.00,B2
2026-05-29,300408,400,128.78,51512.00,B2
2026-05-29,002463,400,132.04,52816.00,B2
2026-05-29,600183,300,140.62,42186.00,B2
2026-06-01,600584,600,75.65,45390.00,B2
2026-06-01,300433,600,41.83,25098.00,B2
2026-06-01,300408,400,125.63,50252.00,B2
2026-06-01,002463,400,122.51,49004.00,B2
2026-06-01,600183,300,135.63,40689.00,B2
2026-06-02,600584,2100,75.35,158235.00,B2
2026-06-02,300433,600,41.23,24738.00,B2
2026-06-02,300408,400,134.46,53784.00,B2
2026-06-02,002463,400,131.00,52400.00,B2
2026-06-02,600183,300,141.07,42321.00,B2
2026-06-03,300433,600,44.39,26634.00,B2
2026-06-03,300408,400,134.89,53956.00,B2
2026-06-03,002463,400,129.80,51920.00,B2
2026-06-03,600183,300,141.09,42327.00,B2
2026-06-03,300620,400,337.06,134824.00,B2
2026-06-04,300433,600,43.64,26184.00,B2
2026-06-04,300408,400,139.03,55612.00,B2
2026-06-04,002463,400,140.82,56328.00,B2
2026-06-04,600183,300,143.96,43188.00,B2
2026-06-04,300620,400,319.26,127704.00,B2
2026-06-05,300433,600,45.61,27366.00,B2
2026-06-05,300408,400,134.83,53932.00,B2
2026-06-05,002463,400,133.22,53288.00,B2
2026-06-05,600183,300,137.36,41208.00,B2
2026-06-05,300620,400,320.30,128120.00,B2
2026-06-08,300408,400,122.92,49168.00,B2
2026-06-08,002463,400,137.00,54800.00,B2
2026-06-08,600183,300,134.06,40218.00,B2
2026-06-08,300620,400,299.67,119868.00,B2
2026-06-09,002463,400,141.09,56436.00,B2
2026-06-09,600183,300,147.47,44241.00,B2
2026-06-09,300620,400,308.65,123460.00,B2
2026-06-09,688146,200,250.82,50164.00,B2
2026-06-10,002463,400,130.60,52240.00,B2
2026-06-10,600183,300,146.90,44070.00,B2
2026-06-10,300620,400,286.60,114640.00,B2
2026-06-10,688146,200,292.00,58400.00,B2
2026-06-11,002463,400,126.91,50764.00,B2
2026-06-11,600183,300,149.73,44919.00,B2
2026-06-11,300620,400,293.45,117380.00,B2
2026-06-11,688146,200,349.80,69960.00,B2
2026-06-11,600522,1100,49.27,54197.00,B2
2026-06-12,300620,400,285.88,114352.00,B2
2026-06-12,688146,200,302.00,60400.00,B2
2026-06-12,600522,1100,48.60,53460.00,B2
2026-06-12,002460,600,71.16,42696.00,B2
2026-06-12,002466,800,62.50,50000.00,B2
2026-06-15,300620,400,343.05,137220.00,B2
2026-06-15,688146,200,318.30,63660.00,B2
2026-06-15,600522,1100,51.35,56485.00,B2
2026-06-15,002460,600,71.32,42792.00,B2
2026-06-15,002466,800,63.72,50976.00,B2
2026-06-16,300620,400,392.49,156996.00,B2
2026-06-16,688146,200,323.00,64600.00,B2
2026-06-16,600522,1100,54.15,59565.00,B2
2026-06-16,002460,600,71.45,42870.00,B2
2026-06-16,002466,800,63.99,51192.00,B2
2026-06-17,688146,200,339.70,67940.00,B2
2026-06-17,600522,1100,54.91,60401.00,B2
2026-06-17,002460,600,71.32,42792.00,B2
2026-06-17,002466,800,64.04,51232.00,B2
2026-06-17,301217,700,181.69,127183.00,B2
2026-06-18,688146,200,364.00,72800.00,B2
2026-06-18,600522,1100,56.55,62205.00,B2
2026-06-18,002460,600,69.36,41616.00,B2
2026-06-18,002466,800,62.18,49744.00,B2
2026-06-18,301217,700,200.00,140000.00,B2
2026-06-22,688146,200,389.99,77998.00,B2
2026-06-22,600522,1100,59.63,65593.00,B2
2026-06-22,002460,600,72.05,43230.00,B2
2026-06-22,002466,800,64.97,51976.00,B2
2026-06-22,301217,700,196.50,137550.00,B2
2026-06-23,688146,200,0.00,0.00,B2
2026-06-23,600522,1100,61.73,67903.00,B2
2026-06-23,002460,600,68.00,40800.00,B2
2026-06-23,002466,800,61.32,49056.00,B2
2026-06-23,301217,700,171.81,120267.00,B2
2026-06-24,688146,200,0.00,0.00,B2
2026-06-24,600522,1100,61.91,68101.00,B2
2026-06-24,002460,600,71.62,42972.00,B2
2026-06-24,002466,800,66.13,52904.00,B2
2026-06-24,301217,700,186.69,130683.00,B2
2026-06-24,002008,200,152.23,30446.00,B2
2026-06-25,688146,200,0.00,0.00,B2
2026-06-25,600522,1100,68.10,74910.00,B2
2026-06-25,002460,600,68.36,41016.00,B2
2026-06-25,002466,800,64.64,51712.00,B2
2026-06-25,301217,700,183.27,128289.00,B2
2026-06-25,002008,200,152.80,30560.00,B2
2026-06-26,002460,600,63.38,38028.00,B2
2026-06-26,002466,800,58.92,47136.00,B2
2026-06-26,301217,700,170.30,119210.00,B2
2026-06-26,002008,200,151.27,30254.00,B2
2026-06-26,000021,2400,53.51,128424.00,B2
2026-06-29,301217,700,160.68,112476.00,B2
2026-06-29,002008,200,141.20,28240.00,B2
2026-06-29,000021,2400,58.86,141264.00,B2
2026-06-29,688110,200,193.30,38660.00,B2
2026-06-30,301217,700,165.07,115549.00,B2
2026-06-30,002008,200,150.11,30022.00,B2
2026-06-30,000021,2400,64.27,154248.00,B2
2026-06-30,688110,200,203.70,40740.00,B2
