bucket_type,bucket,strategy,cost_rate,periods,total_return,avg_return,win_rate,max_drawdown
index_bucket,index_neutral,liq20_bs_model_rank_score_b_bonus_0pct,0.0,25,1.3136237833856184,0.0376464060767337,0.48,-0.24995895055861495
index_bucket,index_neutral,liq_top_20_then_model_rank,0.0,25,1.3136237833856184,0.0376464060767337,0.48,-0.24995895055861495
index_bucket,index_neutral,liq20_bs_model_rank_score_b_bonus_3pct,0.0,25,1.3028544380971931,0.03681409023262413,0.56,-0.26014309075427244
index_bucket,index_neutral,liq20_bs_model_rank_score_b_bonus_5pct,0.0,25,0.4714393728997759,0.017170093308598124,0.6,-0.15903056423799322
index_bucket,index_neutral,liq20_bs_model_rank_score_b_bonus_8pct,0.0,25,0.42546848864943887,0.015886034889789225,0.6,-0.13949176040052402
index_bucket,index_neutral,baseline_b_consensus,0.0,25,0.25520575747146723,0.011339223036899562,0.52,-0.2649563124491787
index_bucket,index_neutral,liq_top_20_then_consensus,0.0,25,-0.04182585644420167,0.0027484603477182135,0.64,-0.36895705000724666
index_bucket,index_neutral,tiered_liquidity_then_bs_v2,0.0,50,-0.07570627136347663,0.002966151687091403,0.5,-0.7014902004323942
index_bucket,index_neutral,baseline_full_score,0.0,50,-0.13036511882713242,0.002553275944555865,0.46,-0.5481694938921673
index_bucket,index_neutral,liq20_bs_score_v2_b_bonus_5pct,0.0,50,-0.17612151732798698,-0.00033554548833004293,0.44,-0.6859951774288717
index_bucket,index_neutral,baseline_b_score_v2,0.0,50,-0.25155346620958896,-0.003942048027951376,0.44,-0.5992983864329524
index_bucket,index_neutral,liq20_bs_score_v2_b_bonus_3pct,0.0,50,-0.29497847456707016,-0.0031176839223201287,0.46,-0.7285910755575788
index_bucket,index_neutral,baseline_full_liquidity_detail,0.0,50,-0.38659797385928807,-0.006693533569921953,0.42,-0.7062754476830896
index_bucket,index_neutral,liq_top_20_then_liquidity_detail,0.0,50,-0.38659797385928807,-0.006693533569921953,0.42,-0.7062754476830896
index_bucket,index_neutral,liq_top_30_then_liquidity_detail,0.0,50,-0.38659797385928807,-0.006693533569921953,0.42,-0.7062754476830896
index_bucket,index_neutral,liq_top_10_then_liquidity_detail,0.0,50,-0.39211489447164183,-0.006898481519510057,0.42,-0.7089171980653417
index_bucket,index_neutral,tiered_liquidity_then_liquidity_detail,0.0,50,-0.4164664511190873,-0.007661087170372219,0.42,-0.7205778215547889
index_bucket,index_neutral,baseline_full_liquidity,0.0,50,-0.4314573835169838,-0.008973463923562377,0.4,-0.7344728121292611
index_bucket,index_neutral,liq_top_10_then_score_industry_penalty_10pt,0.0,50,-0.43659361279606,-0.00569774869994152,0.42,-0.7596261225409382
index_bucket,index_neutral,liq20_bs_score_v2_b_bonus_0pct,0.0,50,-0.45747579975547825,-0.007691882013491886,0.42,-0.7832406990904737
index_bucket,index_neutral,liq_top_20_then_bs_v2,0.0,50,-0.45747579975547825,-0.007691882013491886,0.42,-0.7832406990904737
index_bucket,index_neutral,liq_top_10_then_score_industry_penalty_5pt,0.0,50,-0.49465340648478184,-0.007788210020567339,0.4,-0.784396977203577
index_bucket,index_neutral,liq20_bs_score_v2_b_bonus_8pct,0.0,50,-0.5186032573309487,-0.011149112278830404,0.36,-0.7702575039750233
index_bucket,index_neutral,baseline_full_liquidity_industry_cap2,0.0,50,-0.5365743226736065,-0.013104641834406709,0.36,-0.7411741060374314
index_bucket,index_neutral,baseline_full_liquidity_industry_penalty_0p10pt,0.0,50,-0.5887323179480648,-0.015848172762094204,0.26,-0.7696354895069599
index_bucket,index_neutral,baseline_full_liquidity_industry_penalty_0p25pt,0.0,50,-0.5887323179480648,-0.015848172762094204,0.26,-0.7696354895069599
index_bucket,index_neutral,baseline_full_liquidity_industry_penalty_0p50pt,0.0,50,-0.5887323179480648,-0.015848172762094204,0.26,-0.7696354895069599
index_bucket,index_neutral,baseline_full_liquidity_industry_penalty_1pt,0.0,50,-0.5887323179480648,-0.015848172762094204,0.26,-0.7696354895069599
index_bucket,index_neutral,baseline_full_liquidity_industry_penalty_2pt,0.0,50,-0.5887323179480648,-0.015848172762094204,0.26,-0.7696354895069599
index_bucket,index_neutral,liq_top_20_then_dynamic_factor,0.0,50,-0.6397702491703059,-0.01594603528088878,0.32,-0.7803132727760462
index_bucket,index_neutral,liq_top_10_then_score_industry_cap2,0.0,50,-0.6411251241870741,-0.012883058470962943,0.34,-0.8582055227794512
index_bucket,index_neutral,liq_top_10_then_liq_breakout_adj,0.0,50,-0.6567544263572265,-0.013657051023983468,0.34,-0.8625438199772929
index_bucket,index_neutral,liq_top_10_then_score,0.0,50,-0.6567544263572265,-0.013657051023983468,0.34,-0.8625438199772929
index_bucket,index_neutral,baseline_full_liq_breakout_adj,0.0,50,-0.6695116682133984,-0.017290084342715565,0.4,-0.7904171774068982
index_bucket,index_neutral,liq_top_30_then_liq_breakout_adj,0.0,50,-0.6782404245344604,-0.018613934530223863,0.42,-0.7822859346710244
index_bucket,index_neutral,liq_top_30_then_score,0.0,50,-0.6782404245344604,-0.018613934530223863,0.42,-0.7822859346710244
index_bucket,index_neutral,tiered_liquidity_then_score_industry_penalty_5pt,0.0,50,-0.6869790114905003,-0.017433686683573254,0.34,-0.8363700701843406
index_bucket,index_neutral,liq20_score_b_bonus_5pct,0.0,50,-0.6933517133709731,-0.019346941435483024,0.36,-0.8137511652782982
index_bucket,index_neutral,baseline_full_dynamic_factor_industry_cap2,0.0,50,-0.6986289248816802,-0.02009993856032501,0.32,-0.8153119869705016
index_bucket,index_neutral,liq_top_30_then_dynamic_factor,0.0,50,-0.7317746750956913,-0.022031816706657503,0.3,-0.8387756304098601
index_bucket,index_neutral,baseline_full_dynamic_factor,0.0,50,-0.7427255253478944,-0.022878946606509687,0.3,-0.8542998713024865
index_bucket,index_neutral,liq20_score_b_bonus_8pct,0.0,50,-0.7499158722326051,-0.024144419778739632,0.32,-0.8302695266458888
index_bucket,index_neutral,liq_top_10_then_dynamic_factor,0.0,50,-0.763554521568756,-0.02402526795512565,0.32,-0.8740129954599556
index_bucket,index_neutral,tiered_liquidity_then_score_industry_cap2,0.0,50,-0.7844183961087752,-0.02365638561051959,0.3,-0.8879635911537117
index_bucket,index_neutral,tiered_liquidity_then_dynamic_factor,0.0,50,-0.7933103704910677,-0.026379976972976477,0.32,-0.873949977331506
index_bucket,index_neutral,tiered_liquidity_then_liq_breakout_adj,0.0,50,-0.8023213085432781,-0.025198505452447718,0.3,-0.8972676225777627
index_bucket,index_neutral,tiered_liquidity_then_score,0.0,50,-0.8023213085432781,-0.025198505452447718,0.3,-0.8972676225777627
index_bucket,index_neutral,liq20_score_b_bonus_3pct,0.0,50,-0.8172354133111825,-0.02916284536481677,0.34,-0.865554485539982
index_bucket,index_neutral,liq20_score_b_bonus_0pct,0.0,50,-0.8500950251099733,-0.0330561781557587,0.38,-0.8870709301507811
index_bucket,index_neutral,liq_top_20_then_liq_breakout_adj,0.0,50,-0.8500950251099733,-0.0330561781557587,0.38,-0.8870709301507811
index_bucket,index_neutral,liq_top_20_then_score,0.0,50,-0.8500950251099733,-0.0330561781557587,0.38,-0.8870709301507811
index_bucket,index_neutral,liq20_bs_model_rank_score_b_bonus_0pct,0.0015,25,1.2308989024189638,0.0361464060767337,0.48,-0.2647918013607399
index_bucket,index_neutral,liq_top_20_then_model_rank,0.0015,25,1.2308989024189638,0.0361464060767337,0.48,-0.2647918013607399
index_bucket,index_neutral,liq20_bs_model_rank_score_b_bonus_3pct,0.0015,25,1.2205472086852671,0.035314090232624135,0.52,-0.2700567338290156
index_bucket,index_neutral,liq20_bs_model_rank_score_b_bonus_5pct,0.0015,25,0.41797731158267415,0.015670093308598122,0.6,-0.1642885539020681
index_bucket,index_neutral,liq20_bs_model_rank_score_b_bonus_8pct,0.0015,25,0.3736116855319769,0.014386034889789224,0.56,-0.14484282262615022
index_bucket,index_neutral,baseline_b_consensus,0.0015,25,0.2092888222911944,0.009839223036899561,0.52,-0.2816758477451672
index_bucket,index_neutral,liq_top_20_then_consensus,0.0015,25,-0.07733747136763591,0.0012484603477182121,0.64,-0.3750751088757037
index_bucket,index_neutral,tiered_liquidity_then_bs_v2,0.0015,50,-0.142933277970279,0.0014661516870914009,0.5,-0.7164972178420453
index_bucket,index_neutral,baseline_full_score,0.0015,50,-0.19374909172639954,0.001053275944555864,0.46,-0.55681684665093
index_bucket,index_neutral,liq20_bs_score_v2_b_bonus_5pct,0.0015,50,-0.2361184559212398,-0.0018355454883300453,0.44,-0.70218599234255
index_bucket,index_neutral,baseline_b_score_v2,0.0015,50,-0.3060727893849968,-0.005442048027951375,0.44,-0.6197958261972469
index_bucket,index_neutral,liq20_bs_score_v2_b_bonus_3pct,0.0015,50,-0.34649239377608776,-0.00461768392232013,0.46,-0.7426498651024426
index_bucket,index_neutral,baseline_full_liquidity_detail,0.0015,50,-0.4315045071790723,-0.008193533569921953,0.4,-0.7235358742199062
index_bucket,index_neutral,liq_top_20_then_liquidity_detail,0.0015,50,-0.4315045071790723,-0.008193533569921953,0.4,-0.7235358742199062
index_bucket,index_neutral,liq_top_30_then_liquidity_detail,0.0015,50,-0.4315045071790723,-0.008193533569921953,0.4,-0.7235358742199062
index_bucket,index_neutral,liq_top_10_then_liquidity_detail,0.0015,50,-0.4366240348789763,-0.008398481519510058,0.4,-0.7260255434746927
index_bucket,index_neutral,tiered_liquidity_then_liquidity_detail,0.0015,50,-0.45922820056653857,-0.009161087170372218,0.4,-0.7370181388157584
index_bucket,index_neutral,baseline_full_liquidity,0.0015,50,-0.4731052767673215,-0.010473463923562378,0.4,-0.7478298432093096
index_bucket,index_neutral,liq_top_10_then_score_industry_penalty_10pt,0.0015,50,-0.4780148485170149,-0.007197748699941524,0.42,-0.7738586391088099
index_bucket,index_neutral,liq20_bs_score_v2_b_bonus_0pct,0.0015,50,-0.49734339980821973,-0.009191882013491887,0.42,-0.7945505561637802
index_bucket,index_neutral,liq_top_20_then_bs_v2,0.0015,50,-0.49734339980821973,-0.009191882013491887,0.42,-0.7945505561637802
index_bucket,index_neutral,liq_top_10_then_score_industry_penalty_5pt,0.0015,50,-0.5318857830019285,-0.009288210020567343,0.4,-0.797197322981881
index_bucket,index_neutral,liq20_bs_score_v2_b_bonus_8pct,0.0015,50,-0.554019243203322,-0.01264911227883041,0.36,-0.7828625341175265
index_bucket,index_neutral,baseline_full_liquidity_industry_cap2,0.0015,50,-0.5706529399602704,-0.014604641834406714,0.36,-0.7578691102352666
index_bucket,index_neutral,baseline_full_liquidity_industry_penalty_0p10pt,0.0015,50,-0.6190333818844427,-0.017348172762094206,0.24,-0.784528364732446
index_bucket,index_neutral,baseline_full_liquidity_industry_penalty_0p25pt,0.0015,50,-0.6190333818844427,-0.017348172762094206,0.24,-0.784528364732446
index_bucket,index_neutral,baseline_full_liquidity_industry_penalty_0p50pt,0.0015,50,-0.6190333818844427,-0.017348172762094206,0.24,-0.784528364732446
index_bucket,index_neutral,baseline_full_liquidity_industry_penalty_1pt,0.0015,50,-0.6190333818844427,-0.017348172762094206,0.24,-0.784528364732446
index_bucket,index_neutral,baseline_full_liquidity_industry_penalty_2pt,0.0015,50,-0.6190333818844427,-0.017348172762094206,0.24,-0.784528364732446
index_bucket,index_neutral,liq_top_20_then_dynamic_factor,0.0015,50,-0.6664418343245405,-0.01744603528088878,0.3,-0.7951851876702656
index_bucket,index_neutral,liq_top_10_then_score_industry_cap2,0.0015,50,-0.6677854612270946,-0.014383058470962945,0.34,-0.8667225537134469
index_bucket,index_neutral,liq_top_10_then_liq_breakout_adj,0.0015,50,-0.6822781195980969,-0.01515705102398347,0.34,-0.8708073377145075
index_bucket,index_neutral,liq_top_10_then_score,0.0015,50,-0.6822781195980969,-0.01515705102398347,0.34,-0.8708073377145075
index_bucket,index_neutral,baseline_full_liq_breakout_adj,0.0015,50,-0.6940367472829758,-0.018790084342715566,0.4,-0.8040451876882718
index_bucket,index_neutral,liq_top_30_then_liq_breakout_adj,0.0015,50,-0.7021130741765607,-0.020113934530223868,0.42,-0.7961179078939146
index_bucket,index_neutral,liq_top_30_then_score,0.0015,50,-0.7021130741765607,-0.020113934530223868,0.42,-0.7961179078939146
index_bucket,index_neutral,tiered_liquidity_then_score_industry_penalty_5pt,0.0015,50,-0.7102507487410926,-0.018933686683573255,0.34,-0.8461532188542875
index_bucket,index_neutral,liq20_score_b_bonus_5pct,0.0015,50,-0.7161253303817683,-0.02084694143548303,0.36,-0.8235099904970311
index_bucket,index_neutral,baseline_full_dynamic_factor_industry_cap2,0.0015,50,-0.7210068919660462,-0.021599938560325018,0.3,-0.8269430190741105
index_bucket,index_neutral,liq_top_30_then_dynamic_factor,0.0015,50,-0.7517426397370747,-0.023531816706657507,0.26,-0.8489634845990317
index_bucket,index_neutral,baseline_full_dynamic_factor,0.0015,50,-0.7618929242568039,-0.02437894660650969,0.26,-0.8635266831465995
index_bucket,index_neutral,liq20_score_b_bonus_8pct,0.0015,50,-0.7685462005833983,-0.02564441977873963,0.32,-0.8399043661650145
index_bucket,index_neutral,liq_top_10_then_dynamic_factor,0.0015,50,-0.7812067620343134,-0.025525267955125653,0.3,-0.8820214632581755
index_bucket,index_neutral,tiered_liquidity_then_score_industry_cap2,0.0015,50,-0.8005803034093647,-0.025156385610519586,0.3,-0.8956763014630331
index_bucket,index_neutral,tiered_liquidity_then_dynamic_factor,0.0015,50,-0.8087863469882342,-0.027879976972976478,0.3,-0.882589027982027
index_bucket,index_neutral,tiered_liquidity_then_liq_breakout_adj,0.0015,50,-0.8171678400253934,-0.026698505452447722,0.3,-0.9043538453515576
index_bucket,index_neutral,tiered_liquidity_then_score,0.0015,50,-0.8171678400253934,-0.026698505452447722,0.3,-0.9043538453515576
index_bucket,index_neutral,liq20_score_b_bonus_3pct,0.0015,50,-0.8309490068030482,-0.030662845364816765,0.34,-0.8741957800554654
index_bucket,index_neutral,liq20_score_b_bonus_0pct,0.0015,50,-0.8613857070471655,-0.034556178155758704,0.38,-0.8943582244646248
index_bucket,index_neutral,liq_top_20_then_liq_breakout_adj,0.0015,50,-0.8613857070471655,-0.034556178155758704,0.38,-0.8943582244646248
index_bucket,index_neutral,liq_top_20_then_score,0.0015,50,-0.8613857070471655,-0.034556178155758704,0.38,-0.8943582244646248
index_bucket,index_neutral,liq20_bs_model_rank_score_b_bonus_0pct,0.002,25,1.203960385874204,0.03564640607673371,0.48,-0.269675606825001
index_bucket,index_neutral,liq_top_20_then_model_rank,0.002,25,1.203960385874204,0.03564640607673371,0.48,-0.269675606825001
index_bucket,index_neutral,liq20_bs_model_rank_score_b_bonus_3pct,0.002,25,1.1937444724776398,0.034814090232624134,0.52,-0.27345309295371123
index_bucket,index_neutral,liq20_bs_model_rank_score_b_bonus_5pct,0.002,25,0.40057469980116966,0.015170093308598122,0.6,-0.1660357264944804
index_bucket,index_neutral,liq20_bs_model_rank_score_b_bonus_8pct,0.002,25,0.3567321199734961,0.013886034889789223,0.56,-0.1466209536675851
index_bucket,index_neutral,baseline_b_consensus,0.002,25,0.1943447072635771,0.00933922303689956,0.52,-0.28716968975264623
index_bucket,index_neutral,liq_top_20_then_consensus,0.002,25,-0.08889142896181312,0.0007484603477182117,0.64,-0.377103451394147
index_bucket,index_neutral,tiered_liquidity_then_bs_v2,0.002,50,-0.16425896406328933,0.0009661516870914005,0.5,-0.7213350217786438
index_bucket,index_neutral,baseline_full_score,0.002,50,-0.2138535623618084,0.0005532759445558635,0.46,-0.5598269896057082
index_bucket,index_neutral,liq20_bs_score_v2_b_bonus_5pct,0.002,50,-0.25514938046344415,-0.002335545488330044,0.44,-0.7074006293433495
index_bucket,index_neutral,baseline_b_score_v2,0.002,50,-0.32336591497311085,-0.005942048027951376,0.44,-0.6265840941750626
index_bucket,index_neutral,liq20_bs_score_v2_b_bonus_3pct,0.002,50,-0.36282969101878904,-0.005117683922320131,0.46,-0.7471771001485112
index_bucket,index_neutral,baseline_full_liquidity_detail,0.002,50,-0.445744858289312,-0.008693533569921953,0.4,-0.7290666286523035
index_bucket,index_neutral,liq_top_20_then_liquidity_detail,0.002,50,-0.445744858289312,-0.008693533569921953,0.4,-0.7290666286523035
index_bucket,index_neutral,liq_top_30_then_liquidity_detail,0.002,50,-0.445744858289312,-0.008693533569921953,0.4,-0.7290666286523035
index_bucket,index_neutral,liq_top_10_then_liquidity_detail,0.002,50,-0.45073826017749596,-0.008898481519510053,0.4,-0.7315075247419348
index_bucket,index_neutral,tiered_liquidity_then_liquidity_detail,0.002,50,-0.47278772582374373,-0.009661087170372219,0.4,-0.742285838941267
index_bucket,index_neutral,baseline_full_liquidity,0.002,50,-0.48631183070066064,-0.010973463923562379,0.4,-0.7521356263611527
index_bucket,index_neutral,liq_top_10_then_score_industry_penalty_10pt,0.002,50,-0.49114714536717297,-0.007697748699941522,0.42,-0.7784177715498595
index_bucket,index_neutral,liq20_bs_score_v2_b_bonus_0pct,0.002,50,-0.5099834021232941,-0.009691882013491889,0.42,-0.7981916368479773
index_bucket,index_neutral,liq_top_20_then_bs_v2,0.002,50,-0.5099834021232941,-0.009691882013491889,0.42,-0.7981916368479773
index_bucket,index_neutral,liq_top_10_then_score_industry_penalty_5pt,0.002,50,-0.5436887097452658,-0.00978821002056734,0.4,-0.8012972283813536
index_bucket,index_neutral,liq20_bs_score_v2_b_bonus_8pct,0.002,50,-0.565247163726187,-0.013149112278830406,0.36,-0.7869128182908519
index_bucket,index_neutral,baseline_full_liquidity_industry_cap2,0.002,50,-0.5814571011256532,-0.01510464183440671,0.34,-0.7631967367442678
index_bucket,index_neutral,baseline_full_liquidity_industry_penalty_0p10pt,0.002,50,-0.628638950107783,-0.017848172762094206,0.24,-0.789280413185554
index_bucket,index_neutral,baseline_full_liquidity_industry_penalty_0p25pt,0.002,50,-0.628638950107783,-0.017848172762094206,0.24,-0.789280413185554
index_bucket,index_neutral,baseline_full_liquidity_industry_penalty_0p50pt,0.002,50,-0.628638950107783,-0.017848172762094206,0.24,-0.789280413185554
index_bucket,index_neutral,baseline_full_liquidity_industry_penalty_1pt,0.002,50,-0.628638950107783,-0.017848172762094206,0.24,-0.789280413185554
index_bucket,index_neutral,baseline_full_liquidity_industry_penalty_2pt,0.002,50,-0.628638950107783,-0.017848172762094206,0.24,-0.789280413185554
index_bucket,index_neutral,liq_top_20_then_dynamic_factor,0.002,50,-0.6748946967574543,-0.01794603528088878,0.3,-0.7999201919128404
index_bucket,index_neutral,liq_top_10_then_score_industry_cap2,0.002,50,-0.6762333281458195,-0.014883058470962945,0.34,-0.8694492155313004
index_bucket,index_neutral,liq_top_10_then_liq_breakout_adj,0.002,50,-0.6903654095942364,-0.01565705102398347,0.34,-0.8734527449548205
index_bucket,index_neutral,liq_top_10_then_score,0.002,50,-0.6903654095942364,-0.01565705102398347,0.34,-0.8734527449548205
index_bucket,index_neutral,baseline_full_liq_breakout_adj,0.002,50,-0.7018084145306072,-0.019290084342715563,0.4,-0.8083925300080504
index_bucket,index_neutral,liq_top_30_then_liq_breakout_adj,0.002,50,-0.7096780634479929,-0.020613934530223865,0.42,-0.8005350366769919
index_bucket,index_neutral,liq_top_30_then_score,0.002,50,-0.7096780634479929,-0.020613934530223865,0.42,-0.8005350366769919
index_bucket,index_neutral,tiered_liquidity_then_score_industry_penalty_5pt,0.002,50,-0.7176245400235866,-0.01943368668357326,0.34,-0.8492858157435033
index_bucket,index_neutral,liq20_score_b_bonus_5pct,0.002,50,-0.7233416752522752,-0.021346941435483033,0.36,-0.8266512587807548
index_bucket,index_neutral,baseline_full_dynamic_factor_industry_cap2,0.002,50,-0.7280979194977695,-0.022099938560325015,0.3,-0.8307023313168262
index_bucket,index_neutral,liq_top_30_then_dynamic_factor,0.002,50,-0.7580691406736351,-0.024031816706657504,0.26,-0.8522557151402822
index_bucket,index_neutral,baseline_full_dynamic_factor,0.002,50,-0.767965532761897,-0.02487894660650969,0.26,-0.8665079857849091
index_bucket,index_neutral,liq20_score_b_bonus_8pct,0.002,50,-0.7744486709580746,-0.026144419778739637,0.32,-0.8429961111357706
index_bucket,index_neutral,liq_top_10_then_dynamic_factor,0.002,50,-0.7867987260962825,-0.026025267955125653,0.3,-0.8846085560553647
index_bucket,index_neutral,tiered_liquidity_then_score_industry_cap2,0.002,50,-0.8056990426743533,-0.02565638561051959,0.3,-0.8981299484169148
index_bucket,index_neutral,tiered_liquidity_then_dynamic_factor,0.002,50,-0.8136881437028518,-0.02837997697297648,0.3,-0.8853379502564279
index_bucket,index_neutral,tiered_liquidity_then_liq_breakout_adj,0.002,50,-0.8218695254981941,-0.02719850545244772,0.3,-0.9066079710785696
index_bucket,index_neutral,tiered_liquidity_then_score,0.002,50,-0.8218695254981941,-0.02719850545244772,0.3,-0.9066079710785696
index_bucket,index_neutral,liq20_score_b_bonus_3pct,0.002,50,-0.8352921010388183,-0.031162845364816772,0.34,-0.8769538774768602
index_bucket,index_neutral,liq20_score_b_bonus_0pct,0.002,50,-0.8649607395554855,-0.035056178155758705,0.38,-0.896683739091359
index_bucket,index_neutral,liq_top_20_then_liq_breakout_adj,0.002,50,-0.8649607395554855,-0.035056178155758705,0.38,-0.896683739091359
index_bucket,index_neutral,liq_top_20_then_score,0.002,50,-0.8649607395554855,-0.035056178155758705,0.38,-0.896683739091359
index_bucket,index_strong,liq_top_10_then_liq_breakout_adj,0.0,6,0.791414504612536,0.11168481876728602,0.6666666666666666,-0.16506748411503436
index_bucket,index_strong,liq_top_10_then_score,0.0,6,0.791414504612536,0.11168481876728602,0.6666666666666666,-0.16506748411503436
index_bucket,index_strong,liq_top_10_then_score_industry_cap2,0.0,6,0.791414504612536,0.11168481876728602,0.6666666666666666,-0.16506748411503436
index_bucket,index_strong,tiered_liquidity_then_liq_breakout_adj,0.0,6,0.6892239742417199,0.09933643009857189,0.6666666666666666,-0.15173365868778665
index_bucket,index_strong,tiered_liquidity_then_score,0.0,6,0.6892239742417199,0.09933643009857189,0.6666666666666666,-0.15173365868778665
index_bucket,index_strong,tiered_liquidity_then_score_industry_cap2,0.0,6,0.6892239742417199,0.09933643009857189,0.6666666666666666,-0.15173365868778665
index_bucket,index_strong,tiered_liquidity_then_score_industry_penalty_5pt,0.0,6,0.6779385238512148,0.09682025634827036,0.6666666666666666,-0.09484661893972823
index_bucket,index_strong,liq_top_10_then_score_industry_penalty_10pt,0.0,6,0.6500583800204394,0.09743474846938179,0.6666666666666666,-0.1738560380935742
index_bucket,index_strong,liq_top_10_then_score_industry_penalty_5pt,0.0,6,0.6500583800204394,0.09743474846938179,0.6666666666666666,-0.1738560380935742
index_bucket,index_strong,baseline_b_score_v2,0.0,6,0.5461942212080495,0.07928714934101015,0.6666666666666666,-0.007288740966137297
index_bucket,index_strong,baseline_full_score,0.0,6,0.5311715992081429,0.07821730333585174,0.6666666666666666,-0.11103039147488003
index_bucket,index_strong,tiered_liquidity_then_bs_v2,0.0,6,0.5308178479114001,0.0774442249662912,0.8333333333333334,-0.08256079187003729
index_bucket,index_strong,baseline_full_liq_breakout_adj,0.0,6,0.5264154962544514,0.07782945567467565,0.6666666666666666,-0.11103039147487992
index_bucket,index_strong,liq20_bs_score_v2_b_bonus_3pct,0.0,6,0.4559923741416756,0.06938676286101682,0.6666666666666666,-0.0721041428744209
index_bucket,index_strong,liq20_score_b_bonus_0pct,0.0,6,0.4464973506326393,0.0715668581155993,0.6666666666666666,-0.17557017765858207
index_bucket,index_strong,liq_top_20_then_liq_breakout_adj,0.0,6,0.4464973506326393,0.0715668581155993,0.6666666666666666,-0.17557017765858207
index_bucket,index_strong,liq_top_20_then_score,0.0,6,0.4464973506326393,0.0715668581155993,0.6666666666666666,-0.17557017765858207
index_bucket,index_strong,liq20_bs_score_v2_b_bonus_0pct,0.0,6,0.42655964782030376,0.06714031489282159,0.6666666666666666,-0.13408424805009056
index_bucket,index_strong,liq_top_20_then_bs_v2,0.0,6,0.42655964782030376,0.06714031489282159,0.6666666666666666,-0.13408424805009056
index_bucket,index_strong,liq20_bs_score_v2_b_bonus_5pct,0.0,6,0.42442497422458336,0.06437219609283024,0.6666666666666666,-0.055982323669583556
index_bucket,index_strong,liq20_bs_score_v2_b_bonus_8pct,0.0,6,0.42086761381267257,0.0646928506944544,0.6666666666666666,-0.07994856839532194
index_bucket,index_strong,liq_top_30_then_liq_breakout_adj,0.0,6,0.3734991741112086,0.05953471532000807,0.6666666666666666,-0.1263091401915034
index_bucket,index_strong,liq_top_30_then_score,0.0,6,0.3734991741112086,0.05953471532000807,0.6666666666666666,-0.1263091401915034
index_bucket,index_strong,liq20_score_b_bonus_3pct,0.0,6,0.33821987935766784,0.05588831034501852,0.6666666666666666,-0.15901563303018518
index_bucket,index_strong,baseline_full_liquidity_detail,0.0,6,0.3338876351724871,0.05576079016014899,0.5,-0.1425624680998362
index_bucket,index_strong,liq_top_20_then_liquidity_detail,0.0,6,0.3338876351724871,0.05576079016014899,0.5,-0.1425624680998362
index_bucket,index_strong,liq_top_30_then_liquidity_detail,0.0,6,0.3338876351724871,0.05576079016014899,0.5,-0.1425624680998362
index_bucket,index_strong,liq20_score_b_bonus_8pct,0.0,6,0.31519159464289515,0.051545184121705646,0.6666666666666666,-0.12146915726923913
index_bucket,index_strong,liq_top_10_then_liquidity_detail,0.0,6,0.298633222286405,0.0515860546281017,0.5,-0.16522438952151763
index_bucket,index_strong,tiered_liquidity_then_liquidity_detail,0.0,6,0.298633222286405,0.0515860546281017,0.5,-0.16522438952151763
index_bucket,index_strong,liq20_bs_model_rank_score_b_bonus_0pct,0.0,4,0.2814792671734778,0.06666355651724007,0.5,-0.0004433645262785779
index_bucket,index_strong,liq_top_20_then_model_rank,0.0,4,0.2814792671734778,0.06666355651724007,0.5,-0.0004433645262785779
index_bucket,index_strong,liq20_score_b_bonus_5pct,0.0,6,0.2587085506808362,0.04244218924338112,0.6666666666666666,-0.10129259070300578
index_bucket,index_strong,baseline_b_consensus,0.0,4,0.21946321148685533,0.05127631400113791,1.0,0.0
index_bucket,index_strong,liq20_bs_model_rank_score_b_bonus_3pct,0.0,4,0.17076683861641961,0.043255906066757485,0.5,-0.04058572989181919
index_bucket,index_strong,liq20_bs_model_rank_score_b_bonus_8pct,0.0,4,0.14426146402340478,0.03544131453509598,0.75,0.0
index_bucket,index_strong,baseline_full_dynamic_factor,0.0,6,0.12256743679929882,0.030803656643651162,0.5,-0.25419498174587885
index_bucket,index_strong,liq_top_10_then_dynamic_factor,0.0,6,0.12256743679929882,0.030803656643651162,0.5,-0.25419498174587885
index_bucket,index_strong,liq_top_20_then_dynamic_factor,0.0,6,0.12256743679929882,0.030803656643651162,0.5,-0.25419498174587885
index_bucket,index_strong,liq_top_30_then_dynamic_factor,0.0,6,0.12256743679929882,0.030803656643651162,0.5,-0.25419498174587885
index_bucket,index_strong,tiered_liquidity_then_dynamic_factor,0.0,6,0.12256743679929882,0.030803656643651162,0.5,-0.25419498174587885
index_bucket,index_strong,liq20_bs_model_rank_score_b_bonus_5pct,0.0,4,0.11626981472015818,0.029048957219814472,0.75,0.0
index_bucket,index_strong,baseline_full_dynamic_factor_industry_cap2,0.0,6,0.10744050205408673,0.029842341336837705,0.5,-0.2756756321749625
index_bucket,index_strong,baseline_full_liquidity_industry_penalty_0p10pt,0.0,6,0.04080614811455985,0.009580053866231952,0.3333333333333333,-0.11424762361136642
index_bucket,index_strong,baseline_full_liquidity_industry_penalty_0p25pt,0.0,6,0.04080614811455985,0.009580053866231952,0.3333333333333333,-0.11424762361136642
index_bucket,index_strong,baseline_full_liquidity_industry_penalty_0p50pt,0.0,6,0.04080614811455985,0.009580053866231952,0.3333333333333333,-0.11424762361136642
index_bucket,index_strong,baseline_full_liquidity_industry_penalty_1pt,0.0,6,0.04080614811455985,0.009580053866231952,0.3333333333333333,-0.11424762361136642
index_bucket,index_strong,baseline_full_liquidity_industry_penalty_2pt,0.0,6,0.04080614811455985,0.009580053866231952,0.3333333333333333,-0.11424762361136642
index_bucket,index_strong,liq_top_20_then_consensus,0.0,4,-0.14131495289835005,-0.037197347965805774,0.0,-0.12973615811460915
index_bucket,index_strong,baseline_full_liquidity_industry_cap2,0.0,6,-0.2155901570117521,-0.03679285432187818,0.3333333333333333,-0.2271460045933621
index_bucket,index_strong,baseline_full_liquidity,0.0,6,-0.2515861807256188,-0.045122902386283796,0.16666666666666666,-0.2052891779246645
index_bucket,index_strong,liq_top_10_then_liq_breakout_adj,0.0015,6,0.776699547183096,0.11018481876728603,0.6666666666666666,-0.16780659214709648
index_bucket,index_strong,liq_top_10_then_score,0.0015,6,0.776699547183096,0.11018481876728603,0.6666666666666666,-0.16780659214709648
index_bucket,index_strong,liq_top_10_then_score_industry_cap2,0.0015,6,0.776699547183096,0.11018481876728603,0.6666666666666666,-0.16780659214709648
index_bucket,index_strong,tiered_liquidity_then_liq_breakout_adj,0.0015,6,0.6752337067020653,0.0978364300985719,0.6666666666666666,-0.15449486015494773
index_bucket,index_strong,tiered_liquidity_then_score,0.0015,6,0.6752337067020653,0.0978364300985719,0.6666666666666666,-0.15449486015494773
index_bucket,index_strong,tiered_liquidity_then_score_industry_cap2,0.0015,6,0.6752337067020653,0.0978364300985719,0.6666666666666666,-0.15449486015494773
index_bucket,index_strong,tiered_liquidity_then_score_industry_penalty_5pt,0.0015,6,0.6640472731812865,0.09532025634827039,0.6666666666666666,-0.09769943420023375
index_bucket,index_strong,liq_top_10_then_score_industry_penalty_10pt,0.0015,6,0.6363108198787728,0.09593474846938178,0.6666666666666666,-0.176581154850052
index_bucket,index_strong,liq_top_10_then_score_industry_penalty_5pt,0.0015,6,0.6363108198787728,0.09593474846938178,0.6666666666666666,-0.176581154850052
index_bucket,index_strong,baseline_b_score_v2,0.0015,6,0.5332528852948704,0.07778714934101016,0.5,-0.008788740966137243
index_bucket,index_strong,baseline_full_score,0.0015,6,0.5183231981906189,0.07671730333585174,0.6666666666666666,-0.11385684762349535
index_bucket,index_strong,tiered_liquidity_then_bs_v2,0.0015,6,0.5179817092403849,0.07594422496629122,0.8333333333333334,-0.08406079187003734
index_bucket,index_strong,baseline_full_liq_breakout_adj,0.0015,6,0.5135986007990292,0.07632945567467565,0.6666666666666666,-0.11385684762349524
index_bucket,index_strong,liq20_bs_score_v2_b_bonus_3pct,0.0015,6,0.4436724512301682,0.06788676286101684,0.6666666666666666,-0.07360414287442096
index_bucket,index_strong,liq20_score_b_bonus_0pct,0.0015,6,0.4342039210501951,0.0700668581155993,0.6666666666666666,-0.17829188328955226
index_bucket,index_strong,liq_top_20_then_liq_breakout_adj,0.0015,6,0.4342039210501951,0.0700668581155993,0.6666666666666666,-0.17829188328955226
index_bucket,index_strong,liq_top_20_then_score,0.0015,6,0.4342039210501951,0.0700668581155993,0.6666666666666666,-0.17829188328955226
index_bucket,index_strong,liq20_bs_score_v2_b_bonus_0pct,0.0015,6,0.41443103040581764,0.06564031489282159,0.6666666666666666,-0.136875330697667
index_bucket,index_strong,liq_top_20_then_bs_v2,0.0015,6,0.41443103040581764,0.06564031489282159,0.6666666666666666,-0.136875330697667
index_bucket,index_strong,liq20_bs_score_v2_b_bonus_5pct,0.0015,6,0.41234150425314375,0.06287219609283023,0.6666666666666666,-0.0574823236695835
index_bucket,index_strong,liq20_bs_score_v2_b_bonus_8pct,0.0015,6,0.40879996565260757,0.0631928506944544,0.6666666666666666,-0.08144856839532189
index_bucket,index_strong,liq_top_30_then_liq_breakout_adj,0.0015,6,0.3617579952119314,0.05803471532000807,0.6666666666666666,-0.12911202028294477
index_bucket,index_strong,liq_top_30_then_score,0.0015,6,0.3617579952119314,0.05803471532000807,0.6666666666666666,-0.12911202028294477
index_bucket,index_strong,liq20_score_b_bonus_3pct,0.0015,6,0.3267204979734186,0.054388310345018516,0.6666666666666666,-0.1617647686555964
index_bucket,index_strong,baseline_full_liquidity_detail,0.0015,6,0.32241754865570016,0.05426079016014899,0.5,-0.1466185618218402
index_bucket,index_strong,liq_top_20_then_liquidity_detail,0.0015,6,0.32241754865570016,0.05426079016014899,0.5,-0.1466185618218402
index_bucket,index_strong,liq_top_30_then_liquidity_detail,0.0015,6,0.32241754865570016,0.05426079016014899,0.5,-0.1466185618218402
index_bucket,index_strong,liq20_score_b_bonus_8pct,0.0015,6,0.3038714105895599,0.050045184121705645,0.6666666666666666,-0.12428097341062727
index_bucket,index_strong,liq_top_10_then_liquidity_detail,0.0015,6,0.2874108822127188,0.0500860546281017,0.5,-0.16920903590115266
index_bucket,index_strong,tiered_liquidity_then_liquidity_detail,0.0015,6,0.2874108822127188,0.0500860546281017,0.5,-0.16920903590115266
index_bucket,index_strong,liq20_bs_model_rank_score_b_bonus_0pct,0.0015,4,0.27424970164490525,0.06516355651724007,0.5,-0.0019433645262786348
index_bucket,index_strong,liq_top_20_then_model_rank,0.0015,4,0.27424970164490525,0.06516355651724007,0.5,-0.0019433645262786348
index_bucket,index_strong,liq20_score_b_bonus_5pct,0.0015,6,0.24781089765971953,0.04094218924338112,0.6666666666666666,-0.10413493049501288
index_bucket,index_strong,baseline_b_consensus,0.0015,4,0.21251259374797926,0.04977631400113791,1.0,0.0
index_bucket,index_strong,liq20_bs_model_rank_score_b_bonus_3pct,0.0015,4,0.1640088607075978,0.041755906066757484,0.5,-0.042085729891819024
index_bucket,index_strong,liq20_bs_model_rank_score_b_bonus_8pct,0.0015,4,0.13763018695599838,0.03394131453509598,0.75,0.0
index_bucket,index_strong,baseline_full_dynamic_factor,0.0015,6,0.11258697019236874,0.02930365664365117,0.5,-0.25678392990199317
index_bucket,index_strong,liq_top_10_then_dynamic_factor,0.0015,6,0.11258697019236874,0.02930365664365117,0.5,-0.25678392990199317
index_bucket,index_strong,liq_top_20_then_dynamic_factor,0.0015,6,0.11258697019236874,0.02930365664365117,0.5,-0.25678392990199317
index_bucket,index_strong,liq_top_30_then_dynamic_factor,0.0015,6,0.11258697019236874,0.02930365664365117,0.5,-0.25678392990199317
index_bucket,index_strong,tiered_liquidity_then_dynamic_factor,0.0015,6,0.11258697019236874,0.02930365664365117,0.5,-0.25678392990199317
index_bucket,index_strong,liq20_bs_model_rank_score_b_bonus_5pct,0.0015,4,0.10976062226991701,0.02754895721981447,0.75,0.0
index_bucket,index_strong,baseline_full_dynamic_factor_industry_cap2,0.0015,6,0.0975585476962757,0.028342341336837718,0.5,-0.2782279185830706
index_bucket,index_strong,baseline_full_liquidity_industry_penalty_0p10pt,0.0015,6,0.03150988017781886,0.008080053866231951,0.3333333333333333,-0.11839309675640763
index_bucket,index_strong,baseline_full_liquidity_industry_penalty_0p25pt,0.0015,6,0.03150988017781886,0.008080053866231951,0.3333333333333333,-0.11839309675640763
index_bucket,index_strong,baseline_full_liquidity_industry_penalty_0p50pt,0.0015,6,0.03150988017781886,0.008080053866231951,0.3333333333333333,-0.11839309675640763
index_bucket,index_strong,baseline_full_liquidity_industry_penalty_1pt,0.0015,6,0.03150988017781886,0.008080053866231951,0.3333333333333333,-0.11839309675640763
index_bucket,index_strong,baseline_full_liquidity_industry_penalty_2pt,0.0015,6,0.03150988017781886,0.008080053866231951,0.3333333333333333,-0.11839309675640763
index_bucket,index_strong,liq_top_20_then_consensus,0.0015,4,-0.14665555278280118,-0.038697347965805776,0.0,-0.13383200087947045
index_bucket,index_strong,baseline_full_liquidity_industry_cap2,0.0015,6,-0.22293404043602927,-0.03829285432187818,0.3333333333333333,-0.23093172170149057
index_bucket,index_strong,baseline_full_liquidity,0.0015,6,-0.25864221298923185,-0.0466229023862838,0.16666666666666666,-0.21033202244906768
index_bucket,index_strong,liq_top_10_then_liq_breakout_adj,0.002,6,0.7718169161377824,0.10968481876728602,0.6666666666666666,-0.16871862815778382
index_bucket,index_strong,liq_top_10_then_score,0.002,6,0.7718169161377824,0.10968481876728602,0.6666666666666666,-0.16871862815778382
index_bucket,index_strong,liq_top_10_then_score_industry_cap2,0.002,6,0.7718169161377824,0.10968481876728602,0.6666666666666666,-0.16871862815778382
index_bucket,index_strong,tiered_liquidity_then_liq_breakout_adj,0.002,6,0.6705917283850438,0.09733643009857189,0.6666666666666666,-0.15541426064400155
index_bucket,index_strong,tiered_liquidity_then_score,0.002,6,0.6705917283850438,0.09733643009857189,0.6666666666666666,-0.15541426064400155
index_bucket,index_strong,tiered_liquidity_then_score_industry_cap2,0.002,6,0.6705917283850438,0.09733643009857189,0.6666666666666666,-0.15541426064400155
index_bucket,index_strong,tiered_liquidity_then_score_industry_penalty_5pt,0.002,6,0.659438155877111,0.09482025634827036,0.6666666666666666,-0.09864937262040241
index_bucket,index_strong,liq_top_10_then_score_industry_penalty_10pt,0.002,6,0.6317494818737566,0.09543474846938178,0.6666666666666666,-0.17748852710221152
index_bucket,index_strong,liq_top_10_then_score_industry_penalty_5pt,0.002,6,0.6317494818737566,0.09543474846938178,0.6666666666666666,-0.17748852710221152
index_bucket,index_strong,baseline_b_score_v2,0.002,6,0.5289591910196298,0.07728714934101015,0.5,-0.009288740966137299
index_bucket,index_strong,baseline_full_score,0.002,6,0.5140603793509047,0.07621730333585174,0.6666666666666666,-0.11479799967303406
index_bucket,index_strong,tiered_liquidity_then_bs_v2,0.002,6,0.5137229508978496,0.0754442249662912,0.8333333333333334,-0.08456079187003729
index_bucket,index_strong,baseline_full_liq_breakout_adj,0.002,6,0.5093462469830765,0.07582945567467565,0.6666666666666666,-0.11479799967303395
index_bucket,index_strong,liq20_bs_score_v2_b_bonus_3pct,0.002,6,0.4395851323762636,0.06738676286101684,0.6666666666666666,-0.07410414287442091
index_bucket,index_strong,liq20_score_b_bonus_0pct,0.002,6,0.4301254500334466,0.0695668581155993,0.6666666666666666,-0.17919811849987588
index_bucket,index_strong,liq_top_20_then_liq_breakout_adj,0.002,6,0.4301254500334466,0.0695668581155993,0.6666666666666666,-0.17919811849987588
index_bucket,index_strong,liq_top_20_then_score,0.002,6,0.4301254500334466,0.0695668581155993,0.6666666666666666,-0.17919811849987588
index_bucket,index_strong,liq20_bs_score_v2_b_bonus_0pct,0.002,6,0.41040726006532857,0.06514031489282159,0.6666666666666666,-0.13780469158019248
index_bucket,index_strong,liq_top_20_then_bs_v2,0.002,6,0.41040726006532857,0.06514031489282159,0.6666666666666666,-0.13780469158019248
index_bucket,index_strong,liq20_bs_score_v2_b_bonus_5pct,0.002,6,0.4083326892630803,0.062372196092830234,0.6666666666666666,-0.05798232366958356
index_bucket,index_strong,liq20_bs_score_v2_b_bonus_8pct,0.002,6,0.40479641604247907,0.0626928506944544,0.6666666666666666,-0.08194856839532194
index_bucket,index_strong,liq_top_30_then_liq_breakout_adj,0.002,6,0.3578628685332992,0.05753471532000807,0.6666666666666666,-0.13004531364675853
index_bucket,index_strong,liq_top_30_then_score,0.002,6,0.3578628685332992,0.05753471532000807,0.6666666666666666,-0.13004531364675853
index_bucket,index_strong,liq20_score_b_bonus_3pct,0.002,6,0.32290567634678924,0.053888310345018516,0.6666666666666666,-0.1626801471974002
index_bucket,index_strong,baseline_full_liquidity_detail,0.002,6,0.3186124587483463,0.05376079016014899,0.5,-0.14796774574955973
index_bucket,index_strong,liq_top_20_then_liquidity_detail,0.002,6,0.3186124587483463,0.05376079016014899,0.5,-0.14796774574955973
index_bucket,index_strong,liq_top_30_then_liquidity_detail,0.002,6,0.3186124587483463,0.05376079016014899,0.5,-0.14796774574955973
index_bucket,index_strong,liq20_score_b_bonus_8pct,0.002,6,0.30011607490202485,0.049545184121705645,0.6666666666666666,-0.1252172454577566
index_bucket,index_strong,liq_top_10_then_liquidity_detail,0.002,6,0.28368806514064593,0.0495860546281017,0.5,-0.17053442909649574
index_bucket,index_strong,tiered_liquidity_then_liquidity_detail,0.002,6,0.28368806514064593,0.0495860546281017,0.5,-0.17053442909649574
index_bucket,index_strong,liq20_bs_model_rank_score_b_bonus_0pct,0.002,4,0.2718466466431717,0.06466355651724007,0.5,-0.0024433645262785797
index_bucket,index_strong,liq_top_20_then_model_rank,0.002,4,0.2718466466431717,0.06466355651724007,0.5,-0.0024433645262785797
index_bucket,index_strong,liq20_score_b_bonus_5pct,0.002,6,0.2441958444212886,0.04044218924338112,0.6666666666666666,-0.10508137709234844
index_bucket,index_strong,baseline_b_consensus,0.002,4,0.21020233578349634,0.04927631400113791,1.0,0.0
index_bucket,index_strong,liq20_bs_model_rank_score_b_bonus_3pct,0.002,4,0.16176270416121685,0.04125590606675748,0.5,-0.04258572989181919
index_bucket,index_strong,liq20_bs_model_rank_score_b_bonus_8pct,0.002,4,0.13542617476589092,0.03344131453509598,0.75,0.0
index_bucket,index_strong,baseline_full_dynamic_factor,0.002,6,0.10927655787188861,0.02880365664365116,0.3333333333333333,-0.2576459126206979
index_bucket,index_strong,liq_top_10_then_dynamic_factor,0.002,6,0.10927655787188861,0.02880365664365116,0.3333333333333333,-0.2576459126206979
index_bucket,index_strong,liq_top_20_then_dynamic_factor,0.002,6,0.10927655787188861,0.02880365664365116,0.3333333333333333,-0.2576459126206979
index_bucket,index_strong,liq_top_30_then_dynamic_factor,0.002,6,0.10927655787188861,0.02880365664365116,0.3333333333333333,-0.2576459126206979
index_bucket,index_strong,tiered_liquidity_then_dynamic_factor,0.002,6,0.10927655787188861,0.02880365664365116,0.3333333333333333,-0.2576459126206979
index_bucket,index_strong,liq20_bs_model_rank_score_b_bonus_5pct,0.002,4,0.10759722595537169,0.02704895721981447,0.75,0.0
index_bucket,index_strong,baseline_full_dynamic_factor_industry_cap2,0.002,6,0.09428086084691811,0.027842341336837707,0.3333333333333333,-0.27907768071910666
index_bucket,index_strong,baseline_full_liquidity_industry_penalty_0p10pt,0.002,6,0.02842652731343165,0.0075800538662319505,0.3333333333333333,-0.11977204242624995
index_bucket,index_strong,baseline_full_liquidity_industry_penalty_0p25pt,0.002,6,0.02842652731343165,0.0075800538662319505,0.3333333333333333,-0.11977204242624995
index_bucket,index_strong,baseline_full_liquidity_industry_penalty_0p50pt,0.002,6,0.02842652731343165,0.0075800538662319505,0.3333333333333333,-0.11977204242624995
index_bucket,index_strong,baseline_full_liquidity_industry_penalty_1pt,0.002,6,0.02842652731343165,0.0075800538662319505,0.3333333333333333,-0.11977204242624995
index_bucket,index_strong,baseline_full_liquidity_industry_penalty_2pt,0.002,6,0.02842652731343165,0.0075800538662319505,0.3333333333333333,-0.11977204242624995
index_bucket,index_strong,liq_top_20_then_consensus,0.002,4,-0.14843020495453596,-0.039197347965805776,0.0,-0.13519442078555832
index_bucket,index_strong,baseline_full_liquidity_industry_cap2,0.002,6,-0.2253692457788744,-0.03879285432187818,0.3333333333333333,-0.23219087626946067
index_bucket,index_strong,baseline_full_liquidity,0.002,6,-0.26098187793136096,-0.0471229023862838,0.16666666666666666,-0.21200762849542176
index_bucket,index_weak,baseline_full_liquidity_industry_penalty_0p10pt,0.0,8,0.881686093695899,0.08411782767054649,0.875,0.0
index_bucket,index_weak,baseline_full_liquidity_industry_penalty_0p25pt,0.0,8,0.881686093695899,0.08411782767054649,0.875,0.0
index_bucket,index_weak,baseline_full_liquidity_industry_penalty_0p50pt,0.0,8,0.881686093695899,0.08411782767054649,0.875,0.0
index_bucket,index_weak,baseline_full_liquidity_industry_penalty_1pt,0.0,8,0.881686093695899,0.08411782767054649,0.875,0.0
index_bucket,index_weak,baseline_full_liquidity_industry_penalty_2pt,0.0,8,0.881686093695899,0.08411782767054649,0.875,0.0
index_bucket,index_weak,baseline_full_liquidity_detail,0.0,8,0.820339579799721,0.07844479378799046,1.0,0.0
index_bucket,index_weak,liq_top_10_then_liquidity_detail,0.0,8,0.820339579799721,0.07844479378799046,1.0,0.0
index_bucket,index_weak,liq_top_20_then_liquidity_detail,0.0,8,0.820339579799721,0.07844479378799046,1.0,0.0
index_bucket,index_weak,liq_top_30_then_liquidity_detail,0.0,8,0.820339579799721,0.07844479378799046,1.0,0.0
index_bucket,index_weak,tiered_liquidity_then_liquidity_detail,0.0,8,0.820339579799721,0.07844479378799046,1.0,0.0
index_bucket,index_weak,baseline_full_liquidity,0.0,8,0.6229314719588694,0.06475033599429682,0.625,-0.03283667070204943
index_bucket,index_weak,baseline_full_liquidity_industry_cap2,0.0,8,0.5106313635500015,0.05616281805945937,0.625,-0.03283667070204932
index_bucket,index_weak,liq_top_10_then_dynamic_factor,0.0,8,0.277219277961414,0.033415636062803476,0.625,-0.02181073908698339
index_bucket,index_weak,liq_top_10_then_score_industry_penalty_10pt,0.0,8,0.27155777807864157,0.03219765786979691,0.625,-0.00886020724584502
index_bucket,index_weak,tiered_liquidity_then_dynamic_factor,0.0,8,0.2638581710543504,0.03206682799822097,0.625,-0.02181073908698339
index_bucket,index_weak,liq_top_10_then_score_industry_penalty_5pt,0.0,8,0.2484390164841641,0.029905482614540818,0.5,-0.017615188409661364
index_bucket,index_weak,liq_top_30_then_dynamic_factor,0.0,8,0.17896456339413636,0.023304935647959567,0.625,-0.056789513547058634
index_bucket,index_weak,baseline_full_dynamic_factor,0.0,8,0.1753361364792192,0.024110704849145497,0.625,-0.13519257911614113
index_bucket,index_weak,baseline_full_dynamic_factor_industry_cap2,0.0,8,0.1753361364792192,0.024110704849145497,0.625,-0.13519257911614113
index_bucket,index_weak,liq_top_10_then_score_industry_cap2,0.0,8,0.15358544024218523,0.01942419689091194,0.625,-0.009759753925621895
index_bucket,index_weak,tiered_liquidity_then_score_industry_penalty_5pt,0.0,8,0.11714633432894717,0.016569410308474003,0.625,-0.09867377700600355
index_bucket,index_weak,liq_top_10_then_liq_breakout_adj,0.0,8,0.10503718938750639,0.014214956400809511,0.625,-0.05143367784644126
index_bucket,index_weak,liq_top_10_then_score,0.0,8,0.10503718938750639,0.014214956400809511,0.625,-0.05143367784644126
index_bucket,index_weak,tiered_liquidity_then_bs_v2,0.0,8,0.09921474834003474,0.013818915262636738,0.625,-0.07881029403701034
index_bucket,index_weak,tiered_liquidity_then_score_industry_cap2,0.0,8,0.0008522721394379484,0.0018684864120791685,0.625,-0.09867377700600355
index_bucket,index_weak,tiered_liquidity_then_liq_breakout_adj,0.0,8,-0.02343309911754987,-0.0008653138897222953,0.625,-0.12054417942041529
index_bucket,index_weak,tiered_liquidity_then_score,0.0,8,-0.02343309911754987,-0.0008653138897222953,0.625,-0.12054417942041529
index_bucket,index_weak,baseline_full_liq_breakout_adj,0.0,8,-0.06201849900982681,-0.0026630143247634505,0.5,-0.23756773938769482
index_bucket,index_weak,baseline_full_score,0.0,8,-0.07155642269700979,-0.006357986379433446,0.5,-0.21405566486140715
index_bucket,index_weak,liq_top_30_then_liq_breakout_adj,0.0,8,-0.11330801963336101,-0.012819341201029115,0.5,-0.18386951067744295
index_bucket,index_weak,liq_top_30_then_score,0.0,8,-0.11330801963336101,-0.012819341201029115,0.5,-0.18386951067744295
index_bucket,index_weak,liq20_bs_score_v2_b_bonus_0pct,0.0,8,-0.15879992499868145,-0.018492034320763136,0.5,-0.22983317261905467
index_bucket,index_weak,liq_top_20_then_bs_v2,0.0,8,-0.15879992499868145,-0.018492034320763136,0.5,-0.22983317261905467
index_bucket,index_weak,liq20_bs_score_v2_b_bonus_3pct,0.0,8,-0.16554675400249053,-0.019543837085860796,0.5,-0.2290579476159943
index_bucket,index_weak,liq_top_20_then_dynamic_factor,0.0,8,-0.16566622379802232,-0.01720060791243979,0.5,-0.1103176355818265
index_bucket,index_weak,liq20_bs_score_v2_b_bonus_8pct,0.0,8,-0.22234885461954967,-0.027886343050960813,0.5,-0.2621643346869118
index_bucket,index_weak,liq20_bs_score_v2_b_bonus_5pct,0.0,8,-0.2261634978600724,-0.028897865101226935,0.5,-0.24298002587016665
index_bucket,index_weak,baseline_b_score_v2,0.0,8,-0.25323697351159435,-0.03447190471533846,0.375,-0.205045897347656
index_bucket,index_weak,liq20_score_b_bonus_8pct,0.0,8,-0.3003309291393761,-0.03945403166416782,0.5,-0.24290844980852633
index_bucket,index_weak,liq20_score_b_bonus_5pct,0.0,8,-0.3478595067916377,-0.048333493010553404,0.375,-0.24290844980852633
index_bucket,index_weak,liq20_score_b_bonus_0pct,0.0,8,-0.37592293341365435,-0.05405328590285866,0.375,-0.24449727168620217
index_bucket,index_weak,liq_top_20_then_liq_breakout_adj,0.0,8,-0.37592293341365435,-0.05405328590285866,0.375,-0.24449727168620217
index_bucket,index_weak,liq_top_20_then_score,0.0,8,-0.37592293341365435,-0.05405328590285866,0.375,-0.24449727168620217
index_bucket,index_weak,liq20_score_b_bonus_3pct,0.0,8,-0.381969544405257,-0.054959646862928105,0.25,-0.2518172508134531
index_bucket,index_weak,baseline_full_liquidity_industry_penalty_0p10pt,0.0015,8,0.8608862364501215,0.08261782767054648,0.875,0.0
index_bucket,index_weak,baseline_full_liquidity_industry_penalty_0p25pt,0.0015,8,0.8608862364501215,0.08261782767054648,0.875,0.0
index_bucket,index_weak,baseline_full_liquidity_industry_penalty_0p50pt,0.0015,8,0.8608862364501215,0.08261782767054648,0.875,0.0
index_bucket,index_weak,baseline_full_liquidity_industry_penalty_1pt,0.0015,8,0.8608862364501215,0.08261782767054648,0.875,0.0
index_bucket,index_weak,baseline_full_liquidity_industry_penalty_2pt,0.0015,8,0.8608862364501215,0.08261782767054648,0.875,0.0
index_bucket,index_weak,baseline_full_liquidity_detail,0.0015,8,0.8001569104848614,0.07694479378799046,1.0,0.0
index_bucket,index_weak,liq_top_10_then_liquidity_detail,0.0015,8,0.8001569104848614,0.07694479378799046,1.0,0.0
index_bucket,index_weak,liq_top_20_then_liquidity_detail,0.0015,8,0.8001569104848614,0.07694479378799046,1.0,0.0
index_bucket,index_weak,liq_top_30_then_liquidity_detail,0.0015,8,0.8001569104848614,0.07694479378799046,1.0,0.0
index_bucket,index_weak,tiered_liquidity_then_liquidity_detail,0.0015,8,0.8001569104848614,0.07694479378799046,1.0,0.0
index_bucket,index_weak,baseline_full_liquidity,0.0015,8,0.6046507296023653,0.06325033599429682,0.625,-0.0357849412375566
index_bucket,index_weak,baseline_full_liquidity_industry_cap2,0.0015,8,0.49344756423068903,0.05466281805945937,0.625,-0.0357849412375566
index_bucket,index_weak,liq_top_10_then_dynamic_factor,0.0015,8,0.2623967298039416,0.031915636062803475,0.625,-0.023310739086983334
index_bucket,index_weak,liq_top_10_then_score_industry_penalty_10pt,0.0015,8,0.2568010924635722,0.03069765786979691,0.625,-0.010360207245845077
index_bucket,index_weak,tiered_liquidity_then_dynamic_factor,0.0015,8,0.2491714501248945,0.030566827998220965,0.625,-0.023310739086983334
index_bucket,index_weak,liq_top_10_then_score_industry_penalty_5pt,0.0015,8,0.23391659397182685,0.028405482614540817,0.5,-0.020586399492945273
index_bucket,index_weak,liq_top_30_then_dynamic_factor,0.0015,8,0.16514351834242058,0.021804935647959565,0.625,-0.05970090939128658
index_bucket,index_weak,baseline_full_dynamic_factor,0.0015,8,0.16153526744757052,0.022610704849145496,0.625,-0.13798374812589764
index_bucket,index_weak,baseline_full_dynamic_factor_industry_cap2,0.0015,8,0.16153526744757052,0.022610704849145496,0.625,-0.13798374812589764
index_bucket,index_weak,liq_top_10_then_score_industry_cap2,0.0015,8,0.14003885060187415,0.017924196890911938,0.625,-0.01125975392562184
index_bucket,index_weak,tiered_liquidity_then_score_industry_penalty_5pt,0.0015,8,0.10395886688886224,0.015069410308474002,0.625,-0.1001737770060035
index_bucket,index_weak,liq_top_10_then_liq_breakout_adj,0.0015,8,0.0919879165821551,0.01271495640080951,0.625,-0.05293367784644132
index_bucket,index_weak,liq_top_10_then_score,0.0015,8,0.0919879165821551,0.01271495640080951,0.625,-0.05293367784644132
index_bucket,index_weak,tiered_liquidity_then_bs_v2,0.0015,8,0.08622218556178396,0.01231891526263674,0.5,-0.0803102940370104
index_bucket,index_weak,tiered_liquidity_then_score_industry_cap2,0.0015,8,-0.011115095473938075,0.00036848641207916713,0.625,-0.1001737770060036
index_bucket,index_weak,tiered_liquidity_then_liq_breakout_adj,0.0015,8,-0.03515008161999822,-0.0023653138897222967,0.625,-0.12204417942041523
index_bucket,index_weak,tiered_liquidity_then_score,0.0015,8,-0.03515008161999822,-0.0023653138897222967,0.625,-0.12204417942041523
index_bucket,index_weak,baseline_full_liq_breakout_adj,0.0015,8,-0.0733618138345773,-0.004163014324763452,0.5,-0.24132288449208072
index_bucket,index_weak,baseline_full_score,0.0015,8,-0.08277466564944591,-0.007857986379433447,0.5,-0.21788634501576987
index_bucket,index_weak,liq_top_30_then_liq_breakout_adj,0.0015,8,-0.1240751977811334,-0.014319341201029116,0.5,-0.18779774700375007
index_bucket,index_weak,liq_top_30_then_score,0.0015,8,-0.1240751977811334,-0.014319341201029116,0.5,-0.18779774700375007
index_bucket,index_weak,liq20_bs_score_v2_b_bonus_0pct,0.0015,8,-0.16908976489476069,-0.019992034320763137,0.5,-0.23360833770660716
index_bucket,index_weak,liq_top_20_then_bs_v2,0.0015,8,-0.16908976489476069,-0.019992034320763137,0.5,-0.23360833770660716
index_bucket,index_weak,liq20_bs_score_v2_b_bonus_3pct,0.0015,8,-0.17576358329687924,-0.021043837085860797,0.5,-0.2328356275901995
index_bucket,index_weak,liq_top_20_then_dynamic_factor,0.0015,8,-0.17590760097536007,-0.01870060791243979,0.375,-0.11314694896383526
index_bucket,index_weak,liq20_bs_score_v2_b_bonus_8pct,0.0015,8,-0.2319566510203962,-0.029386343050960814,0.5,-0.2658342010328757
index_bucket,index_weak,liq20_bs_score_v2_b_bonus_5pct,0.0015,8,-0.23572571780930252,-0.030397865101226936,0.5,-0.246712541603484
index_bucket,index_weak,baseline_b_score_v2,0.0015,8,-0.26249417023217747,-0.03597190471533846,0.375,-0.21008994558333316
index_bucket,index_weak,liq20_score_b_bonus_8pct,0.0015,8,-0.309102159868335,-0.04095403166416782,0.5,-0.24664276465586654
index_bucket,index_weak,liq20_score_b_bonus_5pct,0.0015,8,-0.3561023251428108,-0.049833493010553405,0.375,-0.24664276465586654
index_bucket,index_weak,liq20_score_b_bonus_0pct,0.0015,8,-0.3838501486060061,-0.055553285902858664,0.25,-0.25160417587895856
index_bucket,index_weak,liq_top_20_then_liq_breakout_adj,0.0015,8,-0.3838501486060061,-0.055553285902858664,0.25,-0.25160417587895856
index_bucket,index_weak,liq_top_20_then_score,0.0015,8,-0.3838501486060061,-0.055553285902858664,0.25,-0.25160417587895856
index_bucket,index_weak,liq20_score_b_bonus_3pct,0.0015,8,-0.3898311451482923,-0.056459646862928106,0.25,-0.2588688905034976
index_bucket,index_weak,baseline_full_liquidity_industry_penalty_0p10pt,0.002,8,0.8539977795470448,0.08211782767054648,0.875,0.0
index_bucket,index_weak,baseline_full_liquidity_industry_penalty_0p25pt,0.002,8,0.8539977795470448,0.08211782767054648,0.875,0.0
index_bucket,index_weak,baseline_full_liquidity_industry_penalty_0p50pt,0.002,8,0.8539977795470448,0.08211782767054648,0.875,0.0
index_bucket,index_weak,baseline_full_liquidity_industry_penalty_1pt,0.002,8,0.8539977795470448,0.08211782767054648,0.875,0.0
index_bucket,index_weak,baseline_full_liquidity_industry_penalty_2pt,0.002,8,0.8539977795470448,0.08211782767054648,0.875,0.0
index_bucket,index_weak,baseline_full_liquidity_detail,0.002,8,0.7934729985633073,0.07644479378799046,1.0,0.0
index_bucket,index_weak,liq_top_10_then_liquidity_detail,0.002,8,0.7934729985633073,0.07644479378799046,1.0,0.0
index_bucket,index_weak,liq_top_20_then_liquidity_detail,0.002,8,0.7934729985633073,0.07644479378799046,1.0,0.0
index_bucket,index_weak,liq_top_30_then_liquidity_detail,0.002,8,0.7934729985633073,0.07644479378799046,1.0,0.0
index_bucket,index_weak,tiered_liquidity_then_liquidity_detail,0.002,8,0.7934729985633073,0.07644479378799046,1.0,0.0
index_bucket,index_weak,baseline_full_liquidity,0.002,8,0.5985972953345564,0.06275033599429682,0.625,-0.03676669808272548
index_bucket,index_weak,baseline_full_liquidity_industry_cap2,0.002,8,0.48775773212125406,0.05416281805945937,0.625,-0.03676669808272548
index_bucket,index_weak,liq_top_10_then_dynamic_factor,0.002,8,0.25748942163622135,0.031415636062803474,0.625,-0.02381073908698339
index_bucket,index_weak,liq_top_10_then_score_industry_penalty_10pt,0.002,8,0.25191559392562013,0.03019765786979691,0.625,-0.010860207245845022
index_bucket,index_weak,tiered_liquidity_then_dynamic_factor,0.002,8,0.24430915410007725,0.030066827998220965,0.625,-0.02381073908698339
index_bucket,index_weak,liq_top_10_then_score_industry_penalty_5pt,0.002,8,0.22910872988340447,0.027905482614540816,0.5,-0.021575803187373288
index_bucket,index_weak,liq_top_30_then_dynamic_factor,0.002,8,0.1605680956830462,0.021304935647959565,0.625,-0.06067037467269609
index_bucket,index_weak,baseline_full_dynamic_factor,0.002,8,0.15696656356951233,0.022110704849145495,0.625,-0.1389131377958166
index_bucket,index_weak,baseline_full_dynamic_factor_industry_cap2,0.002,8,0.15696656356951233,0.022110704849145495,0.625,-0.1389131377958166
index_bucket,index_weak,liq_top_10_then_score_industry_cap2,0.002,8,0.1355543469855891,0.017424196890911937,0.625,-0.011759753925621896
index_bucket,index_weak,tiered_liquidity_then_score_industry_penalty_5pt,0.002,8,0.09959339604671658,0.014569410308474001,0.625,-0.10067377700600355
index_bucket,index_weak,liq_top_10_then_liq_breakout_adj,0.002,8,0.08766821236173006,0.01221495640080951,0.625,-0.05343367784644126
index_bucket,index_weak,liq_top_10_then_score,0.002,8,0.08766821236173006,0.01221495640080951,0.625,-0.05343367784644126
index_bucket,index_weak,tiered_liquidity_then_bs_v2,0.002,8,0.0819212796106834,0.01181891526263674,0.5,-0.08081029403701034
index_bucket,index_weak,tiered_liquidity_then_score_industry_cap2,0.002,8,-0.015076310633501122,-0.00013151358792083331,0.625,-0.10067377700600355
index_bucket,index_weak,tiered_liquidity_then_liq_breakout_adj,0.002,8,-0.03902832813636037,-0.002865313889722297,0.625,-0.12254417942041529
index_bucket,index_weak,tiered_liquidity_then_score,0.002,8,-0.03902832813636037,-0.002865313889722297,0.625,-0.12254417942041529
index_bucket,index_weak,baseline_full_liq_breakout_adj,0.002,8,-0.07711618717935931,-0.004663014324763452,0.5,-0.24257185809342452
index_bucket,index_weak,baseline_full_score,0.002,8,-0.08648765187531449,-0.008357986379433448,0.5,-0.21916047004402917
index_bucket,index_weak,liq_top_30_then_liq_breakout_adj,0.002,8,-0.1276387595102637,-0.014819341201029117,0.5,-0.18910435584945273
index_bucket,index_weak,liq_top_30_then_score,0.002,8,-0.1276387595102637,-0.014819341201029117,0.5,-0.18910435584945273
index_bucket,index_weak,liq20_bs_score_v2_b_bonus_0pct,0.002,8,-0.17249516960518863,-0.020492034320763138,0.5,-0.23486397939148795
index_bucket,index_weak,liq_top_20_then_bs_v2,0.002,8,-0.17249516960518863,-0.020492034320763138,0.5,-0.23486397939148795
index_bucket,index_weak,liq20_bs_score_v2_b_bonus_3pct,0.002,8,-0.1791448019653421,-0.021543837085860797,0.5,-0.23409210666276203
index_bucket,index_weak,liq_top_20_then_dynamic_factor,0.002,8,-0.17929690006667853,-0.019200607912439792,0.375,-0.11408905342450493
index_bucket,index_weak,liq20_bs_score_v2_b_bonus_8pct,0.002,8,-0.23513610555420972,-0.029886343050960815,0.5,-0.26705478129394566
index_bucket,index_weak,liq20_bs_score_v2_b_bonus_5pct,0.002,8,-0.23889008313198823,-0.030897865101226937,0.5,-0.2479539822332858
index_bucket,index_weak,baseline_b_score_v2,0.002,8,-0.2655575170525065,-0.03647190471533846,0.375,-0.21176595199384274
index_bucket,index_weak,liq20_score_b_bonus_8pct,0.002,8,-0.3120044731811258,-0.04145403166416782,0.5,-0.24788480375283217
index_bucket,index_weak,liq20_score_b_bonus_5pct,0.002,8,-0.35882962202613033,-0.050333493010553405,0.375,-0.24788480375283217
index_bucket,index_weak,liq20_score_b_bonus_0pct,0.002,8,-0.3864729219519042,-0.056053285902858664,0.25,-0.2539607339699276
index_bucket,index_weak,liq_top_20_then_liq_breakout_adj,0.002,8,-0.3864729219519042,-0.056053285902858664,0.25,-0.2539607339699276
index_bucket,index_weak,liq_top_20_then_score,0.002,8,-0.3864729219519042,-0.056053285902858664,0.25,-0.2539607339699276
index_bucket,index_weak,liq20_score_b_bonus_3pct,0.002,8,-0.39243218260183144,-0.05695964686292811,0.25,-0.2612071010830106
market_liquidity_bucket,high_liquidity,baseline_b_consensus,0.0,8,0.6799097835409005,0.06890363142957034,0.875,-0.002266733498008211
market_liquidity_bucket,high_liquidity,liq20_bs_model_rank_score_b_bonus_3pct,0.0,8,0.6198468974648121,0.06382480251708243,0.75,-0.022031629630316463
market_liquidity_bucket,high_liquidity,tiered_liquidity_then_bs_v2,0.0,11,0.544186960586736,0.04282043460805115,0.8181818181818182,-0.14170218755495279
market_liquidity_bucket,high_liquidity,liq20_bs_model_rank_score_b_bonus_0pct,0.0,8,0.4985153026323328,0.053720441517761244,0.625,-0.017817299535356934
market_liquidity_bucket,high_liquidity,liq_top_20_then_model_rank,0.0,8,0.4985153026323328,0.053720441517761244,0.625,-0.017817299535356934
market_liquidity_bucket,high_liquidity,liq20_bs_score_v2_b_bonus_5pct,0.0,11,0.46208823203023375,0.036887116772197755,0.5454545454545454,-0.06745640963365829
market_liquidity_bucket,high_liquidity,baseline_b_score_v2,0.0,11,0.4469855081536982,0.03542254789602741,0.7272727272727273,-0.02806494550311678
market_liquidity_bucket,high_liquidity,liq20_bs_model_rank_score_b_bonus_5pct,0.0,8,0.4225232589123127,0.04661577533339572,0.75,-0.041632474598193525
market_liquidity_bucket,high_liquidity,liq20_bs_model_rank_score_b_bonus_8pct,0.0,8,0.3910590609365223,0.04293948827937999,0.875,-0.031201677630150804
market_liquidity_bucket,high_liquidity,liq20_bs_score_v2_b_bonus_3pct,0.0,11,0.35997032423105724,0.031070368619002843,0.5454545454545454,-0.13831559013183548
market_liquidity_bucket,high_liquidity,liq20_bs_score_v2_b_bonus_0pct,0.0,11,0.30714765596785076,0.028531101802840467,0.5454545454545454,-0.24398346382342162
market_liquidity_bucket,high_liquidity,liq_top_20_then_bs_v2,0.0,11,0.30714765596785076,0.028531101802840467,0.5454545454545454,-0.24398346382342162
market_liquidity_bucket,high_liquidity,liq_top_10_then_liquidity_detail,0.0,11,0.2923597183852218,0.029211302250695483,0.5454545454545454,-0.3011047500923616
market_liquidity_bucket,high_liquidity,baseline_full_liquidity_detail,0.0,11,0.27426712319181323,0.028022041400620534,0.5454545454545454,-0.3108890451762214
market_liquidity_bucket,high_liquidity,liq_top_20_then_liquidity_detail,0.0,11,0.27426712319181323,0.028022041400620534,0.5454545454545454,-0.3108890451762214
market_liquidity_bucket,high_liquidity,liq_top_30_then_liquidity_detail,0.0,11,0.27426712319181323,0.028022041400620534,0.5454545454545454,-0.3108890451762214
market_liquidity_bucket,high_liquidity,tiered_liquidity_then_liquidity_detail,0.0,11,0.2405884698303149,0.02574491292859474,0.5454545454545454,-0.32910212511270165
market_liquidity_bucket,high_liquidity,liq20_bs_score_v2_b_bonus_8pct,0.0,11,0.20666279836751666,0.01887798791712618,0.5454545454545454,-0.12108377650428503
market_liquidity_bucket,high_liquidity,liq_top_10_then_score_industry_penalty_10pt,0.0,11,0.05439772570832746,0.014913665633618052,0.36363636363636365,-0.43223241828032477
market_liquidity_bucket,high_liquidity,liq_top_10_then_score_industry_penalty_5pt,0.0,11,0.05439772570832746,0.014913665633618052,0.36363636363636365,-0.43223241828032477
market_liquidity_bucket,high_liquidity,tiered_liquidity_then_score_industry_penalty_5pt,0.0,11,-0.021155498809965145,0.004920936886930305,0.36363636363636365,-0.3779331812048182
market_liquidity_bucket,high_liquidity,liq_top_10_then_score_industry_cap2,0.0,11,-0.0761833915238318,0.004702441835611304,0.36363636363636365,-0.48518070290219895
market_liquidity_bucket,high_liquidity,baseline_full_score,0.0,11,-0.08713593871728187,0.0009951287766247208,0.45454545454545453,-0.4718321762134965
market_liquidity_bucket,high_liquidity,liq_top_10_then_liq_breakout_adj,0.0,11,-0.08852932340733954,0.0035875343773123566,0.36363636363636365,-0.4851807029021987
market_liquidity_bucket,high_liquidity,liq_top_10_then_score,0.0,11,-0.08852932340733954,0.0035875343773123566,0.36363636363636365,-0.4851807029021987
market_liquidity_bucket,high_liquidity,liq_top_20_then_consensus,0.0,8,-0.10270355518181074,-0.010639421986312998,0.375,-0.20746526360014916
market_liquidity_bucket,high_liquidity,liq20_score_b_bonus_8pct,0.0,11,-0.172504711593224,-0.015826214567173664,0.2727272727272727,-0.2851614817516013
market_liquidity_bucket,high_liquidity,baseline_full_liquidity_industry_penalty_0p10pt,0.0,11,-0.20391358950342875,-0.019058464459878664,0.18181818181818182,-0.32106517098686727
market_liquidity_bucket,high_liquidity,baseline_full_liquidity_industry_penalty_0p25pt,0.0,11,-0.20391358950342875,-0.019058464459878664,0.18181818181818182,-0.32106517098686727
market_liquidity_bucket,high_liquidity,baseline_full_liquidity_industry_penalty_0p50pt,0.0,11,-0.20391358950342875,-0.019058464459878664,0.18181818181818182,-0.32106517098686727
market_liquidity_bucket,high_liquidity,baseline_full_liquidity_industry_penalty_1pt,0.0,11,-0.20391358950342875,-0.019058464459878664,0.18181818181818182,-0.32106517098686727
market_liquidity_bucket,high_liquidity,baseline_full_liquidity_industry_penalty_2pt,0.0,11,-0.20391358950342875,-0.019058464459878664,0.18181818181818182,-0.32106517098686727
market_liquidity_bucket,high_liquidity,tiered_liquidity_then_score_industry_cap2,0.0,11,-0.22923647788129786,-0.014351815364613758,0.36363636363636365,-0.5052872342482808
market_liquidity_bucket,high_liquidity,tiered_liquidity_then_liq_breakout_adj,0.0,11,-0.2329290652472641,-0.01474805042219452,0.36363636363636365,-0.5076573128212463
market_liquidity_bucket,high_liquidity,tiered_liquidity_then_score,0.0,11,-0.2329290652472641,-0.01474805042219452,0.36363636363636365,-0.5076573128212463
market_liquidity_bucket,high_liquidity,liq20_score_b_bonus_5pct,0.0,11,-0.24276967992880782,-0.02393843626620074,0.36363636363636365,-0.31667845119198557
market_liquidity_bucket,high_liquidity,baseline_full_liq_breakout_adj,0.0,11,-0.2647382287731225,-0.018184407426637864,0.2727272727272727,-0.5553925942193405
market_liquidity_bucket,high_liquidity,liq_top_10_then_dynamic_factor,0.0,11,-0.3502676341307004,-0.03218123537728384,0.36363636363636365,-0.5471010325001113
market_liquidity_bucket,high_liquidity,liq_top_30_then_liq_breakout_adj,0.0,11,-0.36207044851585957,-0.033498922999034945,0.2727272727272727,-0.5386231239170731
market_liquidity_bucket,high_liquidity,liq_top_30_then_score,0.0,11,-0.36207044851585957,-0.033498922999034945,0.2727272727272727,-0.5386231239170731
market_liquidity_bucket,high_liquidity,liq20_score_b_bonus_0pct,0.0,11,-0.3665189501191234,-0.0345993928096691,0.36363636363636365,-0.5191815396069595
market_liquidity_bucket,high_liquidity,liq_top_20_then_liq_breakout_adj,0.0,11,-0.3665189501191234,-0.0345993928096691,0.36363636363636365,-0.5191815396069595
market_liquidity_bucket,high_liquidity,liq_top_20_then_score,0.0,11,-0.3665189501191234,-0.0345993928096691,0.36363636363636365,-0.5191815396069595
market_liquidity_bucket,high_liquidity,baseline_full_dynamic_factor_industry_cap2,0.0,11,-0.37020468088613645,-0.03466926686282576,0.2727272727272727,-0.5448290617032703
market_liquidity_bucket,high_liquidity,tiered_liquidity_then_dynamic_factor,0.0,11,-0.3772564749679733,-0.03615684859621728,0.36363636363636365,-0.5471010325001113
market_liquidity_bucket,high_liquidity,liq_top_20_then_dynamic_factor,0.0,11,-0.39741687433159345,-0.039112617211053774,0.2727272727272727,-0.5577876417364449
market_liquidity_bucket,high_liquidity,baseline_full_dynamic_factor,0.0,11,-0.39793405679667104,-0.039189221857420214,0.2727272727272727,-0.5581671818659181
market_liquidity_bucket,high_liquidity,liq_top_30_then_dynamic_factor,0.0,11,-0.39793405679667104,-0.039189221857420214,0.2727272727272727,-0.5581671818659181
market_liquidity_bucket,high_liquidity,liq20_score_b_bonus_3pct,0.0,11,-0.4006540951319927,-0.04165682285858317,0.2727272727272727,-0.5108375749033448
market_liquidity_bucket,high_liquidity,baseline_full_liquidity_industry_cap2,0.0,11,-0.4268908209696777,-0.0475558208549548,0.18181818181818182,-0.4619195853459682
market_liquidity_bucket,high_liquidity,baseline_full_liquidity,0.0,11,-0.4932227711402275,-0.058741405121459735,0.09090909090909091,-0.49548346201943505
market_liquidity_bucket,high_liquidity,baseline_b_consensus,0.0015,8,0.6610769118953883,0.06740363142957034,0.875,-0.003766733498008379
market_liquidity_bucket,high_liquidity,liq20_bs_model_rank_score_b_bonus_3pct,0.0015,8,0.6016077607488763,0.06232480251708243,0.75,-0.02353162963031641
market_liquidity_bucket,high_liquidity,tiered_liquidity_then_bs_v2,0.0015,11,0.519810907434715,0.04132043460805115,0.8181818181818182,-0.14447940103001677
market_liquidity_bucket,high_liquidity,liq20_bs_model_rank_score_b_bonus_0pct,0.0015,8,0.48147512258252734,0.05222044151776124,0.625,-0.022554335005113058
market_liquidity_bucket,high_liquidity,liq_top_20_then_model_rank,0.0015,8,0.48147512258252734,0.05222044151776124,0.625,-0.022554335005113058
market_liquidity_bucket,high_liquidity,liq20_bs_score_v2_b_bonus_5pct,0.0015,11,0.4389124493177603,0.03538711677219775,0.5454545454545454,-0.07035195436142205
market_liquidity_bucket,high_liquidity,baseline_b_score_v2,0.0015,11,0.4240385183774815,0.033922547896027416,0.6363636363636364,-0.030932297514615792
market_liquidity_bucket,high_liquidity,liq20_bs_model_rank_score_b_bonus_5pct,0.0015,8,0.40624582126359643,0.04511577533339572,0.75,-0.04313247459819347
market_liquidity_bucket,high_liquidity,liq20_bs_model_rank_score_b_bonus_8pct,0.0015,8,0.3751088764166284,0.04143948827937999,0.875,-0.03270167763015086
market_liquidity_bucket,high_liquidity,liq20_bs_score_v2_b_bonus_3pct,0.0015,11,0.33825172244843604,0.02957036861900284,0.5454545454545454,-0.14495700819305635
market_liquidity_bucket,high_liquidity,liq20_bs_score_v2_b_bonus_0pct,0.0015,11,0.2861739359725841,0.027031101802840466,0.5454545454545454,-0.24996471162974887
market_liquidity_bucket,high_liquidity,liq_top_20_then_bs_v2,0.0015,11,0.2861739359725841,0.027031101802840466,0.5454545454545454,-0.24996471162974887
market_liquidity_bucket,high_liquidity,liq_top_10_then_liquidity_detail,0.0015,11,0.27157000028847134,0.027711302250695482,0.5454545454545454,-0.30672110272520237
market_liquidity_bucket,high_liquidity,baseline_full_liquidity_detail,0.0015,11,0.25373982573966836,0.026522041400620533,0.5454545454545454,-0.3164423793726594
market_liquidity_bucket,high_liquidity,liq_top_20_then_liquidity_detail,0.0015,11,0.25373982573966836,0.026522041400620533,0.5454545454545454,-0.3164423793726594
market_liquidity_bucket,high_liquidity,liq_top_30_then_liquidity_detail,0.0015,11,0.25373982573966836,0.026522041400620533,0.5454545454545454,-0.3164423793726594
market_liquidity_bucket,high_liquidity,tiered_liquidity_then_liquidity_detail,0.0015,11,0.22055117671533764,0.024244912928594733,0.5454545454545454,-0.33453732498509803
market_liquidity_bucket,high_liquidity,liq20_bs_score_v2_b_bonus_8pct,0.0015,11,0.18720223844823125,0.017377987917126178,0.5454545454545454,-0.12914117751446907
market_liquidity_bucket,high_liquidity,liq_top_10_then_score_industry_penalty_10pt,0.0015,11,0.037040537290694564,0.01341366563361805,0.36363636363636365,-0.4370000061501432
market_liquidity_bucket,high_liquidity,liq_top_10_then_score_industry_penalty_5pt,0.0015,11,0.037040537290694564,0.01341366563361805,0.36363636363636365,-0.4370000061501432
market_liquidity_bucket,high_liquidity,tiered_liquidity_then_score_industry_penalty_5pt,0.0015,11,-0.0373297942937727,0.003420936886930304,0.36363636363636365,-0.3830658406858751
market_liquidity_bucket,high_liquidity,liq_top_10_then_score_industry_cap2,0.0015,11,-0.0916051662109838,0.0032024418356113027,0.36363636363636365,-0.4895965377376721
market_liquidity_bucket,high_liquidity,baseline_full_score,0.0015,11,-0.10235353558871041,-0.0005048712233752806,0.45454545454545453,-0.47790672387648336
market_liquidity_bucket,high_liquidity,liq_top_10_then_liq_breakout_adj,0.0015,11,-0.1037648763558987,0.0020875343773123552,0.36363636363636365,-0.489596537737672
market_liquidity_bucket,high_liquidity,liq_top_10_then_score,0.0015,11,-0.1037648763558987,0.0020875343773123552,0.36363636363636365,-0.489596537737672
market_liquidity_bucket,high_liquidity,liq_top_20_then_consensus,0.0015,8,-0.11359075175954358,-0.012139421986313,0.375,-0.21368723938302958
market_liquidity_bucket,high_liquidity,liq20_score_b_bonus_8pct,0.0015,11,-0.18630705107017076,-0.017326214567173665,0.2727272727272727,-0.29406246351452037
market_liquidity_bucket,high_liquidity,baseline_full_liquidity_industry_penalty_0p10pt,0.0015,11,-0.21724047714090178,-0.020558464459878665,0.18181818181818182,-0.33057569295403233
market_liquidity_bucket,high_liquidity,baseline_full_liquidity_industry_penalty_0p25pt,0.0015,11,-0.21724047714090178,-0.020558464459878665,0.18181818181818182,-0.33057569295403233
market_liquidity_bucket,high_liquidity,baseline_full_liquidity_industry_penalty_0p50pt,0.0015,11,-0.21724047714090178,-0.020558464459878665,0.18181818181818182,-0.33057569295403233
market_liquidity_bucket,high_liquidity,baseline_full_liquidity_industry_penalty_1pt,0.0015,11,-0.21724047714090178,-0.020558464459878665,0.18181818181818182,-0.33057569295403233
market_liquidity_bucket,high_liquidity,baseline_full_liquidity_industry_penalty_2pt,0.0015,11,-0.21724047714090178,-0.020558464459878665,0.18181818181818182,-0.33057569295403233
market_liquidity_bucket,high_liquidity,tiered_liquidity_then_score_industry_cap2,0.0015,11,-0.2422814702720092,-0.01585181536461376,0.36363636363636365,-0.511767399471879
market_liquidity_bucket,high_liquidity,tiered_liquidity_then_liq_breakout_adj,0.0015,11,-0.24591755646414515,-0.016248050422194515,0.36363636363636365,-0.5141102956103281
market_liquidity_bucket,high_liquidity,tiered_liquidity_then_score,0.0015,11,-0.24591755646414515,-0.016248050422194515,0.36363636363636365,-0.5141102956103281
market_liquidity_bucket,high_liquidity,liq20_score_b_bonus_5pct,0.0015,11,-0.2554991407243944,-0.025438436266200737,0.36363636363636365,-0.3242221493853995
market_liquidity_bucket,high_liquidity,baseline_full_liq_breakout_adj,0.0015,11,-0.2772348871294432,-0.019684407426637865,0.2727272727272727,-0.561281038246195
market_liquidity_bucket,high_liquidity,liq_top_10_then_dynamic_factor,0.0015,11,-0.3613986751659499,-0.03368123537728385,0.36363636363636365,-0.5524055872811757
market_liquidity_bucket,high_liquidity,liq_top_30_then_liq_breakout_adj,0.0015,11,-0.37302383933241534,-0.03499892299903495,0.2727272727272727,-0.5447051243085373
market_liquidity_bucket,high_liquidity,liq_top_30_then_score,0.0015,11,-0.37302383933241534,-0.03499892299903495,0.2727272727272727,-0.5447051243085373
market_liquidity_bucket,high_liquidity,liq20_score_b_bonus_0pct,0.0015,11,-0.37739818126501157,-0.036099392809669104,0.36363636363636365,-0.525490288147822
market_liquidity_bucket,high_liquidity,liq_top_20_then_liq_breakout_adj,0.0015,11,-0.37739818126501157,-0.036099392809669104,0.36363636363636365,-0.525490288147822
market_liquidity_bucket,high_liquidity,liq_top_20_then_score,0.0015,11,-0.37739818126501157,-0.036099392809669104,0.36363636363636365,-0.525490288147822
market_liquidity_bucket,high_liquidity,baseline_full_dynamic_factor_industry_cap2,0.0015,11,-0.38102701508828407,-0.036169266862825775,0.2727272727272727,-0.5508335938304559
market_liquidity_bucket,high_liquidity,tiered_liquidity_then_dynamic_factor,0.0015,11,-0.38796299840371995,-0.03765684859621729,0.36363636363636365,-0.5524055872811757
market_liquidity_bucket,high_liquidity,liq_top_20_then_dynamic_factor,0.0015,11,-0.407806434373037,-0.04061261721105376,0.2727272727272727,-0.5636385301839979
market_liquidity_bucket,high_liquidity,baseline_full_dynamic_factor,0.0015,11,-0.4083154774537978,-0.040689221857420195,0.2727272727272727,-0.5640136217078061
market_liquidity_bucket,high_liquidity,liq_top_30_then_dynamic_factor,0.0015,11,-0.4083154774537978,-0.040689221857420195,0.2727272727272727,-0.5640136217078061
market_liquidity_bucket,high_liquidity,liq20_score_b_bonus_3pct,0.0015,11,-0.4109742344676206,-0.04315682285858318,0.2727272727272727,-0.5172319006982837
market_liquidity_bucket,high_liquidity,baseline_full_liquidity_industry_cap2,0.0015,11,-0.4367777903543375,-0.04905582085495479,0.18181818181818182,-0.4688622673754609
market_liquidity_bucket,high_liquidity,baseline_full_liquidity,0.0015,11,-0.5020575787821869,-0.06024140512145974,0.09090909090909091,-0.5027889940560718
market_liquidity_bucket,high_liquidity,baseline_b_consensus,0.002,8,0.6548404562462213,0.06690363142957034,0.875,-0.004266733498008324
market_liquidity_bucket,high_liquidity,liq20_bs_model_rank_score_b_bonus_3pct,0.002,8,0.5955680953743596,0.06182480251708243,0.75,-0.024031629630316464
market_liquidity_bucket,high_liquidity,tiered_liquidity_then_bs_v2,0.002,11,0.5117635905916658,0.04082043460805115,0.8181818181818182,-0.1454041388550381
market_liquidity_bucket,high_liquidity,liq20_bs_model_rank_score_b_bonus_0pct,0.002,8,0.4758328471564284,0.05172044151776124,0.625,-0.024519102903154955
market_liquidity_bucket,high_liquidity,liq_top_20_then_model_rank,0.002,8,0.4758328471564284,0.05172044151776124,0.625,-0.024519102903154955
market_liquidity_bucket,high_liquidity,liq20_bs_score_v2_b_bonus_5pct,0.002,11,0.4312617019296392,0.03488711677219775,0.5454545454545454,-0.0713161359373432
market_liquidity_bucket,high_liquidity,baseline_b_score_v2,0.002,11,0.4164633410858869,0.033422547896027416,0.6363636363636364,-0.03191656053721681
market_liquidity_bucket,high_liquidity,liq20_bs_model_rank_score_b_bonus_5pct,0.002,8,0.4008563309580022,0.04461577533339572,0.75,-0.044223079230261586
market_liquidity_bucket,high_liquidity,liq20_bs_model_rank_score_b_bonus_8pct,0.002,8,0.369827821220748,0.04093948827937999,0.875,-0.03320167763015103
market_liquidity_bucket,high_liquidity,liq20_bs_score_v2_b_bonus_3pct,0.002,11,0.3310825296651272,0.02907036861900284,0.5454545454545454,-0.14716169332506301
market_liquidity_bucket,high_liquidity,liq20_bs_score_v2_b_bonus_0pct,0.002,11,0.27925093145628166,0.026531101802840466,0.5454545454545454,-0.25195002881327033
market_liquidity_bucket,high_liquidity,liq_top_20_then_bs_v2,0.002,11,0.27925093145628166,0.026531101802840466,0.5454545454545454,-0.25195002881327033
market_liquidity_bucket,high_liquidity,liq_top_10_then_liquidity_detail,0.002,11,0.26470788655684463,0.02721130225069548,0.5454545454545454,-0.3085851774538124
market_liquidity_bucket,high_liquidity,baseline_full_liquidity_detail,0.002,11,0.24696442211265102,0.026022041400620533,0.5454545454545454,-0.3182855157298996
market_liquidity_bucket,high_liquidity,liq_top_20_then_liquidity_detail,0.002,11,0.24696442211265102,0.026022041400620533,0.5454545454545454,-0.3182855157298996
market_liquidity_bucket,high_liquidity,liq_top_30_then_liquidity_detail,0.002,11,0.24696442211265102,0.026022041400620533,0.5454545454545454,-0.3182855157298996
market_liquidity_bucket,high_liquidity,tiered_liquidity_then_liquidity_detail,0.002,11,0.2139376779743476,0.02374491292859474,0.5454545454545454,-0.336341211183679
market_liquidity_bucket,high_liquidity,liq20_bs_score_v2_b_bonus_8pct,0.002,11,0.18077904983874027,0.016877987917126178,0.5454545454545454,-0.13181326352312106
market_liquidity_bucket,high_liquidity,liq_top_10_then_score_industry_penalty_10pt,0.002,11,0.0313126764161169,0.01291366563361805,0.36363636363636365,-0.43858207642474456
market_liquidity_bucket,high_liquidity,liq_top_10_then_score_industry_penalty_5pt,0.002,11,0.0313126764161169,0.01291366563361805,0.36363636363636365,-0.43858207642474456
market_liquidity_bucket,high_liquidity,tiered_liquidity_then_score_industry_penalty_5pt,0.002,11,-0.0426670671923971,0.002920936886930302,0.36363636363636365,-0.384769192514849
market_liquidity_bucket,high_liquidity,liq_top_10_then_score_industry_cap2,0.002,11,-0.09669363763736005,0.0027024418356113022,0.36363636363636365,-0.491061746612412
market_liquidity_bucket,high_liquidity,baseline_full_score,0.002,11,-0.1073746865784101,-0.001004871223375281,0.45454545454545453,-0.4799182421381726
market_liquidity_bucket,high_liquidity,liq_top_10_then_liq_breakout_adj,0.002,11,-0.10879183634763112,0.0015875343773123546,0.36363636363636365,-0.491061746612412
market_liquidity_bucket,high_liquidity,liq_top_10_then_score,0.002,11,-0.10879183634763112,0.0015875343773123546,0.36363636363636365,-0.491061746612412
market_liquidity_bucket,high_liquidity,liq_top_20_then_consensus,0.002,8,-0.11719406083350725,-0.012639421986313,0.375,-0.21575253445759435
market_liquidity_bucket,high_liquidity,liq20_score_b_bonus_8pct,0.002,11,-0.19086112046637205,-0.017826214567173666,0.2727272727272727,-0.2970078308305233
market_liquidity_bucket,high_liquidity,baseline_full_liquidity_industry_penalty_0p10pt,0.002,11,-0.22163750706799623,-0.021058464459878665,0.18181818181818182,-0.33371944699735856
market_liquidity_bucket,high_liquidity,baseline_full_liquidity_industry_penalty_0p25pt,0.002,11,-0.22163750706799623,-0.021058464459878665,0.18181818181818182,-0.33371944699735856
market_liquidity_bucket,high_liquidity,baseline_full_liquidity_industry_penalty_0p50pt,0.002,11,-0.22163750706799623,-0.021058464459878665,0.18181818181818182,-0.33371944699735856
market_liquidity_bucket,high_liquidity,baseline_full_liquidity_industry_penalty_1pt,0.002,11,-0.22163750706799623,-0.021058464459878665,0.18181818181818182,-0.33371944699735856
market_liquidity_bucket,high_liquidity,baseline_full_liquidity_industry_penalty_2pt,0.002,11,-0.22163750706799623,-0.021058464459878665,0.18181818181818182,-0.33371944699735856
market_liquidity_bucket,high_liquidity,tiered_liquidity_then_score_industry_cap2,0.002,11,-0.2465850778902975,-0.01635181536461376,0.36363636363636365,-0.5139109127469572
market_liquidity_bucket,high_liquidity,tiered_liquidity_then_liq_breakout_adj,0.002,11,-0.25020250359639506,-0.01674805042219452,0.36363636363636365,-0.5162448075346512
market_liquidity_bucket,high_liquidity,tiered_liquidity_then_score,0.002,11,-0.25020250359639506,-0.01674805042219452,0.36363636363636365,-0.5162448075346512
market_liquidity_bucket,high_liquidity,liq20_score_b_bonus_5pct,0.002,11,-0.2596988736710165,-0.025938436266200737,0.36363636363636365,-0.3267208019551796
market_liquidity_bucket,high_liquidity,baseline_full_liq_breakout_adj,0.002,11,-0.2813574110267135,-0.020184407426637865,0.2727272727272727,-0.5632286443636649
market_liquidity_bucket,high_liquidity,liq_top_10_then_dynamic_factor,0.002,11,-0.36507036233978374,-0.03418123537728384,0.2727272727272727,-0.5542456049915003
market_liquidity_bucket,high_liquidity,liq_top_30_then_liq_breakout_adj,0.002,11,-0.3766368479663499,-0.03549892299903495,0.2727272727272727,-0.546716822720756
market_liquidity_bucket,high_liquidity,liq_top_30_then_score,0.002,11,-0.3766368479663499,-0.03549892299903495,0.2727272727272727,-0.546716822720756
market_liquidity_bucket,high_liquidity,liq20_score_b_bonus_0pct,0.002,11,-0.3809867176532148,-0.036599392809669104,0.36363636363636365,-0.5275770643376849
market_liquidity_bucket,high_liquidity,liq_top_20_then_liq_breakout_adj,0.002,11,-0.3809867176532148,-0.036599392809669104,0.36363636363636365,-0.5275770643376849
market_liquidity_bucket,high_liquidity,liq_top_20_then_score,0.002,11,-0.3809867176532148,-0.036599392809669104,0.36363636363636365,-0.5275770643376849
market_liquidity_bucket,high_liquidity,baseline_full_dynamic_factor_industry_cap2,0.002,11,-0.3845967588252204,-0.03666926686282576,0.18181818181818182,-0.552903608577336
market_liquidity_bucket,high_liquidity,tiered_liquidity_then_dynamic_factor,0.002,11,-0.3914945193061674,-0.038156848596217284,0.2727272727272727,-0.5542456049915003
market_liquidity_bucket,high_liquidity,liq_top_20_then_dynamic_factor,0.002,11,-0.41123330054279517,-0.041112617211053776,0.18181818181818182,-0.5656552835954182
market_liquidity_bucket,high_liquidity,baseline_full_dynamic_factor,0.002,11,-0.4117396561939419,-0.041189221857420216,0.18181818181818182,-0.5660288320686928
market_liquidity_bucket,high_liquidity,liq_top_30_then_dynamic_factor,0.002,11,-0.4117396561939419,-0.041189221857420216,0.18181818181818182,-0.5660288320686928
market_liquidity_bucket,high_liquidity,liq20_score_b_bonus_3pct,0.002,11,-0.414378240222402,-0.04365682285858318,0.2727272727272727,-0.5193470365739081
market_liquidity_bucket,high_liquidity,baseline_full_liquidity_industry_cap2,0.002,11,-0.4400388380970994,-0.0495558208549548,0.18181818181818182,-0.4711590142061618
market_liquidity_bucket,high_liquidity,baseline_full_liquidity,0.002,11,-0.5049712577256869,-0.060741405121459736,0.09090909090909091,-0.5052031918288542
market_liquidity_bucket,low_liquidity,liq20_bs_model_rank_score_b_bonus_0pct,0.0,5,0.8551511338470132,0.13252909394245993,1.0,0.0
market_liquidity_bucket,low_liquidity,liq_top_20_then_model_rank,0.0,5,0.8551511338470132,0.13252909394245993,1.0,0.0
market_liquidity_bucket,low_liquidity,liq20_bs_model_rank_score_b_bonus_3pct,0.0,5,0.7497606096952609,0.12057008663468705,0.8,-0.005032485254409691
market_liquidity_bucket,low_liquidity,baseline_full_liquidity,0.0,8,0.2530965436152641,0.031140961567489064,0.625,-0.07602793871740532
market_liquidity_bucket,low_liquidity,baseline_full_liquidity_industry_cap2,0.0,8,0.2530965436152641,0.031140961567489064,0.625,-0.07602793871740532
market_liquidity_bucket,low_liquidity,liq20_bs_model_rank_score_b_bonus_5pct,0.0,5,0.1305483088843591,0.02711618205986787,0.6,-0.07516315091884174
market_liquidity_bucket,low_liquidity,tiered_liquidity_then_bs_v2,0.0,8,0.12597849393259608,0.020155518681001454,0.625,-0.2069404739928472
market_liquidity_bucket,low_liquidity,liq_top_10_then_liq_breakout_adj,0.0,8,0.11403492429480733,0.02104330728327572,0.625,-0.31621197411100854
market_liquidity_bucket,low_liquidity,liq_top_10_then_score,0.0,8,0.11403492429480733,0.02104330728327572,0.625,-0.31621197411100854
market_liquidity_bucket,low_liquidity,liq_top_10_then_score_industry_cap2,0.0,8,0.11403492429480733,0.02104330728327572,0.625,-0.31621197411100854
market_liquidity_bucket,low_liquidity,baseline_full_liquidity_industry_penalty_0p10pt,0.0,8,0.10841487301942943,0.015819219304652056,0.5,-0.159363644667058
market_liquidity_bucket,low_liquidity,baseline_full_liquidity_industry_penalty_0p25pt,0.0,8,0.10841487301942943,0.015819219304652056,0.5,-0.159363644667058
market_liquidity_bucket,low_liquidity,baseline_full_liquidity_industry_penalty_0p50pt,0.0,8,0.10841487301942943,0.015819219304652056,0.5,-0.159363644667058
market_liquidity_bucket,low_liquidity,baseline_full_liquidity_industry_penalty_1pt,0.0,8,0.10841487301942943,0.015819219304652056,0.5,-0.159363644667058
market_liquidity_bucket,low_liquidity,baseline_full_liquidity_industry_penalty_2pt,0.0,8,0.10841487301942943,0.015819219304652056,0.5,-0.159363644667058
market_liquidity_bucket,low_liquidity,baseline_full_liquidity_detail,0.0,8,0.1047205380890519,0.01664860313341541,0.625,-0.2329624065713355
market_liquidity_bucket,low_liquidity,liq_top_10_then_liquidity_detail,0.0,8,0.1047205380890519,0.01664860313341541,0.625,-0.2329624065713355
market_liquidity_bucket,low_liquidity,liq_top_20_then_liquidity_detail,0.0,8,0.1047205380890519,0.01664860313341541,0.625,-0.2329624065713355
market_liquidity_bucket,low_liquidity,liq_top_30_then_liquidity_detail,0.0,8,0.1047205380890519,0.01664860313341541,0.625,-0.2329624065713355
market_liquidity_bucket,low_liquidity,tiered_liquidity_then_liquidity_detail,0.0,8,0.1047205380890519,0.01664860313341541,0.625,-0.2329624065713355
market_liquidity_bucket,low_liquidity,liq_top_10_then_score_industry_penalty_10pt,0.0,8,-0.007821479396860842,0.008560337576984434,0.625,-0.38979368507878287
market_liquidity_bucket,low_liquidity,liq_top_10_then_score_industry_penalty_5pt,0.0,8,-0.007821479396860842,0.008560337576984434,0.625,-0.38979368507878287
market_liquidity_bucket,low_liquidity,liq_top_10_then_dynamic_factor,0.0,8,-0.03915029281100357,-0.0014750207292513959,0.5,-0.24563681381563718
market_liquidity_bucket,low_liquidity,baseline_full_dynamic_factor_industry_cap2,0.0,8,-0.04704661685281342,-0.0012900436660731986,0.5,-0.2090418395807826
market_liquidity_bucket,low_liquidity,liq_top_20_then_consensus,0.0,5,-0.055570717044407525,-0.00557310457287793,0.8,-0.2034926082234949
market_liquidity_bucket,low_liquidity,liq20_bs_model_rank_score_b_bonus_8pct,0.0,5,-0.08117040927357799,-0.015898325090770583,0.2,-0.1317926389115155
market_liquidity_bucket,low_liquidity,liq_top_30_then_dynamic_factor,0.0,8,-0.08290304747820099,-0.006938661151762183,0.5,-0.16710539634899813
market_liquidity_bucket,low_liquidity,baseline_full_score,0.0,8,-0.09178469488888819,-0.009418138558040662,0.375,-0.1842338921764235
market_liquidity_bucket,low_liquidity,baseline_full_dynamic_factor,0.0,8,-0.10869104111203753,-0.00994427430752809,0.5,-0.2090418395807826
market_liquidity_bucket,low_liquidity,baseline_b_consensus,0.0,5,-0.12207420165712224,-0.02504451675316551,0.2,-0.1373954626176065
market_liquidity_bucket,low_liquidity,liq_top_20_then_dynamic_factor,0.0,8,-0.12450084789436766,-0.013526901990392678,0.5,-0.17164698488375119
market_liquidity_bucket,low_liquidity,liq_top_30_then_liq_breakout_adj,0.0,8,-0.13299693929244116,-0.014839075536063392,0.5,-0.24014261783971214
market_liquidity_bucket,low_liquidity,liq_top_30_then_score,0.0,8,-0.13299693929244116,-0.014839075536063392,0.5,-0.24014261783971214
market_liquidity_bucket,low_liquidity,baseline_full_liq_breakout_adj,0.0,8,-0.13477347788527083,-0.011708114609309095,0.375,-0.3328974352265269
market_liquidity_bucket,low_liquidity,tiered_liquidity_then_dynamic_factor,0.0,8,-0.13794283582437672,-0.011850439857342722,0.5,-0.2902800278390423
market_liquidity_bucket,low_liquidity,liq20_bs_score_v2_b_bonus_8pct,0.0,8,-0.14662187835388163,-0.01797229964934693,0.375,-0.1677047985260136
market_liquidity_bucket,low_liquidity,tiered_liquidity_then_score_industry_penalty_5pt,0.0,8,-0.16218475718829561,-0.01035790027870425,0.375,-0.44958030628157886
market_liquidity_bucket,low_liquidity,liq20_bs_score_v2_b_bonus_0pct,0.0,8,-0.17323002608869775,-0.017787041598807847,0.5,-0.2429054113149004
market_liquidity_bucket,low_liquidity,liq_top_20_then_bs_v2,0.0,8,-0.17323002608869775,-0.017787041598807847,0.5,-0.2429054113149004
market_liquidity_bucket,low_liquidity,baseline_b_score_v2,0.0,8,-0.18521681717453176,-0.025051425435202,0.125,-0.17823111150511783
market_liquidity_bucket,low_liquidity,liq20_bs_score_v2_b_bonus_3pct,0.0,8,-0.1915044743233879,-0.022346400250492254,0.5,-0.2293218620435138
market_liquidity_bucket,low_liquidity,tiered_liquidity_then_liq_breakout_adj,0.0,8,-0.19490709833225606,-0.020517761690418208,0.375,-0.3802115401325322
market_liquidity_bucket,low_liquidity,tiered_liquidity_then_score,0.0,8,-0.19490709833225606,-0.020517761690418208,0.375,-0.3802115401325322
market_liquidity_bucket,low_liquidity,tiered_liquidity_then_score_industry_cap2,0.0,8,-0.19490709833225606,-0.020517761690418208,0.375,-0.3802115401325322
market_liquidity_bucket,low_liquidity,liq20_bs_score_v2_b_bonus_5pct,0.0,8,-0.19523018057014474,-0.02488197767340155,0.375,-0.21315957516597595
market_liquidity_bucket,low_liquidity,liq20_score_b_bonus_5pct,0.0,8,-0.24653685533957592,-0.03139348693044219,0.375,-0.2281351302340755
market_liquidity_bucket,low_liquidity,liq20_score_b_bonus_8pct,0.0,8,-0.2983462939563104,-0.03993481842207795,0.375,-0.3067738718321349
market_liquidity_bucket,low_liquidity,liq20_score_b_bonus_3pct,0.0,8,-0.33498632116777716,-0.04671344430452698,0.375,-0.3187447850077261
market_liquidity_bucket,low_liquidity,liq20_score_b_bonus_0pct,0.0,8,-0.44553311081619484,-0.06901719261768567,0.25,-0.40950048572289866
market_liquidity_bucket,low_liquidity,liq_top_20_then_liq_breakout_adj,0.0,8,-0.44553311081619484,-0.06901719261768567,0.25,-0.40950048572289866
market_liquidity_bucket,low_liquidity,liq_top_20_then_score,0.0,8,-0.44553311081619484,-0.06901719261768567,0.25,-0.40950048572289866
market_liquidity_bucket,low_liquidity,liq20_bs_model_rank_score_b_bonus_0pct,0.0015,5,0.8428770058249146,0.13102909394245993,1.0,0.0
market_liquidity_bucket,low_liquidity,liq_top_20_then_model_rank,0.0015,5,0.8428770058249146,0.13102909394245993,1.0,0.0
market_liquidity_bucket,low_liquidity,liq20_bs_model_rank_score_b_bonus_3pct,0.0015,5,0.7380343837038024,0.11907008663468706,0.8,-0.006532485254409637
market_liquidity_bucket,low_liquidity,baseline_full_liquidity,0.0015,8,0.23851794662840065,0.029640961567489063,0.625,-0.08167167965343447
market_liquidity_bucket,low_liquidity,baseline_full_liquidity_industry_cap2,0.0015,8,0.23851794662840065,0.029640961567489063,0.625,-0.08167167965343447
market_liquidity_bucket,low_liquidity,liq20_bs_model_rank_score_b_bonus_5pct,0.0015,5,0.12228112008037106,0.02561618205986787,0.6,-0.07804626814270321
market_liquidity_bucket,low_liquidity,tiered_liquidity_then_bs_v2,0.0015,8,0.11266295100944257,0.018655518681001453,0.625,-0.21080334002942624
market_liquidity_bucket,low_liquidity,liq_top_10_then_liq_breakout_adj,0.0015,8,0.10081713553988614,0.01954330728327572,0.625,-0.3197007078256383
market_liquidity_bucket,low_liquidity,liq_top_10_then_score,0.0015,8,0.10081713553988614,0.01954330728327572,0.625,-0.3197007078256383
market_liquidity_bucket,low_liquidity,liq_top_10_then_score_industry_cap2,0.0015,8,0.10081713553988614,0.01954330728327572,0.625,-0.3197007078256383
market_liquidity_bucket,low_liquidity,baseline_full_liquidity_industry_penalty_0p10pt,0.0015,8,0.09531677089129631,0.014319219304652056,0.5,-0.16462041077622636
market_liquidity_bucket,low_liquidity,baseline_full_liquidity_industry_penalty_0p25pt,0.0015,8,0.09531677089129631,0.014319219304652056,0.5,-0.16462041077622636
market_liquidity_bucket,low_liquidity,baseline_full_liquidity_industry_penalty_0p50pt,0.0015,8,0.09531677089129631,0.014319219304652056,0.5,-0.16462041077622636
market_liquidity_bucket,low_liquidity,baseline_full_liquidity_industry_penalty_1pt,0.0015,8,0.09531677089129631,0.014319219304652056,0.5,-0.16462041077622636
market_liquidity_bucket,low_liquidity,baseline_full_liquidity_industry_penalty_2pt,0.0015,8,0.09531677089129631,0.014319219304652056,0.5,-0.16462041077622636
market_liquidity_bucket,low_liquidity,baseline_full_liquidity_detail,0.0015,8,0.09164052874203499,0.015148603133415407,0.625,-0.23673334659734313
market_liquidity_bucket,low_liquidity,liq_top_10_then_liquidity_detail,0.0015,8,0.09164052874203499,0.015148603133415407,0.625,-0.23673334659734313
market_liquidity_bucket,low_liquidity,liq_top_20_then_liquidity_detail,0.0015,8,0.09164052874203499,0.015148603133415407,0.625,-0.23673334659734313
market_liquidity_bucket,low_liquidity,liq_top_30_then_liquidity_detail,0.0015,8,0.09164052874203499,0.015148603133415407,0.625,-0.23673334659734313
market_liquidity_bucket,low_liquidity,tiered_liquidity_then_liquidity_detail,0.0015,8,0.09164052874203499,0.015148603133415407,0.625,-0.23673334659734313
market_liquidity_bucket,low_liquidity,liq_top_10_then_score_industry_penalty_10pt,0.0015,8,-0.019791774038797838,0.007060337576984432,0.625,-0.39302803974852374
market_liquidity_bucket,low_liquidity,liq_top_10_then_score_industry_penalty_5pt,0.0015,8,-0.019791774038797838,0.007060337576984432,0.625,-0.39302803974852374
market_liquidity_bucket,low_liquidity,liq_top_10_then_dynamic_factor,0.0015,8,-0.05071954144858282,-0.002975020729251397,0.5,-0.24936717731367763
market_liquidity_bucket,low_liquidity,baseline_full_dynamic_factor_industry_cap2,0.0015,8,-0.05854598985503734,-0.0027900436660732,0.5,-0.21409001977619047
market_liquidity_bucket,low_liquidity,liq_top_20_then_consensus,0.0015,5,-0.06275979094652018,-0.007073104572877931,0.8,-0.20499260822349497
market_liquidity_bucket,low_liquidity,liq20_bs_model_rank_score_b_bonus_8pct,0.0015,5,-0.08816414817909735,-0.017398325090770585,0.2,-0.1371781349898752
market_liquidity_bucket,low_liquidity,liq_top_30_then_dynamic_factor,0.0015,8,-0.0940130236351786,-0.008438661151762183,0.375,-0.17124542633481243
market_liquidity_bucket,low_liquidity,baseline_full_score,0.0015,8,-0.10278446869237223,-0.010918138558040663,0.375,-0.1905982129319299
market_liquidity_bucket,low_liquidity,baseline_full_dynamic_factor,0.0015,8,-0.11953201766072263,-0.01144427430752809,0.375,-0.21444883602473885
market_liquidity_bucket,low_liquidity,baseline_b_consensus,0.0015,5,-0.12881621145038324,-0.02654451675316551,0.2,-0.14275638822645675
market_liquidity_bucket,low_liquidity,liq_top_20_then_dynamic_factor,0.0015,8,-0.1351597194672962,-0.01502690199039268,0.5,-0.1743858976237339
market_liquidity_bucket,low_liquidity,liq_top_30_then_liq_breakout_adj,0.0015,8,-0.14356357918467522,-0.016339075536063393,0.5,-0.24615995525443557
market_liquidity_bucket,low_liquidity,liq_top_30_then_score,0.0015,8,-0.14356357918467522,-0.016339075536063393,0.5,-0.24615995525443557
market_liquidity_bucket,low_liquidity,baseline_full_liq_breakout_adj,0.0015,8,-0.14535308742012298,-0.013208114609309096,0.375,-0.3383175413413195
market_liquidity_bucket,low_liquidity,tiered_liquidity_then_dynamic_factor,0.0015,8,-0.14850118540941726,-0.013350439857342723,0.5,-0.29494182817610093
market_liquidity_bucket,low_liquidity,liq20_bs_score_v2_b_bonus_8pct,0.0015,8,-0.15702868714564255,-0.019472299649346932,0.375,-0.1735512007959752
market_liquidity_bucket,low_liquidity,tiered_liquidity_then_score_industry_penalty_5pt,0.0015,8,-0.1725278318346536,-0.011857900278704252,0.375,-0.4534191452835993
market_liquidity_bucket,low_liquidity,liq20_bs_score_v2_b_bonus_0pct,0.0015,8,-0.18339967824660308,-0.01928704159880785,0.5,-0.24553685038528306
market_liquidity_bucket,low_liquidity,liq_top_20_then_bs_v2,0.0015,8,-0.18339967824660308,-0.01928704159880785,0.5,-0.24553685038528306
market_liquidity_bucket,low_liquidity,baseline_b_score_v2,0.0015,8,-0.1951962084858807,-0.026551425435202003,0.125,-0.18584405851240426
market_liquidity_bucket,low_liquidity,liq20_bs_score_v2_b_bonus_3pct,0.0015,8,-0.20145579127542712,-0.023846400250492256,0.5,-0.23541653482003844
market_liquidity_bucket,low_liquidity,tiered_liquidity_then_liq_breakout_adj,0.0015,8,-0.2048454150902942,-0.02201776169041821,0.375,-0.38440684751607235
market_liquidity_bucket,low_liquidity,tiered_liquidity_then_score,0.0015,8,-0.2048454150902942,-0.02201776169041821,0.375,-0.38440684751607235
market_liquidity_bucket,low_liquidity,tiered_liquidity_then_score_industry_cap2,0.0015,8,-0.2048454150902942,-0.02201776169041821,0.375,-0.38440684751607235
market_liquidity_bucket,low_liquidity,liq20_bs_score_v2_b_bonus_5pct,0.0015,8,-0.20511878022765506,-0.02638197767340155,0.375,-0.21933762693803016
market_liquidity_bucket,low_liquidity,liq20_score_b_bonus_5pct,0.0015,8,-0.2558863943228351,-0.03289348693044218,0.375,-0.23423440876867374
market_liquidity_bucket,low_liquidity,liq20_score_b_bonus_8pct,0.0015,8,-0.3071312815605627,-0.041434818422077954,0.375,-0.31237069735044476
market_liquidity_bucket,low_liquidity,liq20_score_b_bonus_3pct,0.0015,8,-0.34336422747096906,-0.04821344430452698,0.375,-0.32425764461497364
market_liquidity_bucket,low_liquidity,liq20_score_b_bonus_0pct,0.0015,8,-0.4526708558609296,-0.07051719261768567,0.25,-0.41440910751376214
market_liquidity_bucket,low_liquidity,liq_top_20_then_liq_breakout_adj,0.0015,8,-0.4526708558609296,-0.07051719261768567,0.25,-0.41440910751376214
market_liquidity_bucket,low_liquidity,liq_top_20_then_score,0.0015,8,-0.4526708558609296,-0.07051719261768567,0.25,-0.41440910751376214
market_liquidity_bucket,low_liquidity,liq20_bs_model_rank_score_b_bonus_0pct,0.002,5,0.8388000924855703,0.13052909394245993,1.0,0.0
market_liquidity_bucket,low_liquidity,liq_top_20_then_model_rank,0.002,5,0.8388000924855703,0.13052909394245993,1.0,0.0
market_liquidity_bucket,low_liquidity,liq20_bs_model_rank_score_b_bonus_3pct,0.002,5,0.7341396288392454,0.11857008663468704,0.8,-0.007032485254409693
market_liquidity_bucket,low_liquidity,baseline_full_liquidity,0.002,8,0.23369148517464233,0.029140961567489063,0.625,-0.08354716993738387
market_liquidity_bucket,low_liquidity,baseline_full_liquidity_industry_cap2,0.002,8,0.23369148517464233,0.029140961567489063,0.625,-0.08354716993738387
market_liquidity_bucket,low_liquidity,liq20_bs_model_rank_score_b_bonus_5pct,0.002,5,0.11953615285470165,0.02511618205986787,0.6,-0.07900630721732382
market_liquidity_bucket,low_liquidity,tiered_liquidity_then_bs_v2,0.002,8,0.10825511167474011,0.018155518681001452,0.625,-0.2120881791000272
market_liquidity_bucket,low_liquidity,liq_top_10_then_liq_breakout_adj,0.002,8,0.09644174154465435,0.01904330728327572,0.625,-0.32086097807297675
market_liquidity_bucket,low_liquidity,liq_top_10_then_score,0.002,8,0.09644174154465435,0.01904330728327572,0.625,-0.32086097807297675
market_liquidity_bucket,low_liquidity,liq_top_10_then_score_industry_cap2,0.002,8,0.09644174154465435,0.01904330728327572,0.625,-0.32086097807297675
market_liquidity_bucket,low_liquidity,baseline_full_liquidity_industry_penalty_0p10pt,0.002,8,0.09098091525388363,0.013819219304652056,0.5,-0.166367176131476
market_liquidity_bucket,low_liquidity,baseline_full_liquidity_industry_penalty_0p25pt,0.002,8,0.09098091525388363,0.013819219304652056,0.5,-0.166367176131476
market_liquidity_bucket,low_liquidity,baseline_full_liquidity_industry_penalty_0p50pt,0.002,8,0.09098091525388363,0.013819219304652056,0.5,-0.166367176131476
market_liquidity_bucket,low_liquidity,baseline_full_liquidity_industry_penalty_1pt,0.002,8,0.09098091525388363,0.013819219304652056,0.5,-0.166367176131476
market_liquidity_bucket,low_liquidity,baseline_full_liquidity_industry_penalty_2pt,0.002,8,0.09098091525388363,0.013819219304652056,0.5,-0.166367176131476
market_liquidity_bucket,low_liquidity,baseline_full_liquidity_detail,0.002,8,0.08731070557442355,0.014648603133415407,0.625,-0.2379875793811047
market_liquidity_bucket,low_liquidity,liq_top_10_then_liquidity_detail,0.002,8,0.08731070557442355,0.014648603133415407,0.625,-0.2379875793811047
market_liquidity_bucket,low_liquidity,liq_top_20_then_liquidity_detail,0.002,8,0.08731070557442355,0.014648603133415407,0.625,-0.2379875793811047
market_liquidity_bucket,low_liquidity,liq_top_30_then_liquidity_detail,0.002,8,0.08731070557442355,0.014648603133415407,0.625,-0.2379875793811047
market_liquidity_bucket,low_liquidity,tiered_liquidity_then_liquidity_detail,0.002,8,0.08731070557442355,0.014648603133415407,0.625,-0.2379875793811047
market_liquidity_bucket,low_liquidity,liq_top_10_then_score_industry_penalty_10pt,0.002,8,-0.023753770556786513,0.006560337576984432,0.625,-0.3941036147949224
market_liquidity_bucket,low_liquidity,liq_top_10_then_score_industry_penalty_5pt,0.002,8,-0.023753770556786513,0.006560337576984432,0.625,-0.3941036147949224
market_liquidity_bucket,low_liquidity,liq_top_10_then_dynamic_factor,0.002,8,-0.0545488054584955,-0.0034750207292513977,0.5,-0.25060789905311565
market_liquidity_bucket,low_liquidity,baseline_full_dynamic_factor_industry_cap2,0.002,8,-0.06235207510751384,-0.0032900436660732004,0.5,-0.21576738327971556
market_liquidity_bucket,low_liquidity,liq_top_20_then_consensus,0.002,5,-0.0651464299307497,-0.0075731045728779315,0.8,-0.2054926082234949
market_liquidity_bucket,low_liquidity,liq20_bs_model_rank_score_b_bonus_8pct,0.002,5,-0.09048591080713408,-0.017898325090770585,0.2,-0.138967721151946
market_liquidity_bucket,low_liquidity,liq_top_30_then_dynamic_factor,0.002,8,-0.09769011664541627,-0.008938661151762183,0.375,-0.1734049751546497
market_liquidity_bucket,low_liquidity,baseline_full_score,0.002,8,-0.1064250819047351,-0.011418138558040664,0.375,-0.19271081100721976
market_liquidity_bucket,low_liquidity,baseline_full_dynamic_factor,0.002,8,-0.12311997892367166,-0.011944274307528091,0.375,-0.21651755001700757
market_liquidity_bucket,low_liquidity,baseline_b_consensus,0.002,5,-0.13105432318404342,-0.02704451675316551,0.2,-0.14453780020125206
market_liquidity_bucket,low_liquidity,liq_top_20_then_dynamic_factor,0.002,8,-0.13868737814706966,-0.01552690199039268,0.5,-0.17529786853706153
market_liquidity_bucket,low_liquidity,liq_top_30_then_liq_breakout_adj,0.002,8,-0.14706068480408485,-0.016839075536063394,0.5,-0.2481572520927171
market_liquidity_bucket,low_liquidity,liq_top_30_then_score,0.002,8,-0.14706068480408485,-0.016839075536063394,0.5,-0.2481572520927171
market_liquidity_bucket,low_liquidity,baseline_full_liq_breakout_adj,0.002,8,-0.14885442175308694,-0.013708114609309097,0.375,-0.3401164023659844
market_liquidity_bucket,low_liquidity,tiered_liquidity_then_dynamic_factor,0.002,8,-0.15199545722976182,-0.013850439857342724,0.5,-0.29649067258661543
market_liquidity_bucket,low_liquidity,liq20_bs_score_v2_b_bonus_8pct,0.002,8,-0.1604728696814559,-0.019972299649346933,0.375,-0.17569761869005418
market_liquidity_bucket,low_liquidity,tiered_liquidity_then_score_industry_penalty_5pt,0.002,8,-0.1759506872661707,-0.012357900278704252,0.375,-0.45469429554300733
market_liquidity_bucket,low_liquidity,liq20_bs_score_v2_b_bonus_0pct,0.002,8,-0.18676519936436375,-0.01978704159880785,0.5,-0.2464129967420774
market_liquidity_bucket,low_liquidity,liq_top_20_then_bs_v2,0.002,8,-0.18676519936436375,-0.01978704159880785,0.5,-0.2464129967420774
market_liquidity_bucket,low_liquidity,baseline_b_score_v2,0.002,8,-0.19849882210774783,-0.027051425435202003,0.125,-0.18836860910379094
market_liquidity_bucket,low_liquidity,liq20_bs_score_v2_b_bonus_3pct,0.002,8,-0.20474902482270196,-0.024346400250492256,0.5,-0.2374395200515662
market_liquidity_bucket,low_liquidity,tiered_liquidity_then_liq_breakout_adj,0.002,8,-0.20813429281393103,-0.02251776169041821,0.375,-0.3858005497923984
market_liquidity_bucket,low_liquidity,tiered_liquidity_then_score,0.002,8,-0.20813429281393103,-0.02251776169041821,0.375,-0.3858005497923984
market_liquidity_bucket,low_liquidity,tiered_liquidity_then_score_industry_cap2,0.002,8,-0.20813429281393103,-0.02251776169041821,0.375,-0.3858005497923984
market_liquidity_bucket,low_liquidity,liq20_bs_score_v2_b_bonus_5pct,0.002,8,-0.2083912816139668,-0.02688197767340155,0.375,-0.22138833576199934
market_liquidity_bucket,low_liquidity,liq20_score_b_bonus_5pct,0.002,8,-0.25898028993872546,-0.03339348693044218,0.375,-0.23625892625830092
market_liquidity_bucket,low_liquidity,liq20_score_b_bonus_8pct,0.002,8,-0.31003816817175134,-0.041934818422077955,0.375,-0.31422826603028176
market_liquidity_bucket,low_liquidity,liq20_score_b_bonus_3pct,0.002,8,-0.3461362830769622,-0.04871344430452698,0.375,-0.32608732201975354
market_liquidity_bucket,low_liquidity,liq20_score_b_bonus_0pct,0.002,8,-0.4550321811193533,-0.07101719261768567,0.25,-0.41603804380162057
market_liquidity_bucket,low_liquidity,liq_top_20_then_liq_breakout_adj,0.002,8,-0.4550321811193533,-0.07101719261768567,0.25,-0.41603804380162057
market_liquidity_bucket,low_liquidity,liq_top_20_then_score,0.002,8,-0.4550321811193533,-0.07101719261768567,0.25,-0.41603804380162057
market_liquidity_bucket,normal_liquidity,baseline_full_score,0.0,45,0.4911502526552318,0.013566720402864213,0.5111111111111111,-0.5299178293766925
market_liquidity_bucket,normal_liquidity,liq20_bs_model_rank_score_b_bonus_8pct,0.0,16,0.27615183965086065,0.017180740600245464,0.625,-0.13949176040052402
market_liquidity_bucket,normal_liquidity,liq_top_10_then_score_industry_penalty_10pt,0.0,45,0.12995954129890497,0.007217095470931468,0.4666666666666667,-0.6573323567718345
market_liquidity_bucket,normal_liquidity,baseline_full_liquidity,0.0,45,0.08743518171405085,0.004347107583437721,0.4444444444444444,-0.5968667293976779
market_liquidity_bucket,normal_liquidity,liq20_bs_model_rank_score_b_bonus_0pct,0.0,16,0.06650733300770484,0.007212836008307083,0.25,-0.24995895055861483
market_liquidity_bucket,normal_liquidity,liq_top_20_then_model_rank,0.0,16,0.06650733300770484,0.007212836008307083,0.25,-0.24995895055861483
market_liquidity_bucket,normal_liquidity,baseline_full_liquidity_detail,0.0,45,0.05804456023462534,0.004133669606546022,0.4666666666666667,-0.5939299343819058
market_liquidity_bucket,normal_liquidity,liq_top_20_then_liquidity_detail,0.0,45,0.05804456023462534,0.004133669606546022,0.4666666666666667,-0.5939299343819058
market_liquidity_bucket,normal_liquidity,liq_top_30_then_liquidity_detail,0.0,45,0.05804456023462534,0.004133669606546022,0.4666666666666667,-0.5939299343819058
market_liquidity_bucket,normal_liquidity,baseline_b_consensus,0.0,16,0.03786258336797266,0.0039112102660190905,0.5625,-0.21273470597417576
market_liquidity_bucket,normal_liquidity,liq20_bs_model_rank_score_b_bonus_5pct,0.0,16,0.021322860834282364,0.0023088155392316147,0.5625,-0.15903056423799333
market_liquidity_bucket,normal_liquidity,liq_top_10_then_liquidity_detail,0.0,45,0.006525037082654173,0.003058610050490169,0.4666666666666667,-0.6137027652561504
market_liquidity_bucket,normal_liquidity,tiered_liquidity_then_liquidity_detail,0.0,45,0.006525037082654173,0.003058610050490169,0.4666666666666667,-0.6137027652561504
market_liquidity_bucket,normal_liquidity,liq_top_10_then_score_industry_penalty_5pt,0.0,45,-0.004911507208831267,0.0044868628470794755,0.4222222222222222,-0.6956444348526216
market_liquidity_bucket,normal_liquidity,liq_top_20_then_consensus,0.0,16,-0.029103453939311796,0.0020564384740391177,0.5625,-0.36895705000724666
market_liquidity_bucket,normal_liquidity,liq20_bs_model_rank_score_b_bonus_3pct,0.0,16,-0.048772721395872964,-0.0012545608267163456,0.375,-0.26090154171029056
market_liquidity_bucket,normal_liquidity,baseline_full_liquidity_industry_penalty_0p10pt,0.0,45,-0.08719280912541971,0.00046897024618894085,0.35555555555555557,-0.698712809482717
market_liquidity_bucket,normal_liquidity,baseline_full_liquidity_industry_penalty_0p25pt,0.0,45,-0.08719280912541971,0.00046897024618894085,0.35555555555555557,-0.698712809482717
market_liquidity_bucket,normal_liquidity,baseline_full_liquidity_industry_penalty_0p50pt,0.0,45,-0.08719280912541971,0.00046897024618894085,0.35555555555555557,-0.698712809482717
market_liquidity_bucket,normal_liquidity,baseline_full_liquidity_industry_penalty_1pt,0.0,45,-0.08719280912541971,0.00046897024618894085,0.35555555555555557,-0.698712809482717
market_liquidity_bucket,normal_liquidity,baseline_full_liquidity_industry_penalty_2pt,0.0,45,-0.08719280912541971,0.00046897024618894085,0.35555555555555557,-0.698712809482717
market_liquidity_bucket,normal_liquidity,tiered_liquidity_then_bs_v2,0.0,45,-0.10548815941483436,0.0020278961359297128,0.4666666666666667,-0.7095221271992209
market_liquidity_bucket,normal_liquidity,liq20_bs_score_v2_b_bonus_3pct,0.0,45,-0.22096596287498094,-0.0013092704098196686,0.4666666666666667,-0.7320032782250718
market_liquidity_bucket,normal_liquidity,liq20_bs_score_v2_b_bonus_5pct,0.0,45,-0.22819659717918395,-0.0015206551505844272,0.4666666666666667,-0.7629853816514386
market_liquidity_bucket,normal_liquidity,baseline_full_liquidity_industry_cap2,0.0,45,-0.235355218525936,-0.0033933408069186555,0.4,-0.6880895359935176
market_liquidity_bucket,normal_liquidity,baseline_full_liq_breakout_adj,0.0,45,-0.25620824331117376,-0.0027808488692965022,0.4888888888888889,-0.6758638335648686
market_liquidity_bucket,normal_liquidity,baseline_b_score_v2,0.0,45,-0.2670043518503187,-0.004142030365531134,0.4444444444444444,-0.689732236229356
market_liquidity_bucket,normal_liquidity,liq_top_10_then_score_industry_cap2,0.0,45,-0.27938327786741024,-0.0008605278727792426,0.37777777777777777,-0.7930824039893637
market_liquidity_bucket,normal_liquidity,tiered_liquidity_then_score_industry_penalty_5pt,0.0,45,-0.2845198231572338,-0.0028772137143966174,0.4222222222222222,-0.7555743916235356
market_liquidity_bucket,normal_liquidity,liq_top_30_then_liq_breakout_adj,0.0,45,-0.2915008853984179,-0.00419649793158858,0.4888888888888889,-0.6957082282079643
market_liquidity_bucket,normal_liquidity,liq_top_30_then_score,0.0,45,-0.2915008853984179,-0.00419649793158858,0.4888888888888889,-0.6957082282079643
market_liquidity_bucket,normal_liquidity,liq_top_10_then_liq_breakout_adj,0.0,45,-0.330830067607807,-0.002374073862347179,0.37777777777777777,-0.807854814521337
market_liquidity_bucket,normal_liquidity,liq_top_10_then_score,0.0,45,-0.330830067607807,-0.002374073862347179,0.37777777777777777,-0.807854814521337
market_liquidity_bucket,normal_liquidity,baseline_full_dynamic_factor_industry_cap2,0.0,45,-0.3463985988405873,-0.005363887919608697,0.37777777777777777,-0.7152623922774639
market_liquidity_bucket,normal_liquidity,liq_top_30_then_dynamic_factor,0.0,45,-0.35708484969359977,-0.005416415125368264,0.35555555555555557,-0.7188780996286986
market_liquidity_bucket,normal_liquidity,liq_top_20_then_dynamic_factor,0.0,45,-0.36047261262922203,-0.004702904049718164,0.35555555555555557,-0.6920461088907667
market_liquidity_bucket,normal_liquidity,baseline_full_dynamic_factor,0.0,45,-0.36744412155330475,-0.005680091483968138,0.35555555555555557,-0.7489737279190807
market_liquidity_bucket,normal_liquidity,liq20_bs_score_v2_b_bonus_0pct,0.0,45,-0.3975805168711969,-0.00669409495387894,0.4222222222222222,-0.7827455556226479
market_liquidity_bucket,normal_liquidity,liq_top_20_then_bs_v2,0.0,45,-0.3975805168711969,-0.00669409495387894,0.4222222222222222,-0.7827455556226479
market_liquidity_bucket,normal_liquidity,tiered_liquidity_then_score_industry_cap2,0.0,45,-0.41264352006496785,-0.005552016580084844,0.37777777777777777,-0.8046399428060672
market_liquidity_bucket,normal_liquidity,tiered_liquidity_then_dynamic_factor,0.0,45,-0.45375914223735303,-0.008558076252978157,0.35555555555555557,-0.7374628912006074
market_liquidity_bucket,normal_liquidity,liq_top_10_then_dynamic_factor,0.0,45,-0.45697608677585544,-0.00851828032017366,0.35555555555555557,-0.7856112681570352
market_liquidity_bucket,normal_liquidity,tiered_liquidity_then_liq_breakout_adj,0.0,45,-0.4719590911413414,-0.00765463455513884,0.37777777777777777,-0.8243688361678172
market_liquidity_bucket,normal_liquidity,tiered_liquidity_then_score,0.0,45,-0.4719590911413414,-0.00765463455513884,0.37777777777777777,-0.8243688361678172
market_liquidity_bucket,normal_liquidity,liq20_bs_score_v2_b_bonus_8pct,0.0,45,-0.48344787719549354,-0.010139304979468728,0.37777777777777777,-0.795488510330862
market_liquidity_bucket,normal_liquidity,liq20_score_b_bonus_5pct,0.0,45,-0.5588189158838347,-0.012997581911701027,0.4,-0.8298036335265515
market_liquidity_bucket,normal_liquidity,liq20_score_b_bonus_8pct,0.0,45,-0.6036494394868758,-0.016000338442323472,0.4,-0.8213071229574537
market_liquidity_bucket,normal_liquidity,liq20_score_b_bonus_0pct,0.0,45,-0.6147322402901398,-0.01606895965487474,0.4444444444444444,-0.825842529419884
market_liquidity_bucket,normal_liquidity,liq_top_20_then_liq_breakout_adj,0.0,45,-0.6147322402901398,-0.01606895965487474,0.4444444444444444,-0.825842529419884
market_liquidity_bucket,normal_liquidity,liq_top_20_then_score,0.0,45,-0.6147322402901398,-0.01606895965487474,0.4444444444444444,-0.825842529419884
market_liquidity_bucket,normal_liquidity,liq20_score_b_bonus_3pct,0.0,45,-0.6207537615762905,-0.016234599448744922,0.37777777777777777,-0.8328912528247645
market_liquidity_bucket,normal_liquidity,baseline_full_score,0.0015,45,0.3941463905228788,0.01206672040286421,0.5111111111111111,-0.541626451615115
market_liquidity_bucket,normal_liquidity,liq20_bs_model_rank_score_b_bonus_8pct,0.0015,16,0.2462676871306071,0.015680740600245463,0.5625,-0.14484282262615034
market_liquidity_bucket,normal_liquidity,liq_top_10_then_score_industry_penalty_10pt,0.0015,45,0.056030410936877884,0.0057170954709314685,0.4666666666666667,-0.6720206279057678
market_liquidity_bucket,normal_liquidity,liq20_bs_model_rank_score_b_bonus_0pct,0.0015,16,0.041222911870222534,0.005712836008307081,0.25,-0.26479180136073965
market_liquidity_bucket,normal_liquidity,liq_top_20_then_model_rank,0.0015,16,0.041222911870222534,0.005712836008307081,0.25,-0.26479180136073965
market_liquidity_bucket,normal_liquidity,baseline_full_liquidity,0.0015,45,0.01636754829207243,0.0028471075834377198,0.4444444444444444,-0.608372238589219
market_liquidity_bucket,normal_liquidity,baseline_b_consensus,0.0015,16,0.013250366875552144,0.002411210266019089,0.5625,-0.22008616898656364
market_liquidity_bucket,normal_liquidity,liq20_bs_model_rank_score_b_bonus_5pct,0.0015,16,-0.002906946277410838,0.0008088155392316143,0.5625,-0.1642885539020681
market_liquidity_bucket,normal_liquidity,baseline_full_liquidity_detail,0.0015,45,-0.011176182085800956,0.0026336696065460204,0.4444444444444444,-0.6123825221338637
market_liquidity_bucket,normal_liquidity,liq_top_20_then_liquidity_detail,0.0015,45,-0.011176182085800956,0.0026336696065460204,0.4444444444444444,-0.6123825221338637
market_liquidity_bucket,normal_liquidity,liq_top_30_then_liquidity_detail,0.0015,45,-0.011176182085800956,0.0026336696065460204,0.4444444444444444,-0.6123825221338637
market_liquidity_bucket,normal_liquidity,liq_top_20_then_consensus,0.0015,16,-0.05227560590449287,0.0005564384740391164,0.5625,-0.37507510887570383
market_liquidity_bucket,normal_liquidity,liq_top_10_then_liquidity_detail,0.0015,45,-0.05939793351261857,0.001558610050490168,0.4444444444444444,-0.631285377554335
market_liquidity_bucket,normal_liquidity,tiered_liquidity_then_liquidity_detail,0.0015,45,-0.05939793351261857,0.001558610050490168,0.4444444444444444,-0.631285377554335
market_liquidity_bucket,normal_liquidity,liq_top_10_then_score_industry_penalty_5pt,0.0015,45,-0.07020038459558497,0.0029868628470794715,0.4222222222222222,-0.7091812359757519
market_liquidity_bucket,normal_liquidity,liq20_bs_model_rank_score_b_bonus_3pct,0.0015,16,-0.07145753840413449,-0.002754560826716348,0.3125,-0.2722548331640302
market_liquidity_bucket,normal_liquidity,baseline_full_liquidity_industry_penalty_0p10pt,0.0015,45,-0.14707264885175864,-0.0010310297538110604,0.3333333333333333,-0.7116517981335588
market_liquidity_bucket,normal_liquidity,baseline_full_liquidity_industry_penalty_0p25pt,0.0015,45,-0.14707264885175864,-0.0010310297538110604,0.3333333333333333,-0.7116517981335588
market_liquidity_bucket,normal_liquidity,baseline_full_liquidity_industry_penalty_0p50pt,0.0015,45,-0.14707264885175864,-0.0010310297538110604,0.3333333333333333,-0.7116517981335588
market_liquidity_bucket,normal_liquidity,baseline_full_liquidity_industry_penalty_1pt,0.0015,45,-0.14707264885175864,-0.0010310297538110604,0.3333333333333333,-0.7116517981335588
market_liquidity_bucket,normal_liquidity,baseline_full_liquidity_industry_penalty_2pt,0.0015,45,-0.14707264885175864,-0.0010310297538110604,0.3333333333333333,-0.7116517981335588
market_liquidity_bucket,normal_liquidity,tiered_liquidity_then_bs_v2,0.0015,45,-0.16430720902400098,0.0005278961359297112,0.4444444444444444,-0.7237106155146018
market_liquidity_bucket,normal_liquidity,liq20_bs_score_v2_b_bonus_3pct,0.0015,45,-0.27233021982201355,-0.0028092704098196717,0.4666666666666667,-0.7408472975012359
market_liquidity_bucket,normal_liquidity,liq20_bs_score_v2_b_bonus_5pct,0.0015,45,-0.27909443405049283,-0.003020655150584427,0.4666666666666667,-0.7691394048387885
market_liquidity_bucket,normal_liquidity,baseline_full_liquidity_industry_cap2,0.0015,45,-0.2857104760274054,-0.004893340806918656,0.4,-0.7028150657019903
market_liquidity_bucket,normal_liquidity,baseline_full_liq_breakout_adj,0.0015,45,-0.3052856486412612,-0.004280848869296505,0.4888888888888889,-0.6902602056551932
market_liquidity_bucket,normal_liquidity,baseline_b_score_v2,0.0015,45,-0.31532981610247934,-0.005642030365531135,0.4444444444444444,-0.6976564562472696
market_liquidity_bucket,normal_liquidity,liq_top_10_then_score_industry_cap2,0.0015,45,-0.3270815420681914,-0.0023605278727792415,0.37777777777777777,-0.8027167630796564
market_liquidity_bucket,normal_liquidity,tiered_liquidity_then_score_industry_penalty_5pt,0.0015,45,-0.3317946505312296,-0.004377213714396622,0.4222222222222222,-0.7665245792258958
market_liquidity_bucket,normal_liquidity,liq_top_30_then_liq_breakout_adj,0.0015,45,-0.3382833777360047,-0.005696497931588581,0.4888888888888889,-0.709244510529591
market_liquidity_bucket,normal_liquidity,liq_top_30_then_score,0.0015,45,-0.3382833777360047,-0.005696497931588581,0.4888888888888889,-0.709244510529591
market_liquidity_bucket,normal_liquidity,liq_top_10_then_liq_breakout_adj,0.0015,45,-0.3751988685891554,-0.0038740738623471802,0.37777777777777777,-0.8168235865975972
market_liquidity_bucket,normal_liquidity,liq_top_10_then_score,0.0015,45,-0.3751988685891554,-0.0038740738623471802,0.37777777777777777,-0.8168235865975972
market_liquidity_bucket,normal_liquidity,baseline_full_dynamic_factor_industry_cap2,0.0015,45,-0.3896446329695402,-0.006863887919608697,0.35555555555555557,-0.729576441218289
market_liquidity_bucket,normal_liquidity,liq_top_30_then_dynamic_factor,0.0015,45,-0.3996515931116441,-0.0069164151253682665,0.3333333333333333,-0.7330198522953443
market_liquidity_bucket,normal_liquidity,liq_top_20_then_dynamic_factor,0.0015,45,-0.4028521657696059,-0.006202904049718165,0.3111111111111111,-0.7075128758151059
market_liquidity_bucket,normal_liquidity,baseline_full_dynamic_factor,0.0015,45,-0.4093436261949094,-0.00718009148396814,0.3333333333333333,-0.7616420785463822
market_liquidity_bucket,normal_liquidity,liq20_bs_score_v2_b_bonus_0pct,0.0015,45,-0.4375317372124453,-0.00819409495387894,0.4222222222222222,-0.7931416920226505
market_liquidity_bucket,normal_liquidity,liq_top_20_then_bs_v2,0.0015,45,-0.4375317372124453,-0.00819409495387894,0.4222222222222222,-0.7931416920226505
market_liquidity_bucket,normal_liquidity,tiered_liquidity_then_score_industry_cap2,0.0015,45,-0.4516855062420022,-0.007052016580084843,0.37777777777777777,-0.8151470906450033
market_liquidity_bucket,normal_liquidity,tiered_liquidity_then_dynamic_factor,0.0015,45,-0.490066913930973,-0.010058076252978155,0.3333333333333333,-0.750649020624868
market_liquidity_bucket,normal_liquidity,liq_top_10_then_dynamic_factor,0.0015,45,-0.493080065697303,-0.01001828032017366,0.3333333333333333,-0.7964859251032936
market_liquidity_bucket,normal_liquidity,tiered_liquidity_then_liq_breakout_adj,0.0015,45,-0.5071470504470788,-0.009154634555138841,0.37777777777777777,-0.8338448050412857
market_liquidity_bucket,normal_liquidity,tiered_liquidity_then_score,0.0015,45,-0.5071470504470788,-0.009154634555138841,0.37777777777777777,-0.8338448050412857
market_liquidity_bucket,normal_liquidity,liq20_bs_score_v2_b_bonus_8pct,0.0015,45,-0.5178150145119478,-0.01163930497946873,0.37777777777777777,-0.8055826603665983
market_liquidity_bucket,normal_liquidity,liq20_score_b_bonus_5pct,0.0015,45,-0.588293404843427,-0.014497581911701028,0.4,-0.838260747199255
market_liquidity_bucket,normal_liquidity,liq20_score_b_bonus_8pct,0.0015,45,-0.6301706235658684,-0.017500338442323474,0.4,-0.8309325263364592
market_liquidity_bucket,normal_liquidity,liq20_score_b_bonus_0pct,0.0015,45,-0.6405435270779234,-0.017568959654874736,0.4222222222222222,-0.8347421092221132
market_liquidity_bucket,normal_liquidity,liq_top_20_then_liq_breakout_adj,0.0015,45,-0.6405435270779234,-0.017568959654874736,0.4222222222222222,-0.8347421092221132
market_liquidity_bucket,normal_liquidity,liq_top_20_then_score,0.0015,45,-0.6405435270779234,-0.017568959654874736,0.4222222222222222,-0.8347421092221132
market_liquidity_bucket,normal_liquidity,liq20_score_b_bonus_3pct,0.0015,45,-0.6461751179482287,-0.017734599448744923,0.37777777777777777,-0.841441318293609
market_liquidity_bucket,normal_liquidity,baseline_full_score,0.002,45,0.3632041488279947,0.011566720402864212,0.5111111111111111,-0.5454681889758448
market_liquidity_bucket,normal_liquidity,liq20_bs_model_rank_score_b_bonus_8pct,0.002,16,0.23645294979246745,0.015180740600245464,0.5625,-0.14662095366758487
market_liquidity_bucket,normal_liquidity,liq20_bs_model_rank_score_b_bonus_0pct,0.002,16,0.032920375562548676,0.005212836008307082,0.25,-0.269675606825001
market_liquidity_bucket,normal_liquidity,liq_top_20_then_model_rank,0.002,16,0.032920375562548676,0.005212836008307082,0.25,-0.269675606825001
market_liquidity_bucket,normal_liquidity,liq_top_10_then_score_industry_penalty_10pt,0.002,45,0.0324547396462298,0.005217095470931467,0.4666666666666667,-0.6767804075035959
market_liquidity_bucket,normal_liquidity,baseline_b_consensus,0.002,16,0.005168614422561113,0.0019112102660190898,0.5625,-0.22252391110924197
market_liquidity_bucket,normal_liquidity,baseline_full_liquidity,0.002,45,-0.006296675385369044,0.0023471075834377193,0.4444444444444444,-0.6124594445908929
market_liquidity_bucket,normal_liquidity,liq20_bs_model_rank_score_b_bonus_5pct,0.002,16,-0.01086307091257599,0.00030881553923161383,0.5625,-0.16603572649448073
market_liquidity_bucket,normal_liquidity,baseline_full_liquidity_detail,0.002,45,-0.033250354622570866,0.0021336696065460186,0.4444444444444444,-0.6183512747030699
market_liquidity_bucket,normal_liquidity,liq_top_20_then_liquidity_detail,0.002,45,-0.033250354622570866,0.0021336696065460186,0.4444444444444444,-0.6183512747030699
market_liquidity_bucket,normal_liquidity,liq_top_30_then_liquidity_detail,0.002,45,-0.033250354622570866,0.0021336696065460186,0.4444444444444444,-0.6183512747030699
market_liquidity_bucket,normal_liquidity,liq_top_20_then_consensus,0.002,16,-0.05988378420718532,5.643847403911592e-05,0.5625,-0.3771034513941469
market_liquidity_bucket,normal_liquidity,liq20_bs_model_rank_score_b_bonus_3pct,0.002,16,-0.0789057668772557,-0.0032545608267163456,0.3125,-0.2760042381874791
market_liquidity_bucket,normal_liquidity,liq_top_10_then_liquidity_detail,0.002,45,-0.0804193939899086,0.0010586100504901663,0.4444444444444444,-0.6369724387594549
market_liquidity_bucket,normal_liquidity,tiered_liquidity_then_liquidity_detail,0.002,45,-0.0804193939899086,0.0010586100504901663,0.4444444444444444,-0.6369724387594549
market_liquidity_bucket,normal_liquidity,liq_top_10_then_score_industry_penalty_5pt,0.002,45,-0.0910180156968654,0.002486862847079471,0.4222222222222222,-0.7135629356066107
market_liquidity_bucket,normal_liquidity,baseline_full_liquidity_industry_penalty_0p10pt,0.002,45,-0.1661656593824048,-0.0015310297538110608,0.3333333333333333,-0.7158444647626927
market_liquidity_bucket,normal_liquidity,baseline_full_liquidity_industry_penalty_0p25pt,0.002,45,-0.1661656593824048,-0.0015310297538110608,0.3333333333333333,-0.7158444647626927
market_liquidity_bucket,normal_liquidity,baseline_full_liquidity_industry_penalty_0p50pt,0.002,45,-0.1661656593824048,-0.0015310297538110608,0.3333333333333333,-0.7158444647626927
market_liquidity_bucket,normal_liquidity,baseline_full_liquidity_industry_penalty_1pt,0.002,45,-0.1661656593824048,-0.0015310297538110608,0.3333333333333333,-0.7158444647626927
market_liquidity_bucket,normal_liquidity,baseline_full_liquidity_industry_penalty_2pt,0.002,45,-0.1661656593824048,-0.0015310297538110608,0.3333333333333333,-0.7158444647626927
market_liquidity_bucket,normal_liquidity,tiered_liquidity_then_bs_v2,0.002,45,-0.18306000028710734,2.789613592971079e-05,0.4444444444444444,-0.7282891592473453
market_liquidity_bucket,normal_liquidity,liq20_bs_score_v2_b_bonus_3pct,0.002,45,-0.2887042039196891,-0.003309270409819672,0.4666666666666667,-0.7450214031463491
market_liquidity_bucket,normal_liquidity,liq20_bs_score_v2_b_bonus_5pct,0.002,45,-0.2953195796028407,-0.0035206551505844274,0.4666666666666667,-0.7711572365590258
market_liquidity_bucket,normal_liquidity,baseline_full_liquidity_industry_cap2,0.002,45,-0.30176364737058303,-0.005393340806918657,0.37777777777777777,-0.7075723483278984
market_liquidity_bucket,normal_liquidity,baseline_full_liq_breakout_adj,0.002,45,-0.3209300800487359,-0.004780848869296505,0.4888888888888889,-0.6949203424651724
market_liquidity_bucket,normal_liquidity,baseline_b_score_v2,0.002,45,-0.33073509609909657,-0.006142030365531135,0.4444444444444444,-0.7002554261177558
market_liquidity_bucket,normal_liquidity,liq_top_10_then_score_industry_cap2,0.002,45,-0.34228419384273623,-0.0028605278727792433,0.37777777777777777,-0.8058307809895116
market_liquidity_bucket,normal_liquidity,tiered_liquidity_then_score_industry_penalty_5pt,0.002,45,-0.34686351401876403,-0.004877213714396619,0.4222222222222222,-0.7700682467036633
market_liquidity_bucket,normal_liquidity,liq_top_30_then_liq_breakout_adj,0.002,45,-0.3531957484438474,-0.00619649793158858,0.4888888888888889,-0.7136260220090017
market_liquidity_bucket,normal_liquidity,liq_top_30_then_score,0.002,45,-0.3531957484438474,-0.00619649793158858,0.4888888888888889,-0.7136260220090017
market_liquidity_bucket,normal_liquidity,liq_top_10_then_liq_breakout_adj,0.002,45,-0.3893392110691817,-0.00437407386234718,0.37777777777777777,-0.8197222457526366
market_liquidity_bucket,normal_liquidity,liq_top_10_then_score,0.002,45,-0.3893392110691817,-0.00437407386234718,0.37777777777777777,-0.8197222457526366
market_liquidity_bucket,normal_liquidity,baseline_full_dynamic_factor_industry_cap2,0.002,45,-0.4034284120490581,-0.007363887919608698,0.35555555555555557,-0.734190846440508
market_liquidity_bucket,normal_liquidity,liq_top_30_then_dynamic_factor,0.002,45,-0.4132184581475865,-0.007416415125368265,0.3333333333333333,-0.7375786121088502
market_liquidity_bucket,normal_liquidity,liq_top_20_then_dynamic_factor,0.002,45,-0.4163588384932805,-0.006702904049718165,0.3111111111111111,-0.7124990548487751
market_liquidity_bucket,normal_liquidity,baseline_full_dynamic_factor,0.002,45,-0.42269755483642024,-0.007680091483968141,0.3333333333333333,-0.7657254169383557
market_liquidity_bucket,normal_liquidity,liq20_bs_score_v2_b_bonus_0pct,0.002,45,-0.4502640150691237,-0.008694094953878942,0.4222222222222222,-0.7964988513881923
market_liquidity_bucket,normal_liquidity,liq_top_20_then_bs_v2,0.002,45,-0.4502640150691237,-0.008694094953878942,0.4222222222222222,-0.7964988513881923
market_liquidity_bucket,normal_liquidity,tiered_liquidity_then_score_industry_cap2,0.002,45,-0.46412672671953303,-0.007552016580084844,0.37777777777777777,-0.8185259127424431
market_liquidity_bucket,normal_liquidity,tiered_liquidity_then_dynamic_factor,0.002,45,-0.5016368166239795,-0.010558076252978159,0.3333333333333333,-0.7549178925601894
market_liquidity_bucket,normal_liquidity,liq_top_10_then_dynamic_factor,0.002,45,-0.5045848810287061,-0.010518280320173662,0.3333333333333333,-0.7999904931134987
market_liquidity_bucket,normal_liquidity,tiered_liquidity_then_liq_breakout_adj,0.002,45,-0.5183588159910657,-0.009654634555138842,0.37777777777777777,-0.8368916708262032
market_liquidity_bucket,normal_liquidity,tiered_liquidity_then_score,0.002,45,-0.5183588159910657,-0.009654634555138842,0.37777777777777777,-0.8368916708262032
market_liquidity_bucket,normal_liquidity,liq20_bs_score_v2_b_bonus_8pct,0.002,45,-0.528766018602999,-0.01213930497946873,0.37777777777777777,-0.8088388433071756
market_liquidity_bucket,normal_liquidity,liq20_score_b_bonus_5pct,0.002,45,-0.5976835697028757,-0.014997581911701023,0.4,-0.8409882392746276
market_liquidity_bucket,normal_liquidity,liq20_score_b_bonus_8pct,0.002,45,-0.638619265060034,-0.018000338442323478,0.4,-0.8340276199537631
market_liquidity_bucket,normal_liquidity,liq20_score_b_bonus_0pct,0.002,45,-0.6487655581696904,-0.01806895965487474,0.4222222222222222,-0.8376094383506221
market_liquidity_bucket,normal_liquidity,liq_top_20_then_liq_breakout_adj,0.002,45,-0.6487655581696904,-0.01806895965487474,0.4222222222222222,-0.8376094383506221
market_liquidity_bucket,normal_liquidity,liq_top_20_then_score,0.002,45,-0.6487655581696904,-0.01806895965487474,0.4222222222222222,-0.8376094383506221
market_liquidity_bucket,normal_liquidity,liq20_score_b_bonus_3pct,0.002,45,-0.6542727398668582,-0.01823459944874492,0.37777777777777777,-0.8441959181588184
