2026-02-09 15:45:52,882 - INFO - 截图将保存在: /Users/chenyiyun/PycharmProjects/Chenyiyun2087/Sina/bs_detection/SinaAppBS/config_1/20260209
2026-02-09 15:45:53,005 - INFO - 从Excel文件中读取了436个股票代码
2026-02-09 15:45:53,006 - INFO - 开始并行处理436个股票代码，最大线程数: 3
2026-02-09 15:45:53,006 - INFO - ====== WebDriver manager ======
2026-02-09 15:45:53,173 - INFO - Get LATEST chromedriver version for google-chrome
2026-02-09 15:45:55,282 - INFO - Get LATEST chromedriver version for google-chrome
2026-02-09 15:45:57,737 - INFO - Get LATEST chromedriver version for google-chrome
2026-02-09 15:46:07,804 - INFO - WebDriver version 144.0.7559.133 selected
2026-02-09 15:46:07,806 - INFO - Modern chrome version https://storage.googleapis.com/chrome-for-testing-public/144.0.7559.133/mac-arm64/chromedriver-mac-arm64.zip
2026-02-09 15:46:07,806 - INFO - About to download new driver from https://storage.googleapis.com/chrome-for-testing-public/144.0.7559.133/mac-arm64/chromedriver-mac-arm64.zip
2026-02-09 15:46:12,699 - INFO - Driver downloading response is 200
2026-02-09 15:48:13,570 - INFO - Get LATEST chromedriver version for google-chrome
2026-02-09 15:48:18,176 - INFO - Driver has been saved in cache [/Users/chenyiyun/.wdm/drivers/chromedriver/mac64/144.0.7559.133]
2026-02-09 15:48:18,177 - INFO - ChromeDriver准备完成: /Users/chenyiyun/.wdm/drivers/chromedriver/mac64/144.0.7559.133/chromedriver-mac-arm64/chromedriver (耗时 145.17 秒)
2026-02-09 15:48:25,541 - INFO - 访问股票 000012 行情页面
2026-02-09 15:48:25,579 - INFO - 访问股票 600006 行情页面
2026-02-09 15:48:25,609 - INFO - 访问股票 000001 行情页面
2026-02-09 15:48:27,703 - ERROR - 股票 600006 处理失败: 截图耗时超过60秒，提前结束
2026-02-09 15:48:27,742 - ERROR - 股票 000012 处理失败: 截图耗时超过60秒，提前结束
2026-02-09 15:48:27,745 - ERROR - 股票 000001 处理失败: 截图耗时超过60秒，提前结束
2026-02-09 15:48:29,030 - INFO - 访问股票 600037 行情页面
2026-02-09 15:48:29,099 - INFO - 访问股票 600009 行情页面
2026-02-09 15:48:29,534 - INFO - 访问股票 600027 行情页面
2026-02-09 15:48:31,758 - INFO - 股票 600009: 关闭弹窗
2026-02-09 15:48:32,146 - INFO - 股票 600027: 关闭弹窗
2026-02-09 15:48:32,188 - INFO - 股票 600037: 关闭弹窗
2026-02-09 15:48:32,794 - INFO - 股票 600009: 关闭弹窗
2026-02-09 15:48:33,174 - INFO - 股票 600027: 关闭弹窗
2026-02-09 15:48:33,218 - INFO - 股票 600037: 关闭弹窗
2026-02-09 15:48:33,849 - INFO - 股票 600009: 切换到B/S点标签页
2026-02-09 15:48:34,208 - INFO - 股票 600027: 切换到B/S点标签页
2026-02-09 15:48:34,257 - INFO - 股票 600037: 切换到B/S点标签页
2026-02-09 15:48:41,025 - INFO - 股票 600009: 点击全屏查看按钮(CSS)
2026-02-09 15:48:41,398 - INFO - 股票 600027: 点击全屏查看按钮(CSS)
2026-02-09 15:48:41,427 - INFO - 股票 600037: 点击全屏查看按钮(CSS)
2026-02-09 15:48:43,112 - INFO - 股票 600009: 截图已保存为: /Users/chenyiyun/PycharmProjects/Chenyiyun2087/Sina/bs_detection/SinaAppBS/config_1/20260209/600009_20260209.png
2026-02-09 15:48:43,198 - INFO - 股票 600009 处理成功: /Users/chenyiyun/PycharmProjects/Chenyiyun2087/Sina/bs_detection/SinaAppBS/config_1/20260209/600009_20260209.png
2026-02-09 15:48:43,510 - INFO - 股票 600027: 截图已保存为: /Users/chenyiyun/PycharmProjects/Chenyiyun2087/Sina/bs_detection/SinaAppBS/config_1/20260209/600027_20260209.png
2026-02-09 15:48:43,516 - INFO - 股票 600037: 截图已保存为: /Users/chenyiyun/PycharmProjects/Chenyiyun2087/Sina/bs_detection/SinaAppBS/config_1/20260209/600037_20260209.png
2026-02-09 15:48:43,596 - INFO - 股票 600027 处理成功: /Users/chenyiyun/PycharmProjects/Chenyiyun2087/Sina/bs_detection/SinaAppBS/config_1/20260209/600027_20260209.png
2026-02-09 15:48:43,603 - INFO - 股票 600037 处理成功: /Users/chenyiyun/PycharmProjects/Chenyiyun2087/Sina/bs_detection/SinaAppBS/config_1/20260209/600037_20260209.png
2026-02-09 15:48:43,912 - INFO - 访问股票 600039 行情页面
2026-02-09 15:48:46,197 - INFO - 访问股票 600053 行情页面
2026-02-09 15:48:46,522 - INFO - 股票 600039: 关闭弹窗
2026-02-09 15:48:47,225 - INFO - 访问股票 600054 行情页面
2026-02-09 15:48:47,552 - INFO - 股票 600039: 关闭弹窗
2026-02-09 15:48:48,592 - INFO - 股票 600039: 切换到B/S点标签页
2026-02-09 15:48:48,814 - INFO - 股票 600053: 关闭弹窗
2026-02-09 15:48:49,829 - INFO - 股票 600054: 关闭弹窗
2026-02-09 15:48:49,843 - INFO - 股票 600053: 关闭弹窗
2026-02-09 15:48:50,867 - INFO - 股票 600054: 关闭弹窗
2026-02-09 15:48:50,886 - INFO - 股票 600053: 切换到B/S点标签页
2026-02-09 15:48:51,921 - INFO - 股票 600054: 切换到B/S点标签页
2026-02-09 15:48:55,772 - INFO - 股票 600039: 点击全屏查看按钮(CSS)
2026-02-09 15:48:57,876 - INFO - 股票 600039: 截图已保存为: /Users/chenyiyun/PycharmProjects/Chenyiyun2087/Sina/bs_detection/SinaAppBS/config_1/20260209/600039_20260209.png
2026-02-09 15:48:57,963 - INFO - 股票 600039 处理成功: /Users/chenyiyun/PycharmProjects/Chenyiyun2087/Sina/bs_detection/SinaAppBS/config_1/20260209/600039_20260209.png
2026-02-09 15:48:58,053 - INFO - 股票 600053: 点击全屏查看按钮(CSS)
2026-02-09 15:48:59,083 - INFO - 股票 600054: 点击全屏查看按钮(CSS)
2026-02-09 15:48:59,206 - INFO - 访问股票 600055 行情页面
2026-02-09 15:49:00,138 - INFO - 股票 600053: 截图已保存为: /Users/chenyiyun/PycharmProjects/Chenyiyun2087/Sina/bs_detection/SinaAppBS/config_1/20260209/600053_20260209.png
2026-02-09 15:49:00,221 - INFO - 股票 600053 处理成功: /Users/chenyiyun/PycharmProjects/Chenyiyun2087/Sina/bs_detection/SinaAppBS/config_1/20260209/600053_20260209.png
2026-02-09 15:49:00,908 - INFO - 访问股票 600058 行情页面
2026-02-09 15:49:01,181 - INFO - 股票 600054: 截图已保存为: /Users/chenyiyun/PycharmProjects/Chenyiyun2087/Sina/bs_detection/SinaAppBS/config_1/20260209/600054_20260209.png
2026-02-09 15:49:01,262 - INFO - 股票 600054 处理成功: /Users/chenyiyun/PycharmProjects/Chenyiyun2087/Sina/bs_detection/SinaAppBS/config_1/20260209/600054_20260209.png
2026-02-09 15:49:01,808 - INFO - 股票 600055: 关闭弹窗
2026-02-09 15:49:02,291 - INFO - 访问股票 600089 行情页面
2026-02-09 15:49:02,839 - INFO - 股票 600055: 关闭弹窗
2026-02-09 15:49:03,879 - INFO - 股票 600055: 切换到B/S点标签页
2026-02-09 15:49:04,544 - INFO - 股票 600058: 关闭弹窗
2026-02-09 15:49:05,426 - INFO - 股票 600089: 关闭弹窗
2026-02-09 15:49:05,575 - INFO - 股票 600058: 关闭弹窗
2026-02-09 15:49:06,461 - INFO - 股票 600089: 关闭弹窗
2026-02-09 15:49:06,616 - INFO - 股票 600058: 切换到B/S点标签页
2026-02-09 15:49:07,507 - INFO - 股票 600089: 切换到B/S点标签页
2026-02-09 15:49:11,057 - INFO - 股票 600055: 点击全屏查看按钮(CSS)
2026-02-09 15:49:13,140 - INFO - 股票 600055: 截图已保存为: /Users/chenyiyun/PycharmProjects/Chenyiyun2087/Sina/bs_detection/SinaAppBS/config_1/20260209/600055_20260209.png
2026-02-09 15:49:13,225 - INFO - 股票 600055 处理成功: /Users/chenyiyun/PycharmProjects/Chenyiyun2087/Sina/bs_detection/SinaAppBS/config_1/20260209/600055_20260209.png
2026-02-09 15:49:13,792 - INFO - 股票 600058: 点击全屏查看按钮(CSS)
2026-02-09 15:49:13,848 - INFO - 访问股票 600098 行情页面
2026-02-09 15:49:14,675 - INFO - 股票 600089: 点击全屏查看按钮(CSS)
2026-02-09 15:49:15,899 - INFO - 股票 600058: 截图已保存为: /Users/chenyiyun/PycharmProjects/Chenyiyun2087/Sina/bs_detection/SinaAppBS/config_1/20260209/600058_20260209.png
2026-02-09 15:49:15,984 - INFO - 股票 600058 处理成功: /Users/chenyiyun/PycharmProjects/Chenyiyun2087/Sina/bs_detection/SinaAppBS/config_1/20260209/600058_20260209.png
2026-02-09 15:49:16,463 - INFO - 股票 600098: 关闭弹窗
2026-02-09 15:49:16,769 - INFO - 股票 600089: 截图已保存为: /Users/chenyiyun/PycharmProjects/Chenyiyun2087/Sina/bs_detection/SinaAppBS/config_1/20260209/600089_20260209.png
2026-02-09 15:49:16,855 - INFO - 股票 600089 处理成功: /Users/chenyiyun/PycharmProjects/Chenyiyun2087/Sina/bs_detection/SinaAppBS/config_1/20260209/600089_20260209.png
2026-02-09 15:49:17,490 - INFO - 股票 600098: 关闭弹窗
2026-02-09 15:49:17,768 - INFO - 访问股票 600119 行情页面
2026-02-09 15:49:18,531 - INFO - 股票 600098: 切换到B/S点标签页
2026-02-09 15:49:19,926 - INFO - 访问股票 600132 行情页面
2026-02-09 15:49:20,363 - INFO - 股票 600119: 关闭弹窗
2026-02-09 15:49:21,398 - INFO - 股票 600119: 关闭弹窗
2026-02-09 15:49:22,443 - INFO - 股票 600119: 切换到B/S点标签页
2026-02-09 15:49:22,544 - INFO - 股票 600132: 关闭弹窗
2026-02-09 15:49:23,575 - INFO - 股票 600132: 关闭弹窗
2026-02-09 15:49:24,620 - INFO - 股票 600132: 切换到B/S点标签页
2026-02-09 15:49:25,692 - INFO - 股票 600098: 点击全屏查看按钮(CSS)
2026-02-09 15:49:27,767 - INFO - 股票 600098: 截图已保存为: /Users/chenyiyun/PycharmProjects/Chenyiyun2087/Sina/bs_detection/SinaAppBS/config_1/20260209/600098_20260209.png
2026-02-09 15:49:27,852 - INFO - 股票 600098 处理成功: /Users/chenyiyun/PycharmProjects/Chenyiyun2087/Sina/bs_detection/SinaAppBS/config_1/20260209/600098_20260209.png
2026-02-09 15:49:29,615 - INFO - 股票 600119: 点击全屏查看按钮(CSS)
2026-02-09 15:49:31,698 - INFO - 股票 600119: 截图已保存为: /Users/chenyiyun/PycharmProjects/Chenyiyun2087/Sina/bs_detection/SinaAppBS/config_1/20260209/600119_20260209.png
2026-02-09 15:49:31,781 - INFO - 股票 600119 处理成功: /Users/chenyiyun/PycharmProjects/Chenyiyun2087/Sina/bs_detection/SinaAppBS/config_1/20260209/600119_20260209.png
2026-02-09 15:49:31,795 - INFO - 股票 600132: 点击全屏查看按钮(CSS)
2026-02-09 15:49:32,203 - INFO - 访问股票 600135 行情页面
2026-02-09 15:49:33,085 - INFO - 访问股票 600143 行情页面
2026-02-09 15:49:33,876 - INFO - 股票 600132: 截图已保存为: /Users/chenyiyun/PycharmProjects/Chenyiyun2087/Sina/bs_detection/SinaAppBS/config_1/20260209/600132_20260209.png
2026-02-09 15:49:33,961 - INFO - 股票 600132 处理成功: /Users/chenyiyun/PycharmProjects/Chenyiyun2087/Sina/bs_detection/SinaAppBS/config_1/20260209/600132_20260209.png
2026-02-09 15:49:34,305 - INFO - 股票 600135: 关闭弹窗
2026-02-09 15:49:35,068 - INFO - 访问股票 600148 行情页面
2026-02-09 15:49:35,336 - INFO - 股票 600135: 关闭弹窗
2026-02-09 15:49:35,703 - INFO - 股票 600143: 关闭弹窗
2026-02-09 15:49:36,377 - INFO - 股票 600135: 切换到B/S点标签页
2026-02-09 15:49:36,731 - INFO - 股票 600143: 关闭弹窗
2026-02-09 15:49:37,698 - INFO - 股票 600148: 关闭弹窗
2026-02-09 15:49:37,769 - INFO - 股票 600143: 切换到B/S点标签页
2026-02-09 15:49:38,736 - INFO - 股票 600148: 关闭弹窗
2026-02-09 15:49:39,789 - INFO - 股票 600148: 切换到B/S点标签页
2026-02-09 15:49:43,550 - INFO - 股票 600135: 点击全屏查看按钮(CSS)
2026-02-09 15:49:44,928 - INFO - 股票 600143: 点击全屏查看按钮(CSS)
2026-02-09 15:49:45,635 - INFO - 股票 600135: 截图已保存为: /Users/chenyiyun/PycharmProjects/Chenyiyun2087/Sina/bs_detection/SinaAppBS/config_1/20260209/600135_20260209.png
2026-02-09 15:49:45,718 - INFO - 股票 600135 处理成功: /Users/chenyiyun/PycharmProjects/Chenyiyun2087/Sina/bs_detection/SinaAppBS/config_1/20260209/600135_20260209.png
2026-02-09 15:49:46,426 - INFO - 访问股票 600153 行情页面
2026-02-09 15:49:46,954 - INFO - 股票 600148: 点击全屏查看按钮(CSS)
2026-02-09 15:49:47,025 - INFO - 股票 600143: 截图已保存为: /Users/chenyiyun/PycharmProjects/Chenyiyun2087/Sina/bs_detection/SinaAppBS/config_1/20260209/600143_20260209.png
2026-02-09 15:49:47,109 - INFO - 股票 600143 处理成功: /Users/chenyiyun/PycharmProjects/Chenyiyun2087/Sina/bs_detection/SinaAppBS/config_1/20260209/600143_20260209.png
2026-02-09 15:49:48,472 - INFO - 访问股票 600157 行情页面
2026-02-09 15:49:49,056 - INFO - 股票 600148: 截图已保存为: /Users/chenyiyun/PycharmProjects/Chenyiyun2087/Sina/bs_detection/SinaAppBS/config_1/20260209/600148_20260209.png
2026-02-09 15:49:49,141 - INFO - 股票 600148 处理成功: /Users/chenyiyun/PycharmProjects/Chenyiyun2087/Sina/bs_detection/SinaAppBS/config_1/20260209/600148_20260209.png
2026-02-09 15:49:49,543 - INFO - 股票 600153: 关闭弹窗
2026-02-09 15:49:49,813 - INFO - 访问股票 600176 行情页面
2026-02-09 15:49:50,576 - INFO - 股票 600153: 关闭弹窗
2026-02-09 15:49:51,625 - INFO - 股票 600153: 切换到B/S点标签页
2026-02-09 15:49:52,112 - INFO - 股票 600157: 关闭弹窗
2026-02-09 15:49:52,453 - INFO - 股票 600176: 关闭弹窗
2026-02-09 15:49:53,148 - INFO - 股票 600157: 关闭弹窗
2026-02-09 15:49:53,483 - INFO - 股票 600176: 关闭弹窗
2026-02-09 15:49:54,197 - INFO - 股票 600157: 切换到B/S点标签页
2026-02-09 15:49:54,519 - INFO - 股票 600176: 切换到B/S点标签页
2026-02-09 15:49:58,796 - INFO - 股票 600153: 点击全屏查看按钮(CSS)
2026-02-09 15:50:00,894 - INFO - 股票 600153: 截图已保存为: /Users/chenyiyun/PycharmProjects/Chenyiyun2087/Sina/bs_detection/SinaAppBS/config_1/20260209/600153_20260209.png
2026-02-09 15:50:00,983 - INFO - 股票 600153 处理成功: /Users/chenyiyun/PycharmProjects/Chenyiyun2087/Sina/bs_detection/SinaAppBS/config_1/20260209/600153_20260209.png
2026-02-09 15:50:01,373 - INFO - 股票 600157: 点击全屏查看按钮(CSS)
2026-02-09 15:50:01,695 - INFO - 股票 600176: 点击全屏查看按钮(CSS)
2026-02-09 15:50:02,224 - INFO - 访问股票 600177 行情页面
2026-02-09 15:50:03,471 - INFO - 股票 600157: 截图已保存为: /Users/chenyiyun/PycharmProjects/Chenyiyun2087/Sina/bs_detection/SinaAppBS/config_1/20260209/600157_20260209.png
2026-02-09 15:50:03,555 - INFO - 股票 600157 处理成功: /Users/chenyiyun/PycharmProjects/Chenyiyun2087/Sina/bs_detection/SinaAppBS/config_1/20260209/600157_20260209.png
2026-02-09 15:50:03,784 - INFO - 股票 600176: 截图已保存为: /Users/chenyiyun/PycharmProjects/Chenyiyun2087/Sina/bs_detection/SinaAppBS/config_1/20260209/600176_20260209.png
2026-02-09 15:50:03,890 - INFO - 股票 600176 处理成功: /Users/chenyiyun/PycharmProjects/Chenyiyun2087/Sina/bs_detection/SinaAppBS/config_1/20260209/600176_20260209.png
2026-02-09 15:50:04,727 - INFO - 访问股票 600185 行情页面
2026-02-09 15:50:05,362 - INFO - 股票 600177: 关闭弹窗
2026-02-09 15:50:05,878 - INFO - 访问股票 600198 行情页面
2026-02-09 15:50:06,393 - INFO - 股票 600177: 关闭弹窗
2026-02-09 15:50:07,443 - INFO - 股票 600177: 切换到B/S点标签页
2026-02-09 15:50:07,870 - INFO - 股票 600185: 关闭弹窗
2026-02-09 15:50:08,898 - INFO - 股票 600185: 关闭弹窗
2026-02-09 15:50:09,000 - INFO - 股票 600198: 关闭弹窗
2026-02-09 15:50:09,944 - INFO - 股票 600185: 切换到B/S点标签页
2026-02-09 15:50:10,029 - INFO - 股票 600198: 关闭弹窗
2026-02-09 15:50:11,075 - INFO - 股票 600198: 切换到B/S点标签页
2026-02-09 15:50:14,603 - INFO - 股票 600177: 点击全屏查看按钮(CSS)
2026-02-09 15:50:16,681 - INFO - 股票 600177: 截图已保存为: /Users/chenyiyun/PycharmProjects/Chenyiyun2087/Sina/bs_detection/SinaAppBS/config_1/20260209/600177_20260209.png
2026-02-09 15:50:16,766 - INFO - 股票 600177 处理成功: /Users/chenyiyun/PycharmProjects/Chenyiyun2087/Sina/bs_detection/SinaAppBS/config_1/20260209/600177_20260209.png
2026-02-09 15:50:17,123 - INFO - 股票 600185: 点击全屏查看按钮(CSS)
2026-02-09 15:50:18,062 - INFO - 访问股票 600206 行情页面
2026-02-09 15:50:18,222 - INFO - 股票 600198: 点击全屏查看按钮(CSS)
2026-02-09 15:50:19,223 - INFO - 股票 600185: 截图已保存为: /Users/chenyiyun/PycharmProjects/Chenyiyun2087/Sina/bs_detection/SinaAppBS/config_1/20260209/600185_20260209.png
2026-02-09 15:50:19,311 - INFO - 股票 600185 处理成功: /Users/chenyiyun/PycharmProjects/Chenyiyun2087/Sina/bs_detection/SinaAppBS/config_1/20260209/600185_20260209.png
2026-02-09 15:50:20,324 - INFO - 股票 600198: 截图已保存为: /Users/chenyiyun/PycharmProjects/Chenyiyun2087/Sina/bs_detection/SinaAppBS/config_1/20260209/600198_20260209.png
2026-02-09 15:50:20,417 - INFO - 股票 600198 处理成功: /Users/chenyiyun/PycharmProjects/Chenyiyun2087/Sina/bs_detection/SinaAppBS/config_1/20260209/600198_20260209.png
2026-02-09 15:50:20,539 - INFO - 访问股票 600212 行情页面
2026-02-09 15:50:21,166 - INFO - 股票 600206: 关闭弹窗
2026-02-09 15:50:22,185 - INFO - 访问股票 600230 行情页面
2026-02-09 15:50:22,208 - INFO - 股票 600206: 关闭弹窗
2026-02-09 15:50:23,149 - INFO - 股票 600212: 关闭弹窗
2026-02-09 15:50:23,249 - INFO - 股票 600206: 切换到B/S点标签页
2026-02-09 15:50:24,184 - INFO - 股票 600212: 关闭弹窗
2026-02-09 15:50:25,225 - INFO - 股票 600212: 切换到B/S点标签页
2026-02-09 15:50:25,814 - INFO - 股票 600230: 关闭弹窗
2026-02-09 15:50:26,846 - INFO - 股票 600230: 关闭弹窗
2026-02-09 15:50:27,890 - INFO - 股票 600230: 切换到B/S点标签页
2026-02-09 15:50:30,410 - INFO - 股票 600206: 点击全屏查看按钮(CSS)
2026-02-09 15:50:32,400 - INFO - 股票 600212: 点击全屏查看按钮(CSS)
2026-02-09 15:50:32,488 - INFO - 股票 600206: 截图已保存为: /Users/chenyiyun/PycharmProjects/Chenyiyun2087/Sina/bs_detection/SinaAppBS/config_1/20260209/600206_20260209.png
2026-02-09 15:50:32,574 - INFO - 股票 600206 处理成功: /Users/chenyiyun/PycharmProjects/Chenyiyun2087/Sina/bs_detection/SinaAppBS/config_1/20260209/600206_20260209.png
2026-02-09 15:50:34,503 - INFO - 股票 600212: 截图已保存为: /Users/chenyiyun/PycharmProjects/Chenyiyun2087/Sina/bs_detection/SinaAppBS/config_1/20260209/600212_20260209.png
2026-02-09 15:50:34,591 - INFO - 股票 600212 处理成功: /Users/chenyiyun/PycharmProjects/Chenyiyun2087/Sina/bs_detection/SinaAppBS/config_1/20260209/600212_20260209.png
2026-02-09 15:50:35,065 - INFO - 股票 600230: 点击全屏查看按钮(CSS)
2026-02-09 15:50:37,093 - INFO - 访问股票 600235 行情页面
2026-02-09 15:50:37,154 - INFO - 访问股票 600268 行情页面
2026-02-09 15:50:37,230 - INFO - 股票 600230: 截图已保存为: /Users/chenyiyun/PycharmProjects/Chenyiyun2087/Sina/bs_detection/SinaAppBS/config_1/20260209/600230_20260209.png
2026-02-09 15:50:37,328 - INFO - 股票 600230 处理成功: /Users/chenyiyun/PycharmProjects/Chenyiyun2087/Sina/bs_detection/SinaAppBS/config_1/20260209/600230_20260209.png
2026-02-09 15:50:39,236 - INFO - 访问股票 600271 行情页面
2026-02-09 15:50:39,314 - INFO - 股票 600235: 关闭弹窗
2026-02-09 15:50:39,804 - INFO - 股票 600268: 关闭弹窗
2026-02-09 15:50:40,344 - INFO - 股票 600235: 关闭弹窗
2026-02-09 15:50:40,839 - INFO - 股票 600268: 关闭弹窗
2026-02-09 15:50:41,383 - INFO - 股票 600235: 切换到B/S点标签页
2026-02-09 15:50:41,876 - INFO - 股票 600268: 切换到B/S点标签页
2026-02-09 15:50:42,909 - INFO - 股票 600271: 关闭弹窗
2026-02-09 15:50:43,942 - INFO - 股票 600271: 关闭弹窗
2026-02-09 15:50:44,987 - INFO - 股票 600271: 切换到B/S点标签页
2026-02-09 15:50:48,538 - INFO - 股票 600235: 点击全屏查看按钮(CSS)
2026-02-09 15:50:49,059 - INFO - 股票 600268: 点击全屏查看按钮(CSS)
2026-02-09 15:50:50,623 - INFO - 股票 600235: 截图已保存为: /Users/chenyiyun/PycharmProjects/Chenyiyun2087/Sina/bs_detection/SinaAppBS/config_1/20260209/600235_20260209.png
2026-02-09 15:50:50,706 - INFO - 股票 600235 处理成功: /Users/chenyiyun/PycharmProjects/Chenyiyun2087/Sina/bs_detection/SinaAppBS/config_1/20260209/600235_20260209.png
2026-02-09 15:50:51,156 - INFO - 股票 600268: 截图已保存为: /Users/chenyiyun/PycharmProjects/Chenyiyun2087/Sina/bs_detection/SinaAppBS/config_1/20260209/600268_20260209.png
2026-02-09 15:50:51,243 - INFO - 股票 600268 处理成功: /Users/chenyiyun/PycharmProjects/Chenyiyun2087/Sina/bs_detection/SinaAppBS/config_1/20260209/600268_20260209.png
2026-02-09 15:50:52,172 - INFO - 股票 600271: 点击全屏查看按钮(CSS)
2026-02-09 15:50:53,114 - INFO - 访问股票 600280 行情页面
2026-02-09 15:50:53,335 - INFO - 访问股票 600283 行情页面
2026-02-09 15:50:54,250 - INFO - 股票 600271: 截图已保存为: /Users/chenyiyun/PycharmProjects/Chenyiyun2087/Sina/bs_detection/SinaAppBS/config_1/20260209/600271_20260209.png
2026-02-09 15:50:54,332 - INFO - 股票 600271 处理成功: /Users/chenyiyun/PycharmProjects/Chenyiyun2087/Sina/bs_detection/SinaAppBS/config_1/20260209/600271_20260209.png
2026-02-09 15:50:55,755 - INFO - 股票 600280: 关闭弹窗
2026-02-09 15:50:55,984 - INFO - 股票 600283: 关闭弹窗
2026-02-09 15:50:56,427 - INFO - 访问股票 600292 行情页面
2026-02-09 15:50:56,783 - INFO - 股票 600280: 关闭弹窗
2026-02-09 15:50:57,015 - INFO - 股票 600283: 关闭弹窗
2026-02-09 15:50:57,823 - INFO - 股票 600280: 切换到B/S点标签页
2026-02-09 15:50:58,056 - INFO - 股票 600283: 切换到B/S点标签页
2026-02-09 15:50:59,065 - INFO - 股票 600292: 关闭弹窗
2026-02-09 15:51:00,099 - INFO - 股票 600292: 关闭弹窗
2026-02-09 15:51:01,142 - INFO - 股票 600292: 切换到B/S点标签页
2026-02-09 15:51:05,004 - INFO - 股票 600280: 点击全屏查看按钮(CSS)
2026-02-09 15:51:05,238 - INFO - 股票 600283: 点击全屏查看按钮(CSS)
2026-02-09 15:51:07,112 - INFO - 股票 600280: 截图已保存为: /Users/chenyiyun/PycharmProjects/Chenyiyun2087/Sina/bs_detection/SinaAppBS/config_1/20260209/600280_20260209.png
2026-02-09 15:51:07,197 - INFO - 股票 600280 处理成功: /Users/chenyiyun/PycharmProjects/Chenyiyun2087/Sina/bs_detection/SinaAppBS/config_1/20260209/600280_20260209.png
2026-02-09 15:51:07,332 - INFO - 股票 600283: 截图已保存为: /Users/chenyiyun/PycharmProjects/Chenyiyun2087/Sina/bs_detection/SinaAppBS/config_1/20260209/600283_20260209.png
2026-02-09 15:51:07,417 - INFO - 股票 600283 处理成功: /Users/chenyiyun/PycharmProjects/Chenyiyun2087/Sina/bs_detection/SinaAppBS/config_1/20260209/600283_20260209.png
2026-02-09 15:51:08,314 - INFO - 股票 600292: 点击全屏查看按钮(CSS)
2026-02-09 15:51:08,846 - INFO - 访问股票 600336 行情页面
2026-02-09 15:51:09,176 - INFO - 访问股票 600305 行情页面
2026-02-09 15:51:10,382 - INFO - 股票 600292: 截图已保存为: /Users/chenyiyun/PycharmProjects/Chenyiyun2087/Sina/bs_detection/SinaAppBS/config_1/20260209/600292_20260209.png
2026-02-09 15:51:10,466 - INFO - 股票 600292 处理成功: /Users/chenyiyun/PycharmProjects/Chenyiyun2087/Sina/bs_detection/SinaAppBS/config_1/20260209/600292_20260209.png
2026-02-09 15:51:11,436 - INFO - 股票 600336: 关闭弹窗
2026-02-09 15:51:11,768 - INFO - 股票 600305: 关闭弹窗
2026-02-09 15:51:12,471 - INFO - 股票 600336: 关闭弹窗
2026-02-09 15:51:12,484 - INFO - 访问股票 600338 行情页面
2026-02-09 15:51:12,797 - INFO - 股票 600305: 关闭弹窗
2026-02-09 15:51:13,513 - INFO - 股票 600336: 切换到B/S点标签页
2026-02-09 15:51:13,833 - INFO - 股票 600305: 切换到B/S点标签页
2026-02-09 15:51:15,078 - INFO - 股票 600338: 关闭弹窗
2026-02-09 15:51:16,112 - INFO - 股票 600338: 关闭弹窗
2026-02-09 15:51:17,157 - INFO - 股票 600338: 切换到B/S点标签页
2026-02-09 15:51:20,687 - INFO - 股票 600336: 点击全屏查看按钮(CSS)
2026-02-09 15:51:21,016 - INFO - 股票 600305: 点击全屏查看按钮(CSS)
2026-02-09 15:51:22,803 - INFO - 股票 600336: 截图已保存为: /Users/chenyiyun/PycharmProjects/Chenyiyun2087/Sina/bs_detection/SinaAppBS/config_1/20260209/600336_20260209.png
2026-02-09 15:51:22,885 - INFO - 股票 600336 处理成功: /Users/chenyiyun/PycharmProjects/Chenyiyun2087/Sina/bs_detection/SinaAppBS/config_1/20260209/600336_20260209.png
2026-02-09 15:51:23,094 - INFO - 股票 600305: 截图已保存为: /Users/chenyiyun/PycharmProjects/Chenyiyun2087/Sina/bs_detection/SinaAppBS/config_1/20260209/600305_20260209.png
2026-02-09 15:51:23,181 - INFO - 股票 600305 处理成功: /Users/chenyiyun/PycharmProjects/Chenyiyun2087/Sina/bs_detection/SinaAppBS/config_1/20260209/600305_20260209.png
2026-02-09 15:51:24,163 - INFO - 访问股票 600392 行情页面
2026-02-09 15:51:24,308 - INFO - 股票 600338: 点击全屏查看按钮(CSS)
2026-02-09 15:51:25,812 - INFO - 访问股票 600340 行情页面
2026-02-09 15:51:26,397 - INFO - 股票 600338: 截图已保存为: /Users/chenyiyun/PycharmProjects/Chenyiyun2087/Sina/bs_detection/SinaAppBS/config_1/20260209/600338_20260209.png
2026-02-09 15:51:26,482 - INFO - 股票 600338 处理成功: /Users/chenyiyun/PycharmProjects/Chenyiyun2087/Sina/bs_detection/SinaAppBS/config_1/20260209/600338_20260209.png
2026-02-09 15:51:26,782 - INFO - 股票 600392: 关闭弹窗
2026-02-09 15:51:27,817 - INFO - 股票 600392: 关闭弹窗
2026-02-09 15:51:28,429 - INFO - 访问股票 600408 行情页面
2026-02-09 15:51:28,446 - INFO - 股票 600340: 关闭弹窗
2026-02-09 15:51:28,856 - INFO - 股票 600392: 切换到B/S点标签页
2026-02-09 15:51:29,476 - INFO - 股票 600340: 关闭弹窗
2026-02-09 15:51:30,520 - INFO - 股票 600340: 切换到B/S点标签页
2026-02-09 15:51:31,061 - INFO - 股票 600408: 关闭弹窗
2026-02-09 15:51:32,101 - INFO - 股票 600408: 关闭弹窗
2026-02-09 15:51:33,148 - INFO - 股票 600408: 切换到B/S点标签页
2026-02-09 15:51:36,032 - INFO - 股票 600392: 点击全屏查看按钮(CSS)
2026-02-09 15:51:37,693 - INFO - 股票 600340: 点击全屏查看按钮(CSS)
2026-02-09 15:51:38,112 - INFO - 股票 600392: 截图已保存为: /Users/chenyiyun/PycharmProjects/Chenyiyun2087/Sina/bs_detection/SinaAppBS/config_1/20260209/600392_20260209.png
2026-02-09 15:51:38,199 - INFO - 股票 600392 处理成功: /Users/chenyiyun/PycharmProjects/Chenyiyun2087/Sina/bs_detection/SinaAppBS/config_1/20260209/600392_20260209.png
2026-02-09 15:51:39,785 - INFO - 股票 600340: 截图已保存为: /Users/chenyiyun/PycharmProjects/Chenyiyun2087/Sina/bs_detection/SinaAppBS/config_1/20260209/600340_20260209.png
2026-02-09 15:51:39,872 - INFO - 股票 600340 处理成功: /Users/chenyiyun/PycharmProjects/Chenyiyun2087/Sina/bs_detection/SinaAppBS/config_1/20260209/600340_20260209.png
2026-02-09 15:51:40,331 - INFO - 股票 600408: 点击全屏查看按钮(CSS)
2026-02-09 15:51:41,096 - INFO - 访问股票 600435 行情页面
2026-02-09 15:51:41,246 - INFO - 访问股票 600477 行情页面
2026-02-09 15:51:42,413 - INFO - 股票 600408: 截图已保存为: /Users/chenyiyun/PycharmProjects/Chenyiyun2087/Sina/bs_detection/SinaAppBS/config_1/20260209/600408_20260209.png
2026-02-09 15:51:42,496 - INFO - 股票 600408 处理成功: /Users/chenyiyun/PycharmProjects/Chenyiyun2087/Sina/bs_detection/SinaAppBS/config_1/20260209/600408_20260209.png
2026-02-09 15:51:43,198 - INFO - 股票 600435: 关闭弹窗
2026-02-09 15:51:43,861 - INFO - 访问股票 600489 行情页面
2026-02-09 15:51:43,903 - INFO - 股票 600477: 关闭弹窗
2026-02-09 15:51:44,227 - INFO - 股票 600435: 关闭弹窗
2026-02-09 15:51:44,935 - INFO - 股票 600477: 关闭弹窗
2026-02-09 15:51:45,269 - INFO - 股票 600435: 切换到B/S点标签页
2026-02-09 15:51:45,978 - INFO - 股票 600477: 切换到B/S点标签页
2026-02-09 15:51:47,507 - INFO - 股票 600489: 关闭弹窗
2026-02-09 15:51:48,536 - INFO - 股票 600489: 关闭弹窗
2026-02-09 15:51:49,580 - INFO - 股票 600489: 切换到B/S点标签页
2026-02-09 15:51:52,434 - INFO - 股票 600435: 点击全屏查看按钮(CSS)
2026-02-09 15:51:53,157 - INFO - 股票 600477: 点击全屏查看按钮(CSS)
2026-02-09 15:51:54,517 - INFO - 股票 600435: 截图已保存为: /Users/chenyiyun/PycharmProjects/Chenyiyun2087/Sina/bs_detection/SinaAppBS/config_1/20260209/600435_20260209.png
2026-02-09 15:51:54,601 - INFO - 股票 600435 处理成功: /Users/chenyiyun/PycharmProjects/Chenyiyun2087/Sina/bs_detection/SinaAppBS/config_1/20260209/600435_20260209.png
2026-02-09 15:51:55,231 - INFO - 股票 600477: 截图已保存为: /Users/chenyiyun/PycharmProjects/Chenyiyun2087/Sina/bs_detection/SinaAppBS/config_1/20260209/600477_20260209.png
2026-02-09 15:51:55,316 - INFO - 股票 600477 处理成功: /Users/chenyiyun/PycharmProjects/Chenyiyun2087/Sina/bs_detection/SinaAppBS/config_1/20260209/600477_20260209.png
2026-02-09 15:51:56,180 - INFO - 访问股票 600507 行情页面
2026-02-09 15:51:56,604 - INFO - 访问股票 600497 行情页面
2026-02-09 15:51:56,736 - INFO - 股票 600489: 点击全屏查看按钮(CSS)
2026-02-09 15:51:58,815 - INFO - 股票 600489: 截图已保存为: /Users/chenyiyun/PycharmProjects/Chenyiyun2087/Sina/bs_detection/SinaAppBS/config_1/20260209/600489_20260209.png
2026-02-09 15:51:58,902 - INFO - 股票 600489 处理成功: /Users/chenyiyun/PycharmProjects/Chenyiyun2087/Sina/bs_detection/SinaAppBS/config_1/20260209/600489_20260209.png
2026-02-09 15:51:59,239 - INFO - 股票 600497: 关闭弹窗
2026-02-09 15:52:00,212 - INFO - 访问股票 600518 行情页面
2026-02-09 15:52:00,269 - INFO - 股票 600497: 关闭弹窗
2026-02-09 15:52:00,333 - INFO - 股票 600507: 关闭弹窗
2026-02-09 15:52:01,311 - INFO - 股票 600497: 切换到B/S点标签页
2026-02-09 15:52:01,372 - INFO - 股票 600507: 关闭弹窗
2026-02-09 15:52:02,414 - INFO - 股票 600507: 切换到B/S点标签页
2026-02-09 15:52:03,845 - INFO - 股票 600518: 关闭弹窗
2026-02-09 15:52:04,880 - INFO - 股票 600518: 关闭弹窗
2026-02-09 15:52:05,927 - INFO - 股票 600518: 切换到B/S点标签页
2026-02-09 15:52:08,492 - INFO - 股票 600497: 点击全屏查看按钮(CSS)
2026-02-09 15:52:09,573 - INFO - 股票 600507: 点击全屏查看按钮(CSS)
2026-02-09 15:52:10,601 - INFO - 股票 600497: 截图已保存为: /Users/chenyiyun/PycharmProjects/Chenyiyun2087/Sina/bs_detection/SinaAppBS/config_1/20260209/600497_20260209.png
2026-02-09 15:52:10,684 - INFO - 股票 600497 处理成功: /Users/chenyiyun/PycharmProjects/Chenyiyun2087/Sina/bs_detection/SinaAppBS/config_1/20260209/600497_20260209.png
2026-02-09 15:52:11,663 - INFO - 股票 600507: 截图已保存为: /Users/chenyiyun/PycharmProjects/Chenyiyun2087/Sina/bs_detection/SinaAppBS/config_1/20260209/600507_20260209.png
2026-02-09 15:52:11,759 - INFO - 股票 600507 处理成功: /Users/chenyiyun/PycharmProjects/Chenyiyun2087/Sina/bs_detection/SinaAppBS/config_1/20260209/600507_20260209.png
2026-02-09 15:52:11,974 - INFO - 访问股票 600522 行情页面
2026-02-09 15:52:12,969 - INFO - 访问股票 600523 行情页面
2026-02-09 15:52:13,088 - INFO - 股票 600518: 点击全屏查看按钮(CSS)
2026-02-09 15:52:15,105 - INFO - 股票 600522: 关闭弹窗
2026-02-09 15:52:15,165 - INFO - 股票 600518: 截图已保存为: /Users/chenyiyun/PycharmProjects/Chenyiyun2087/Sina/bs_detection/SinaAppBS/config_1/20260209/600518_20260209.png
2026-02-09 15:52:15,247 - INFO - 股票 600518 处理成功: /Users/chenyiyun/PycharmProjects/Chenyiyun2087/Sina/bs_detection/SinaAppBS/config_1/20260209/600518_20260209.png
2026-02-09 15:52:16,141 - INFO - 股票 600522: 关闭弹窗
2026-02-09 15:52:16,596 - INFO - 股票 600523: 关闭弹窗
2026-02-09 15:52:17,189 - INFO - 股票 600522: 切换到B/S点标签页
2026-02-09 15:52:17,415 - INFO - 访问股票 600529 行情页面
2026-02-09 15:52:17,620 - INFO - 股票 600523: 关闭弹窗
2026-02-09 15:52:18,659 - INFO - 股票 600523: 切换到B/S点标签页
2026-02-09 15:52:20,043 - INFO - 股票 600529: 关闭弹窗
2026-02-09 15:52:21,083 - INFO - 股票 600529: 关闭弹窗
2026-02-09 15:52:22,125 - INFO - 股票 600529: 切换到B/S点标签页
2026-02-09 15:52:24,349 - INFO - 股票 600522: 点击全屏查看按钮(CSS)
2026-02-09 15:52:25,831 - INFO - 股票 600523: 点击全屏查看按钮(CSS)
2026-02-09 15:52:26,431 - INFO - 股票 600522: 截图已保存为: /Users/chenyiyun/PycharmProjects/Chenyiyun2087/Sina/bs_detection/SinaAppBS/config_1/20260209/600522_20260209.png
2026-02-09 15:52:26,513 - INFO - 股票 600522 处理成功: /Users/chenyiyun/PycharmProjects/Chenyiyun2087/Sina/bs_detection/SinaAppBS/config_1/20260209/600522_20260209.png
2026-02-09 15:52:27,943 - INFO - 股票 600523: 截图已保存为: /Users/chenyiyun/PycharmProjects/Chenyiyun2087/Sina/bs_detection/SinaAppBS/config_1/20260209/600523_20260209.png
2026-02-09 15:52:28,031 - INFO - 股票 600523 处理成功: /Users/chenyiyun/PycharmProjects/Chenyiyun2087/Sina/bs_detection/SinaAppBS/config_1/20260209/600523_20260209.png
2026-02-09 15:52:28,381 - INFO - 访问股票 600536 行情页面
2026-02-09 15:52:29,292 - INFO - 股票 600529: 点击全屏查看按钮(CSS)
2026-02-09 15:52:29,296 - INFO - 访问股票 600546 行情页面
2026-02-09 15:52:31,000 - INFO - 股票 600536: 关闭弹窗
2026-02-09 15:52:31,374 - INFO - 股票 600529: 截图已保存为: /Users/chenyiyun/PycharmProjects/Chenyiyun2087/Sina/bs_detection/SinaAppBS/config_1/20260209/600529_20260209.png
2026-02-09 15:52:31,459 - INFO - 股票 600529 处理成功: /Users/chenyiyun/PycharmProjects/Chenyiyun2087/Sina/bs_detection/SinaAppBS/config_1/20260209/600529_20260209.png
2026-02-09 15:52:32,034 - INFO - 股票 600536: 关闭弹窗
2026-02-09 15:52:32,149 - INFO - 访问股票 600548 行情页面
2026-02-09 15:52:32,934 - INFO - 股票 600546: 关闭弹窗
2026-02-09 15:52:33,070 - INFO - 股票 600536: 切换到B/S点标签页
2026-02-09 15:52:33,967 - INFO - 股票 600546: 关闭弹窗
2026-02-09 15:52:34,750 - INFO - 股票 600548: 关闭弹窗
2026-02-09 15:52:35,008 - INFO - 股票 600546: 切换到B/S点标签页
2026-02-09 15:52:35,782 - INFO - 股票 600548: 关闭弹窗
2026-02-09 15:52:36,829 - INFO - 股票 600548: 切换到B/S点标签页
2026-02-09 15:52:40,223 - INFO - 股票 600536: 点击全屏查看按钮(CSS)
2026-02-09 15:52:42,185 - INFO - 股票 600546: 点击全屏查看按钮(CSS)
2026-02-09 15:52:42,322 - INFO - 股票 600536: 截图已保存为: /Users/chenyiyun/PycharmProjects/Chenyiyun2087/Sina/bs_detection/SinaAppBS/config_1/20260209/600536_20260209.png
2026-02-09 15:52:42,408 - INFO - 股票 600536 处理成功: /Users/chenyiyun/PycharmProjects/Chenyiyun2087/Sina/bs_detection/SinaAppBS/config_1/20260209/600536_20260209.png
2026-02-09 15:52:44,004 - INFO - 股票 600548: 点击全屏查看按钮(CSS)
2026-02-09 15:52:44,264 - INFO - 股票 600546: 截图已保存为: /Users/chenyiyun/PycharmProjects/Chenyiyun2087/Sina/bs_detection/SinaAppBS/config_1/20260209/600546_20260209.png
2026-02-09 15:52:44,348 - INFO - 股票 600546 处理成功: /Users/chenyiyun/PycharmProjects/Chenyiyun2087/Sina/bs_detection/SinaAppBS/config_1/20260209/600546_20260209.png
2026-02-09 15:52:46,090 - INFO - 股票 600548: 截图已保存为: /Users/chenyiyun/PycharmProjects/Chenyiyun2087/Sina/bs_detection/SinaAppBS/config_1/20260209/600548_20260209.png
2026-02-09 15:52:46,176 - INFO - 股票 600548 处理成功: /Users/chenyiyun/PycharmProjects/Chenyiyun2087/Sina/bs_detection/SinaAppBS/config_1/20260209/600548_20260209.png
2026-02-09 15:52:46,853 - INFO - 访问股票 600550 行情页面
2026-02-09 15:52:47,186 - INFO - 访问股票 600558 行情页面
2026-02-09 15:52:47,840 - INFO - 访问股票 600563 行情页面
2026-02-09 15:52:48,927 - INFO - 股票 600550: 关闭弹窗
2026-02-09 15:52:49,304 - INFO - 股票 600558: 关闭弹窗
2026-02-09 15:52:49,960 - INFO - 股票 600550: 关闭弹窗
2026-02-09 15:52:50,335 - INFO - 股票 600558: 关闭弹窗
2026-02-09 15:52:50,446 - INFO - 股票 600563: 关闭弹窗
2026-02-09 15:52:51,004 - INFO - 股票 600550: 切换到B/S点标签页
2026-02-09 15:52:51,371 - INFO - 股票 600558: 切换到B/S点标签页
2026-02-09 15:52:51,472 - INFO - 股票 600563: 关闭弹窗
2026-02-09 15:52:52,515 - INFO - 股票 600563: 切换到B/S点标签页
2026-02-09 15:52:58,150 - INFO - 股票 600550: 点击全屏查看按钮(CSS)
2026-02-09 15:52:58,554 - INFO - 股票 600558: 点击全屏查看按钮(CSS)
2026-02-09 15:52:59,686 - INFO - 股票 600563: 点击全屏查看按钮(CSS)
2026-02-09 15:53:00,219 - INFO - 股票 600550: 截图已保存为: /Users/chenyiyun/PycharmProjects/Chenyiyun2087/Sina/bs_detection/SinaAppBS/config_1/20260209/600550_20260209.png
2026-02-09 15:53:00,302 - INFO - 股票 600550 处理成功: /Users/chenyiyun/PycharmProjects/Chenyiyun2087/Sina/bs_detection/SinaAppBS/config_1/20260209/600550_20260209.png
2026-02-09 15:53:00,652 - INFO - 股票 600558: 截图已保存为: /Users/chenyiyun/PycharmProjects/Chenyiyun2087/Sina/bs_detection/SinaAppBS/config_1/20260209/600558_20260209.png
2026-02-09 15:53:00,737 - INFO - 股票 600558 处理成功: /Users/chenyiyun/PycharmProjects/Chenyiyun2087/Sina/bs_detection/SinaAppBS/config_1/20260209/600558_20260209.png
2026-02-09 15:53:01,020 - INFO - 访问股票 600579 行情页面
2026-02-09 15:53:01,776 - INFO - 股票 600563: 截图已保存为: /Users/chenyiyun/PycharmProjects/Chenyiyun2087/Sina/bs_detection/SinaAppBS/config_1/20260209/600563_20260209.png
2026-02-09 15:53:01,864 - INFO - 股票 600563 处理成功: /Users/chenyiyun/PycharmProjects/Chenyiyun2087/Sina/bs_detection/SinaAppBS/config_1/20260209/600563_20260209.png
2026-02-09 15:53:01,992 - INFO - 访问股票 600584 行情页面
2026-02-09 15:53:03,031 - INFO - 访问股票 600587 行情页面
2026-02-09 15:53:04,141 - INFO - 股票 600579: 关闭弹窗
2026-02-09 15:53:04,587 - INFO - 股票 600584: 关闭弹窗
2026-02-09 15:53:05,174 - INFO - 股票 600579: 关闭弹窗
2026-02-09 15:53:05,623 - INFO - 股票 600584: 关闭弹窗
2026-02-09 15:53:06,220 - INFO - 股票 600579: 切换到B/S点标签页
2026-02-09 15:53:06,660 - INFO - 股票 600584: 切换到B/S点标签页
2026-02-09 15:53:06,671 - INFO - 股票 600587: 关闭弹窗
2026-02-09 15:53:07,713 - INFO - 股票 600587: 关闭弹窗
2026-02-09 15:53:08,760 - INFO - 股票 600587: 切换到B/S点标签页
2026-02-09 15:53:13,385 - INFO - 股票 600579: 点击全屏查看按钮(CSS)
2026-02-09 15:53:13,843 - INFO - 股票 600584: 点击全屏查看按钮(CSS)
2026-02-09 15:53:15,467 - INFO - 股票 600579: 截图已保存为: /Users/chenyiyun/PycharmProjects/Chenyiyun2087/Sina/bs_detection/SinaAppBS/config_1/20260209/600579_20260209.png
2026-02-09 15:53:15,550 - INFO - 股票 600579 处理成功: /Users/chenyiyun/PycharmProjects/Chenyiyun2087/Sina/bs_detection/SinaAppBS/config_1/20260209/600579_20260209.png
2026-02-09 15:53:15,919 - INFO - 股票 600584: 截图已保存为: /Users/chenyiyun/PycharmProjects/Chenyiyun2087/Sina/bs_detection/SinaAppBS/config_1/20260209/600584_20260209.png
2026-02-09 15:53:15,930 - INFO - 股票 600587: 点击全屏查看按钮(CSS)
2026-02-09 15:53:16,002 - INFO - 股票 600584 处理成功: /Users/chenyiyun/PycharmProjects/Chenyiyun2087/Sina/bs_detection/SinaAppBS/config_1/20260209/600584_20260209.png
2026-02-09 15:53:16,976 - INFO - 访问股票 600588 行情页面
2026-02-09 15:53:17,999 - INFO - 股票 600587: 截图已保存为: /Users/chenyiyun/PycharmProjects/Chenyiyun2087/Sina/bs_detection/SinaAppBS/config_1/20260209/600587_20260209.png
2026-02-09 15:53:18,108 - INFO - 股票 600587 处理成功: /Users/chenyiyun/PycharmProjects/Chenyiyun2087/Sina/bs_detection/SinaAppBS/config_1/20260209/600587_20260209.png
2026-02-09 15:53:18,113 - INFO - 访问股票 600616 行情页面
2026-02-09 15:53:19,442 - INFO - 访问股票 600621 行情页面
2026-02-09 15:53:21,126 - INFO - 股票 600588: 关闭弹窗
2026-02-09 15:53:21,734 - INFO - 股票 600616: 关闭弹窗
2026-02-09 15:53:22,034 - INFO - 股票 600621: 关闭弹窗
2026-02-09 15:53:22,156 - INFO - 股票 600588: 关闭弹窗
2026-02-09 15:53:22,771 - INFO - 股票 600616: 关闭弹窗
2026-02-09 15:53:23,067 - INFO - 股票 600621: 关闭弹窗
2026-02-09 15:53:23,201 - INFO - 股票 600588: 切换到B/S点标签页
2026-02-09 15:53:23,814 - INFO - 股票 600616: 切换到B/S点标签页
2026-02-09 15:53:24,103 - INFO - 股票 600621: 切换到B/S点标签页
2026-02-09 15:53:30,385 - INFO - 股票 600588: 点击全屏查看按钮(CSS)
2026-02-09 15:53:30,983 - INFO - 股票 600616: 点击全屏查看按钮(CSS)
2026-02-09 15:53:31,282 - INFO - 股票 600621: 点击全屏查看按钮(CSS)
2026-02-09 15:53:32,466 - INFO - 股票 600588: 截图已保存为: /Users/chenyiyun/PycharmProjects/Chenyiyun2087/Sina/bs_detection/SinaAppBS/config_1/20260209/600588_20260209.png
2026-02-09 15:53:32,552 - INFO - 股票 600588 处理成功: /Users/chenyiyun/PycharmProjects/Chenyiyun2087/Sina/bs_detection/SinaAppBS/config_1/20260209/600588_20260209.png
2026-02-09 15:53:33,049 - INFO - 股票 600616: 截图已保存为: /Users/chenyiyun/PycharmProjects/Chenyiyun2087/Sina/bs_detection/SinaAppBS/config_1/20260209/600616_20260209.png
2026-02-09 15:53:33,135 - INFO - 股票 600616 处理成功: /Users/chenyiyun/PycharmProjects/Chenyiyun2087/Sina/bs_detection/SinaAppBS/config_1/20260209/600616_20260209.png
2026-02-09 15:53:33,347 - INFO - 访问股票 600622 行情页面
2026-02-09 15:53:33,371 - INFO - 股票 600621: 截图已保存为: /Users/chenyiyun/PycharmProjects/Chenyiyun2087/Sina/bs_detection/SinaAppBS/config_1/20260209/600621_20260209.png
2026-02-09 15:53:33,457 - INFO - 股票 600621 处理成功: /Users/chenyiyun/PycharmProjects/Chenyiyun2087/Sina/bs_detection/SinaAppBS/config_1/20260209/600621_20260209.png
2026-02-09 15:53:34,397 - INFO - 访问股票 600635 行情页面
2026-02-09 15:53:35,141 - INFO - 访问股票 600675 行情页面
2026-02-09 15:53:35,989 - INFO - 股票 600622: 关闭弹窗
2026-02-09 15:53:37,024 - INFO - 股票 600622: 关闭弹窗
2026-02-09 15:53:37,031 - INFO - 股票 600635: 关闭弹窗
2026-02-09 15:53:38,071 - INFO - 股票 600635: 关闭弹窗
2026-02-09 15:53:38,075 - INFO - 股票 600622: 切换到B/S点标签页
2026-02-09 15:53:38,308 - INFO - 股票 600675: 关闭弹窗
2026-02-09 15:53:39,119 - INFO - 股票 600635: 切换到B/S点标签页
2026-02-09 15:53:39,339 - INFO - 股票 600675: 关闭弹窗
2026-02-09 15:53:40,387 - INFO - 股票 600675: 切换到B/S点标签页
2026-02-09 15:53:45,291 - INFO - 股票 600622: 点击全屏查看按钮(CSS)
2026-02-09 15:53:46,333 - INFO - 股票 600635: 点击全屏查看按钮(CSS)
2026-02-09 15:53:47,402 - INFO - 股票 600622: 截图已保存为: /Users/chenyiyun/PycharmProjects/Chenyiyun2087/Sina/bs_detection/SinaAppBS/config_1/20260209/600622_20260209.png
2026-02-09 15:53:47,493 - INFO - 股票 600622 处理成功: /Users/chenyiyun/PycharmProjects/Chenyiyun2087/Sina/bs_detection/SinaAppBS/config_1/20260209/600622_20260209.png
2026-02-09 15:53:47,594 - INFO - 股票 600675: 点击全屏查看按钮(CSS)
2026-02-09 15:53:48,440 - INFO - 股票 600635: 截图已保存为: /Users/chenyiyun/PycharmProjects/Chenyiyun2087/Sina/bs_detection/SinaAppBS/config_1/20260209/600635_20260209.png
2026-02-09 15:53:48,528 - INFO - 股票 600635 处理成功: /Users/chenyiyun/PycharmProjects/Chenyiyun2087/Sina/bs_detection/SinaAppBS/config_1/20260209/600635_20260209.png
2026-02-09 15:53:49,668 - INFO - 股票 600675: 截图已保存为: /Users/chenyiyun/PycharmProjects/Chenyiyun2087/Sina/bs_detection/SinaAppBS/config_1/20260209/600675_20260209.png
2026-02-09 15:53:49,752 - INFO - 股票 600675 处理成功: /Users/chenyiyun/PycharmProjects/Chenyiyun2087/Sina/bs_detection/SinaAppBS/config_1/20260209/600675_20260209.png
2026-02-09 15:53:52,560 - INFO - 访问股票 600702 行情页面
2026-02-09 15:53:52,572 - INFO - 访问股票 600706 行情页面
2026-02-09 15:53:52,705 - INFO - 访问股票 600694 行情页面
2026-02-09 15:53:54,698 - INFO - 股票 600706: 关闭弹窗
2026-02-09 15:53:54,741 - INFO - 股票 600702: 关闭弹窗
2026-02-09 15:53:54,809 - INFO - 股票 600694: 关闭弹窗
2026-02-09 15:53:55,736 - INFO - 股票 600706: 关闭弹窗
2026-02-09 15:53:55,774 - INFO - 股票 600702: 关闭弹窗
2026-02-09 15:53:55,844 - INFO - 股票 600694: 关闭弹窗
2026-02-09 15:53:56,789 - INFO - 股票 600706: 切换到B/S点标签页
2026-02-09 15:53:56,810 - INFO - 股票 600702: 切换到B/S点标签页
2026-02-09 15:53:56,881 - INFO - 股票 600694: 切换到B/S点标签页
2026-02-09 15:54:03,994 - INFO - 股票 600706: 点击全屏查看按钮(CSS)
2026-02-09 15:54:04,012 - INFO - 股票 600702: 点击全屏查看按钮(CSS)
2026-02-09 15:54:04,079 - INFO - 股票 600694: 点击全屏查看按钮(CSS)
2026-02-09 15:54:06,087 - INFO - 股票 600706: 截图已保存为: /Users/chenyiyun/PycharmProjects/Chenyiyun2087/Sina/bs_detection/SinaAppBS/config_1/20260209/600706_20260209.png
2026-02-09 15:54:06,096 - INFO - 股票 600702: 截图已保存为: /Users/chenyiyun/PycharmProjects/Chenyiyun2087/Sina/bs_detection/SinaAppBS/config_1/20260209/600702_20260209.png
2026-02-09 15:54:06,175 - INFO - 股票 600706 处理成功: /Users/chenyiyun/PycharmProjects/Chenyiyun2087/Sina/bs_detection/SinaAppBS/config_1/20260209/600706_20260209.png
2026-02-09 15:54:06,184 - INFO - 股票 600702 处理成功: /Users/chenyiyun/PycharmProjects/Chenyiyun2087/Sina/bs_detection/SinaAppBS/config_1/20260209/600702_20260209.png
2026-02-09 15:54:06,205 - INFO - 股票 600694: 截图已保存为: /Users/chenyiyun/PycharmProjects/Chenyiyun2087/Sina/bs_detection/SinaAppBS/config_1/20260209/600694_20260209.png
2026-02-09 15:54:06,295 - INFO - 股票 600694 处理成功: /Users/chenyiyun/PycharmProjects/Chenyiyun2087/Sina/bs_detection/SinaAppBS/config_1/20260209/600694_20260209.png
2026-02-09 15:54:07,677 - INFO - 访问股票 600712 行情页面
2026-02-09 15:54:07,747 - INFO - 访问股票 600729 行情页面
2026-02-09 15:54:08,383 - INFO - 访问股票 600724 行情页面
2026-02-09 15:54:10,366 - INFO - 股票 600729: 关闭弹窗
2026-02-09 15:54:10,395 - INFO - 股票 600712: 关闭弹窗
2026-02-09 15:54:11,041 - INFO - 股票 600724: 关闭弹窗
2026-02-09 15:54:11,407 - INFO - 股票 600729: 关闭弹窗
2026-02-09 15:54:11,431 - INFO - 股票 600712: 关闭弹窗
2026-02-09 15:54:12,085 - INFO - 股票 600724: 关闭弹窗
2026-02-09 15:54:12,453 - INFO - 股票 600729: 切换到B/S点标签页
2026-02-09 15:54:12,475 - INFO - 股票 600712: 切换到B/S点标签页
2026-02-09 15:54:13,129 - INFO - 股票 600724: 切换到B/S点标签页
2026-02-09 15:54:19,655 - INFO - 股票 600729: 点击全屏查看按钮(CSS)
2026-02-09 15:54:19,671 - INFO - 股票 600712: 点击全屏查看按钮(CSS)
2026-02-09 15:54:20,325 - INFO - 股票 600724: 点击全屏查看按钮(CSS)
2026-02-09 15:54:21,748 - INFO - 股票 600729: 截图已保存为: /Users/chenyiyun/PycharmProjects/Chenyiyun2087/Sina/bs_detection/SinaAppBS/config_1/20260209/600729_20260209.png
2026-02-09 15:54:21,760 - INFO - 股票 600712: 截图已保存为: /Users/chenyiyun/PycharmProjects/Chenyiyun2087/Sina/bs_detection/SinaAppBS/config_1/20260209/600712_20260209.png
2026-02-09 15:54:21,840 - INFO - 股票 600729 处理成功: /Users/chenyiyun/PycharmProjects/Chenyiyun2087/Sina/bs_detection/SinaAppBS/config_1/20260209/600729_20260209.png
2026-02-09 15:54:21,850 - INFO - 股票 600712 处理成功: /Users/chenyiyun/PycharmProjects/Chenyiyun2087/Sina/bs_detection/SinaAppBS/config_1/20260209/600712_20260209.png
2026-02-09 15:54:22,441 - INFO - 股票 600724: 截图已保存为: /Users/chenyiyun/PycharmProjects/Chenyiyun2087/Sina/bs_detection/SinaAppBS/config_1/20260209/600724_20260209.png
2026-02-09 15:54:22,529 - INFO - 股票 600724 处理成功: /Users/chenyiyun/PycharmProjects/Chenyiyun2087/Sina/bs_detection/SinaAppBS/config_1/20260209/600724_20260209.png
2026-02-09 15:54:23,377 - INFO - 访问股票 600739 行情页面
2026-02-09 15:54:23,842 - INFO - 访问股票 600754 行情页面
2026-02-09 15:54:24,571 - INFO - 访问股票 600748 行情页面
2026-02-09 15:54:26,069 - INFO - 股票 600739: 关闭弹窗
2026-02-09 15:54:26,460 - INFO - 股票 600754: 关闭弹窗
2026-02-09 15:54:27,102 - INFO - 股票 600739: 关闭弹窗
2026-02-09 15:54:27,243 - INFO - 股票 600748: 关闭弹窗
2026-02-09 15:54:27,496 - INFO - 股票 600754: 关闭弹窗
2026-02-09 15:54:28,149 - INFO - 股票 600739: 切换到B/S点标签页
2026-02-09 15:54:28,279 - INFO - 股票 600748: 关闭弹窗
2026-02-09 15:54:28,538 - INFO - 股票 600754: 切换到B/S点标签页
2026-02-09 15:54:29,330 - INFO - 股票 600748: 切换到B/S点标签页
2026-02-09 15:54:35,354 - INFO - 股票 600739: 点击全屏查看按钮(CSS)
2026-02-09 15:54:35,754 - INFO - 股票 600754: 点击全屏查看按钮(CSS)
2026-02-09 15:54:36,536 - INFO - 股票 600748: 点击全屏查看按钮(CSS)
2026-02-09 15:54:37,483 - INFO - 股票 600739: 截图已保存为: /Users/chenyiyun/PycharmProjects/Chenyiyun2087/Sina/bs_detection/SinaAppBS/config_1/20260209/600739_20260209.png
2026-02-09 15:54:37,576 - INFO - 股票 600739 处理成功: /Users/chenyiyun/PycharmProjects/Chenyiyun2087/Sina/bs_detection/SinaAppBS/config_1/20260209/600739_20260209.png
2026-02-09 15:54:37,858 - INFO - 股票 600754: 截图已保存为: /Users/chenyiyun/PycharmProjects/Chenyiyun2087/Sina/bs_detection/SinaAppBS/config_1/20260209/600754_20260209.png
2026-02-09 15:54:37,949 - INFO - 股票 600754 处理成功: /Users/chenyiyun/PycharmProjects/Chenyiyun2087/Sina/bs_detection/SinaAppBS/config_1/20260209/600754_20260209.png
2026-02-09 15:54:38,631 - INFO - 股票 600748: 截图已保存为: /Users/chenyiyun/PycharmProjects/Chenyiyun2087/Sina/bs_detection/SinaAppBS/config_1/20260209/600748_20260209.png
2026-02-09 15:54:38,756 - INFO - 股票 600748 处理成功: /Users/chenyiyun/PycharmProjects/Chenyiyun2087/Sina/bs_detection/SinaAppBS/config_1/20260209/600748_20260209.png
2026-02-09 15:54:39,104 - INFO - 访问股票 600757 行情页面
2026-02-09 15:54:39,245 - INFO - 访问股票 600756 行情页面
2026-02-09 15:54:39,739 - INFO - 访问股票 600764 行情页面
2026-02-09 15:54:41,309 - INFO - 股票 600757: 关闭弹窗
2026-02-09 15:54:41,904 - INFO - 股票 600756: 关闭弹窗
2026-02-09 15:54:42,347 - INFO - 股票 600757: 关闭弹窗
2026-02-09 15:54:42,943 - INFO - 股票 600756: 关闭弹窗
2026-02-09 15:54:43,398 - INFO - 股票 600757: 切换到B/S点标签页
2026-02-09 15:54:43,904 - INFO - 股票 600764: 关闭弹窗
2026-02-09 15:54:43,974 - INFO - 股票 600756: 切换到B/S点标签页
2026-02-09 15:54:44,942 - INFO - 股票 600764: 关闭弹窗
2026-02-09 15:54:45,994 - INFO - 股票 600764: 切换到B/S点标签页
2026-02-09 15:54:50,612 - INFO - 股票 600757: 点击全屏查看按钮(CSS)
2026-02-09 15:54:51,152 - INFO - 股票 600756: 点击全屏查看按钮(CSS)
2026-02-09 15:54:52,689 - INFO - 股票 600757: 截图已保存为: /Users/chenyiyun/PycharmProjects/Chenyiyun2087/Sina/bs_detection/SinaAppBS/config_1/20260209/600757_20260209.png
2026-02-09 15:54:52,777 - INFO - 股票 600757 处理成功: /Users/chenyiyun/PycharmProjects/Chenyiyun2087/Sina/bs_detection/SinaAppBS/config_1/20260209/600757_20260209.png
2026-02-09 15:54:53,200 - INFO - 股票 600764: 点击全屏查看按钮(CSS)
2026-02-09 15:54:53,269 - INFO - 股票 600756: 截图已保存为: /Users/chenyiyun/PycharmProjects/Chenyiyun2087/Sina/bs_detection/SinaAppBS/config_1/20260209/600756_20260209.png
2026-02-09 15:54:53,351 - INFO - 股票 600756 处理成功: /Users/chenyiyun/PycharmProjects/Chenyiyun2087/Sina/bs_detection/SinaAppBS/config_1/20260209/600756_20260209.png
2026-02-09 15:54:55,293 - INFO - 股票 600764: 截图已保存为: /Users/chenyiyun/PycharmProjects/Chenyiyun2087/Sina/bs_detection/SinaAppBS/config_1/20260209/600764_20260209.png
2026-02-09 15:54:55,386 - INFO - 股票 600764 处理成功: /Users/chenyiyun/PycharmProjects/Chenyiyun2087/Sina/bs_detection/SinaAppBS/config_1/20260209/600764_20260209.png
2026-02-09 15:54:56,462 - INFO - 访问股票 600789 行情页面
2026-02-09 15:54:56,853 - INFO - 访问股票 600829 行情页面
2026-02-09 15:54:56,889 - INFO - 访问股票 600797 行情页面
2026-02-09 15:54:58,567 - INFO - 股票 600789: 关闭弹窗
2026-02-09 15:54:59,000 - INFO - 股票 600797: 关闭弹窗
2026-02-09 15:54:59,504 - INFO - 股票 600829: 关闭弹窗
2026-02-09 15:54:59,601 - INFO - 股票 600789: 关闭弹窗
2026-02-09 15:55:00,034 - INFO - 股票 600797: 关闭弹窗
2026-02-09 15:55:00,546 - INFO - 股票 600829: 关闭弹窗
2026-02-09 15:55:00,644 - INFO - 股票 600789: 切换到B/S点标签页
2026-02-09 15:55:01,072 - INFO - 股票 600797: 切换到B/S点标签页
2026-02-09 15:55:01,593 - INFO - 股票 600829: 切换到B/S点标签页
2026-02-09 15:55:07,830 - INFO - 股票 600789: 点击全屏查看按钮(CSS)
2026-02-09 15:55:08,287 - INFO - 股票 600797: 点击全屏查看按钮(CSS)
2026-02-09 15:55:08,794 - INFO - 股票 600829: 点击全屏查看按钮(CSS)
2026-02-09 15:55:09,930 - INFO - 股票 600789: 截图已保存为: /Users/chenyiyun/PycharmProjects/Chenyiyun2087/Sina/bs_detection/SinaAppBS/config_1/20260209/600789_20260209.png
2026-02-09 15:55:10,023 - INFO - 股票 600789 处理成功: /Users/chenyiyun/PycharmProjects/Chenyiyun2087/Sina/bs_detection/SinaAppBS/config_1/20260209/600789_20260209.png
2026-02-09 15:55:10,391 - INFO - 股票 600797: 截图已保存为: /Users/chenyiyun/PycharmProjects/Chenyiyun2087/Sina/bs_detection/SinaAppBS/config_1/20260209/600797_20260209.png
2026-02-09 15:55:10,483 - INFO - 股票 600797 处理成功: /Users/chenyiyun/PycharmProjects/Chenyiyun2087/Sina/bs_detection/SinaAppBS/config_1/20260209/600797_20260209.png
2026-02-09 15:55:10,904 - INFO - 股票 600829: 截图已保存为: /Users/chenyiyun/PycharmProjects/Chenyiyun2087/Sina/bs_detection/SinaAppBS/config_1/20260209/600829_20260209.png
2026-02-09 15:55:11,005 - INFO - 股票 600829 处理成功: /Users/chenyiyun/PycharmProjects/Chenyiyun2087/Sina/bs_detection/SinaAppBS/config_1/20260209/600829_20260209.png
2026-02-09 15:55:11,453 - INFO - 访问股票 600838 行情页面
2026-02-09 15:55:11,797 - INFO - 访问股票 600872 行情页面
2026-02-09 15:55:13,500 - INFO - 访问股票 600871 行情页面
2026-02-09 15:55:14,101 - INFO - 股票 600838: 关闭弹窗
2026-02-09 15:55:14,401 - INFO - 股票 600872: 关闭弹窗
2026-02-09 15:55:15,135 - INFO - 股票 600838: 关闭弹窗
2026-02-09 15:55:15,434 - INFO - 股票 600872: 关闭弹窗
2026-02-09 15:55:16,119 - INFO - 股票 600871: 关闭弹窗
2026-02-09 15:55:16,178 - INFO - 股票 600838: 切换到B/S点标签页
2026-02-09 15:55:16,486 - INFO - 股票 600872: 切换到B/S点标签页
2026-02-09 15:55:17,158 - INFO - 股票 600871: 关闭弹窗
2026-02-09 15:55:18,211 - INFO - 股票 600871: 切换到B/S点标签页
2026-02-09 15:55:23,390 - INFO - 股票 600838: 点击全屏查看按钮(CSS)
2026-02-09 15:55:23,713 - INFO - 股票 600872: 点击全屏查看按钮(CSS)
2026-02-09 15:55:25,416 - INFO - 股票 600871: 点击全屏查看按钮(CSS)
2026-02-09 15:55:25,451 - INFO - 股票 600838: 截图已保存为: /Users/chenyiyun/PycharmProjects/Chenyiyun2087/Sina/bs_detection/SinaAppBS/config_1/20260209/600838_20260209.png
2026-02-09 15:55:25,540 - INFO - 股票 600838 处理成功: /Users/chenyiyun/PycharmProjects/Chenyiyun2087/Sina/bs_detection/SinaAppBS/config_1/20260209/600838_20260209.png
2026-02-09 15:55:25,795 - INFO - 股票 600872: 截图已保存为: /Users/chenyiyun/PycharmProjects/Chenyiyun2087/Sina/bs_detection/SinaAppBS/config_1/20260209/600872_20260209.png
2026-02-09 15:55:25,887 - INFO - 股票 600872 处理成功: /Users/chenyiyun/PycharmProjects/Chenyiyun2087/Sina/bs_detection/SinaAppBS/config_1/20260209/600872_20260209.png
2026-02-09 15:55:27,013 - INFO - 访问股票 600875 行情页面
2026-02-09 15:55:27,014 - INFO - 访问股票 600895 行情页面
2026-02-09 15:55:27,526 - INFO - 股票 600871: 截图已保存为: /Users/chenyiyun/PycharmProjects/Chenyiyun2087/Sina/bs_detection/SinaAppBS/config_1/20260209/600871_20260209.png
2026-02-09 15:55:27,618 - INFO - 股票 600871 处理成功: /Users/chenyiyun/PycharmProjects/Chenyiyun2087/Sina/bs_detection/SinaAppBS/config_1/20260209/600871_20260209.png
2026-02-09 15:55:28,953 - INFO - 访问股票 600903 行情页面
2026-02-09 15:55:29,621 - INFO - 股票 600875: 关闭弹窗
2026-02-09 15:55:30,136 - INFO - 股票 600895: 关闭弹窗
2026-02-09 15:55:30,655 - INFO - 股票 600875: 关闭弹窗
2026-02-09 15:55:31,097 - INFO - 股票 600903: 关闭弹窗
2026-02-09 15:55:31,162 - INFO - 股票 600895: 关闭弹窗
2026-02-09 15:55:31,710 - INFO - 股票 600875: 切换到B/S点标签页
2026-02-09 15:55:32,131 - INFO - 股票 600903: 关闭弹窗
2026-02-09 15:55:32,199 - INFO - 股票 600895: 切换到B/S点标签页
2026-02-09 15:55:33,185 - INFO - 股票 600903: 切换到B/S点标签页
2026-02-09 15:55:38,908 - INFO - 股票 600875: 点击全屏查看按钮(CSS)
2026-02-09 15:55:39,421 - INFO - 股票 600895: 点击全屏查看按钮(CSS)
2026-02-09 15:55:40,403 - INFO - 股票 600903: 点击全屏查看按钮(CSS)
2026-02-09 15:55:40,998 - INFO - 股票 600875: 截图已保存为: /Users/chenyiyun/PycharmProjects/Chenyiyun2087/Sina/bs_detection/SinaAppBS/config_1/20260209/600875_20260209.png
2026-02-09 15:55:41,083 - INFO - 股票 600875 处理成功: /Users/chenyiyun/PycharmProjects/Chenyiyun2087/Sina/bs_detection/SinaAppBS/config_1/20260209/600875_20260209.png
2026-02-09 15:55:41,562 - INFO - 股票 600895: 截图已保存为: /Users/chenyiyun/PycharmProjects/Chenyiyun2087/Sina/bs_detection/SinaAppBS/config_1/20260209/600895_20260209.png
2026-02-09 15:55:41,651 - INFO - 股票 600895 处理成功: /Users/chenyiyun/PycharmProjects/Chenyiyun2087/Sina/bs_detection/SinaAppBS/config_1/20260209/600895_20260209.png
2026-02-09 15:55:42,458 - INFO - 访问股票 600963 行情页面
2026-02-09 15:55:42,530 - INFO - 股票 600903: 截图已保存为: /Users/chenyiyun/PycharmProjects/Chenyiyun2087/Sina/bs_detection/SinaAppBS/config_1/20260209/600903_20260209.png
2026-02-09 15:55:42,651 - INFO - 股票 600903 处理成功: /Users/chenyiyun/PycharmProjects/Chenyiyun2087/Sina/bs_detection/SinaAppBS/config_1/20260209/600903_20260209.png
2026-02-09 15:55:43,200 - INFO - 访问股票 600976 行情页面
2026-02-09 15:55:44,048 - INFO - 访问股票 600984 行情页面
2026-02-09 15:55:45,076 - INFO - 股票 600963: 关闭弹窗
2026-02-09 15:55:45,842 - INFO - 股票 600976: 关闭弹窗
2026-02-09 15:55:46,108 - INFO - 股票 600963: 关闭弹窗
2026-02-09 15:55:46,683 - INFO - 股票 600984: 关闭弹窗
2026-02-09 15:55:46,876 - INFO - 股票 600976: 关闭弹窗
2026-02-09 15:55:47,153 - INFO - 股票 600963: 切换到B/S点标签页
2026-02-09 15:55:47,721 - INFO - 股票 600984: 关闭弹窗
2026-02-09 15:55:47,931 - INFO - 股票 600976: 切换到B/S点标签页
2026-02-09 15:55:48,776 - INFO - 股票 600984: 切换到B/S点标签页
2026-02-09 15:55:54,359 - INFO - 股票 600963: 点击全屏查看按钮(CSS)
2026-02-09 15:55:55,142 - INFO - 股票 600976: 点击全屏查看按钮(CSS)
2026-02-09 15:55:55,994 - INFO - 股票 600984: 点击全屏查看按钮(CSS)
2026-02-09 15:55:56,436 - INFO - 股票 600963: 截图已保存为: /Users/chenyiyun/PycharmProjects/Chenyiyun2087/Sina/bs_detection/SinaAppBS/config_1/20260209/600963_20260209.png
2026-02-09 15:55:56,523 - INFO - 股票 600963 处理成功: /Users/chenyiyun/PycharmProjects/Chenyiyun2087/Sina/bs_detection/SinaAppBS/config_1/20260209/600963_20260209.png
2026-02-09 15:55:57,234 - INFO - 股票 600976: 截图已保存为: /Users/chenyiyun/PycharmProjects/Chenyiyun2087/Sina/bs_detection/SinaAppBS/config_1/20260209/600976_20260209.png
2026-02-09 15:55:57,320 - INFO - 股票 600976 处理成功: /Users/chenyiyun/PycharmProjects/Chenyiyun2087/Sina/bs_detection/SinaAppBS/config_1/20260209/600976_20260209.png
2026-02-09 15:55:58,092 - INFO - 股票 600984: 截图已保存为: /Users/chenyiyun/PycharmProjects/Chenyiyun2087/Sina/bs_detection/SinaAppBS/config_1/20260209/600984_20260209.png
2026-02-09 15:55:58,192 - INFO - 股票 600984 处理成功: /Users/chenyiyun/PycharmProjects/Chenyiyun2087/Sina/bs_detection/SinaAppBS/config_1/20260209/600984_20260209.png
2026-02-09 15:56:01,550 - INFO - 访问股票 601000 行情页面
2026-02-09 15:56:01,605 - INFO - 访问股票 600988 行情页面
2026-02-09 15:56:01,898 - INFO - 访问股票 601010 行情页面
2026-02-09 15:56:03,690 - INFO - 股票 601000: 关闭弹窗
2026-02-09 15:56:03,749 - INFO - 股票 600988: 关闭弹窗
2026-02-09 15:56:04,043 - INFO - 股票 601010: 关闭弹窗
2026-02-09 15:56:04,720 - INFO - 股票 601000: 关闭弹窗
2026-02-09 15:56:04,785 - INFO - 股票 600988: 关闭弹窗
2026-02-09 15:56:05,073 - INFO - 股票 601010: 关闭弹窗
2026-02-09 15:56:05,772 - INFO - 股票 601000: 切换到B/S点标签页
2026-02-09 15:56:05,828 - INFO - 股票 600988: 切换到B/S点标签页
2026-02-09 15:56:06,113 - INFO - 股票 601010: 切换到B/S点标签页
2026-02-09 15:56:12,968 - INFO - 股票 601000: 点击全屏查看按钮(CSS)
2026-02-09 15:56:13,005 - INFO - 股票 600988: 点击全屏查看按钮(CSS)
2026-02-09 15:56:13,327 - INFO - 股票 601010: 点击全屏查看按钮(CSS)
2026-02-09 15:56:15,061 - INFO - 股票 601000: 截图已保存为: /Users/chenyiyun/PycharmProjects/Chenyiyun2087/Sina/bs_detection/SinaAppBS/config_1/20260209/601000_20260209.png
2026-02-09 15:56:15,083 - INFO - 股票 600988: 截图已保存为: /Users/chenyiyun/PycharmProjects/Chenyiyun2087/Sina/bs_detection/SinaAppBS/config_1/20260209/600988_20260209.png
2026-02-09 15:56:15,141 - INFO - 股票 601000 处理成功: /Users/chenyiyun/PycharmProjects/Chenyiyun2087/Sina/bs_detection/SinaAppBS/config_1/20260209/601000_20260209.png
2026-02-09 15:56:15,166 - INFO - 股票 600988 处理成功: /Users/chenyiyun/PycharmProjects/Chenyiyun2087/Sina/bs_detection/SinaAppBS/config_1/20260209/600988_20260209.png
2026-02-09 15:56:15,409 - INFO - 股票 601010: 截图已保存为: /Users/chenyiyun/PycharmProjects/Chenyiyun2087/Sina/bs_detection/SinaAppBS/config_1/20260209/601010_20260209.png
2026-02-09 15:56:15,495 - INFO - 股票 601010 处理成功: /Users/chenyiyun/PycharmProjects/Chenyiyun2087/Sina/bs_detection/SinaAppBS/config_1/20260209/601010_20260209.png
2026-02-09 15:56:16,497 - INFO - 访问股票 601086 行情页面
2026-02-09 15:56:16,672 - INFO - 访问股票 601021 行情页面
2026-02-09 15:56:17,456 - INFO - 访问股票 601061 行情页面
2026-02-09 15:56:19,141 - INFO - 股票 601086: 关闭弹窗
2026-02-09 15:56:19,792 - INFO - 股票 601021: 关闭弹窗
2026-02-09 15:56:20,068 - INFO - 股票 601061: 关闭弹窗
2026-02-09 15:56:20,176 - INFO - 股票 601086: 关闭弹窗
2026-02-09 15:56:20,833 - INFO - 股票 601021: 关闭弹窗
2026-02-09 15:56:21,116 - INFO - 股票 601061: 关闭弹窗
2026-02-09 15:56:21,215 - INFO - 股票 601086: 切换到B/S点标签页
2026-02-09 15:56:21,880 - INFO - 股票 601021: 切换到B/S点标签页
2026-02-09 15:56:22,159 - INFO - 股票 601061: 切换到B/S点标签页
2026-02-09 15:56:28,408 - INFO - 股票 601086: 点击全屏查看按钮(CSS)
2026-02-09 15:56:29,107 - INFO - 股票 601021: 点击全屏查看按钮(CSS)
2026-02-09 15:56:29,367 - INFO - 股票 601061: 点击全屏查看按钮(CSS)
2026-02-09 15:56:30,481 - INFO - 股票 601086: 截图已保存为: /Users/chenyiyun/PycharmProjects/Chenyiyun2087/Sina/bs_detection/SinaAppBS/config_1/20260209/601086_20260209.png
2026-02-09 15:56:30,568 - INFO - 股票 601086 处理成功: /Users/chenyiyun/PycharmProjects/Chenyiyun2087/Sina/bs_detection/SinaAppBS/config_1/20260209/601086_20260209.png
2026-02-09 15:56:31,230 - INFO - 股票 601021: 截图已保存为: /Users/chenyiyun/PycharmProjects/Chenyiyun2087/Sina/bs_detection/SinaAppBS/config_1/20260209/601021_20260209.png
2026-02-09 15:56:31,321 - INFO - 股票 601021 处理成功: /Users/chenyiyun/PycharmProjects/Chenyiyun2087/Sina/bs_detection/SinaAppBS/config_1/20260209/601021_20260209.png
2026-02-09 15:56:31,466 - INFO - 股票 601061: 截图已保存为: /Users/chenyiyun/PycharmProjects/Chenyiyun2087/Sina/bs_detection/SinaAppBS/config_1/20260209/601061_20260209.png
2026-02-09 15:56:31,572 - INFO - 股票 601061 处理成功: /Users/chenyiyun/PycharmProjects/Chenyiyun2087/Sina/bs_detection/SinaAppBS/config_1/20260209/601061_20260209.png
2026-02-09 15:56:32,062 - INFO - 访问股票 601108 行情页面
2026-02-09 15:56:32,069 - INFO - 访问股票 601106 行情页面
2026-02-09 15:56:33,950 - INFO - 访问股票 601136 行情页面
2026-02-09 15:56:34,179 - INFO - 股票 601108: 关闭弹窗
2026-02-09 15:56:35,178 - INFO - 股票 601106: 关闭弹窗
2026-02-09 15:56:35,207 - INFO - 股票 601108: 关闭弹窗
2026-02-09 15:56:36,070 - INFO - 股票 601136: 关闭弹窗
2026-02-09 15:56:36,206 - INFO - 股票 601106: 关闭弹窗
2026-02-09 15:56:36,248 - INFO - 股票 601108: 切换到B/S点标签页
2026-02-09 15:56:37,103 - INFO - 股票 601136: 关闭弹窗
2026-02-09 15:56:37,249 - INFO - 股票 601106: 切换到B/S点标签页
2026-02-09 15:56:38,150 - INFO - 股票 601136: 切换到B/S点标签页
2026-02-09 15:56:43,469 - INFO - 股票 601108: 点击全屏查看按钮(CSS)
2026-02-09 15:56:44,465 - INFO - 股票 601106: 点击全屏查看按钮(CSS)
2026-02-09 15:56:45,364 - INFO - 股票 601136: 点击全屏查看按钮(CSS)
2026-02-09 15:56:45,573 - INFO - 股票 601108: 截图已保存为: /Users/chenyiyun/PycharmProjects/Chenyiyun2087/Sina/bs_detection/SinaAppBS/config_1/20260209/601108_20260209.png
2026-02-09 15:56:45,658 - INFO - 股票 601108 处理成功: /Users/chenyiyun/PycharmProjects/Chenyiyun2087/Sina/bs_detection/SinaAppBS/config_1/20260209/601108_20260209.png
2026-02-09 15:56:46,545 - INFO - 股票 601106: 截图已保存为: /Users/chenyiyun/PycharmProjects/Chenyiyun2087/Sina/bs_detection/SinaAppBS/config_1/20260209/601106_20260209.png
2026-02-09 15:56:46,640 - INFO - 股票 601106 处理成功: /Users/chenyiyun/PycharmProjects/Chenyiyun2087/Sina/bs_detection/SinaAppBS/config_1/20260209/601106_20260209.png
2026-02-09 15:56:47,094 - INFO - 访问股票 601139 行情页面
2026-02-09 15:56:47,425 - INFO - 股票 601136: 截图已保存为: /Users/chenyiyun/PycharmProjects/Chenyiyun2087/Sina/bs_detection/SinaAppBS/config_1/20260209/601136_20260209.png
2026-02-09 15:56:47,509 - INFO - 股票 601136 处理成功: /Users/chenyiyun/PycharmProjects/Chenyiyun2087/Sina/bs_detection/SinaAppBS/config_1/20260209/601136_20260209.png
2026-02-09 15:56:48,128 - INFO - 访问股票 601155 行情页面
2026-02-09 15:56:49,111 - INFO - 访问股票 601162 行情页面
2026-02-09 15:56:49,719 - INFO - 股票 601139: 关闭弹窗
2026-02-09 15:56:50,754 - INFO - 股票 601139: 关闭弹窗
2026-02-09 15:56:50,784 - INFO - 股票 601155: 关闭弹窗
2026-02-09 15:56:51,796 - INFO - 股票 601139: 切换到B/S点标签页
2026-02-09 15:56:51,817 - INFO - 股票 601155: 关闭弹窗
2026-02-09 15:56:52,282 - INFO - 股票 601162: 关闭弹窗
2026-02-09 15:56:52,863 - INFO - 股票 601155: 切换到B/S点标签页
2026-02-09 15:56:53,313 - INFO - 股票 601162: 关闭弹窗
2026-02-09 15:56:54,365 - INFO - 股票 601162: 切换到B/S点标签页
2026-02-09 15:56:58,999 - INFO - 股票 601139: 点击全屏查看按钮(CSS)
2026-02-09 15:57:00,036 - INFO - 股票 601155: 点击全屏查看按钮(CSS)
2026-02-09 15:57:01,101 - INFO - 股票 601139: 截图已保存为: /Users/chenyiyun/PycharmProjects/Chenyiyun2087/Sina/bs_detection/SinaAppBS/config_1/20260209/601139_20260209.png
2026-02-09 15:57:01,191 - INFO - 股票 601139 处理成功: /Users/chenyiyun/PycharmProjects/Chenyiyun2087/Sina/bs_detection/SinaAppBS/config_1/20260209/601139_20260209.png
2026-02-09 15:57:01,579 - INFO - 股票 601162: 点击全屏查看按钮(CSS)
2026-02-09 15:57:02,151 - INFO - 股票 601155: 截图已保存为: /Users/chenyiyun/PycharmProjects/Chenyiyun2087/Sina/bs_detection/SinaAppBS/config_1/20260209/601155_20260209.png
2026-02-09 15:57:02,238 - INFO - 股票 601155 处理成功: /Users/chenyiyun/PycharmProjects/Chenyiyun2087/Sina/bs_detection/SinaAppBS/config_1/20260209/601155_20260209.png
2026-02-09 15:57:03,690 - INFO - 股票 601162: 截图已保存为: /Users/chenyiyun/PycharmProjects/Chenyiyun2087/Sina/bs_detection/SinaAppBS/config_1/20260209/601162_20260209.png
2026-02-09 15:57:03,780 - INFO - 股票 601162 处理成功: /Users/chenyiyun/PycharmProjects/Chenyiyun2087/Sina/bs_detection/SinaAppBS/config_1/20260209/601162_20260209.png
2026-02-09 15:57:06,378 - INFO - 访问股票 601198 行情页面
2026-02-09 15:57:06,390 - INFO - 访问股票 601369 行情页面
2026-02-09 15:57:06,537 - INFO - 访问股票 601216 行情页面
2026-02-09 15:57:08,492 - INFO - 股票 601198: 关闭弹窗
2026-02-09 15:57:08,630 - INFO - 股票 601216: 关闭弹窗
2026-02-09 15:57:09,028 - INFO - 股票 601369: 关闭弹窗
2026-02-09 15:57:09,522 - INFO - 股票 601198: 关闭弹窗
2026-02-09 15:57:09,664 - INFO - 股票 601216: 关闭弹窗
2026-02-09 15:57:10,065 - INFO - 股票 601369: 关闭弹窗
2026-02-09 15:57:10,570 - INFO - 股票 601198: 切换到B/S点标签页
2026-02-09 15:57:10,705 - INFO - 股票 601216: 切换到B/S点标签页
2026-02-09 15:57:11,112 - INFO - 股票 601369: 切换到B/S点标签页
2026-02-09 15:57:17,805 - INFO - 股票 601198: 点击全屏查看按钮(CSS)
2026-02-09 15:57:17,908 - INFO - 股票 601216: 点击全屏查看按钮(CSS)
2026-02-09 15:57:18,328 - INFO - 股票 601369: 点击全屏查看按钮(CSS)
2026-02-09 15:57:19,914 - INFO - 股票 601198: 截图已保存为: /Users/chenyiyun/PycharmProjects/Chenyiyun2087/Sina/bs_detection/SinaAppBS/config_1/20260209/601198_20260209.png
2026-02-09 15:57:19,979 - INFO - 股票 601216: 截图已保存为: /Users/chenyiyun/PycharmProjects/Chenyiyun2087/Sina/bs_detection/SinaAppBS/config_1/20260209/601216_20260209.png
2026-02-09 15:57:20,004 - INFO - 股票 601198 处理成功: /Users/chenyiyun/PycharmProjects/Chenyiyun2087/Sina/bs_detection/SinaAppBS/config_1/20260209/601198_20260209.png
2026-02-09 15:57:20,061 - INFO - 股票 601216 处理成功: /Users/chenyiyun/PycharmProjects/Chenyiyun2087/Sina/bs_detection/SinaAppBS/config_1/20260209/601216_20260209.png
2026-02-09 15:57:20,412 - INFO - 股票 601369: 截图已保存为: /Users/chenyiyun/PycharmProjects/Chenyiyun2087/Sina/bs_detection/SinaAppBS/config_1/20260209/601369_20260209.png
2026-02-09 15:57:20,500 - INFO - 股票 601369 处理成功: /Users/chenyiyun/PycharmProjects/Chenyiyun2087/Sina/bs_detection/SinaAppBS/config_1/20260209/601369_20260209.png
2026-02-09 15:57:21,157 - INFO - 访问股票 601608 行情页面
2026-02-09 15:57:21,783 - INFO - 访问股票 601665 行情页面
2026-02-09 15:57:21,977 - INFO - 访问股票 601566 行情页面
2026-02-09 15:57:23,822 - INFO - 股票 601608: 关闭弹窗
2026-02-09 15:57:24,089 - INFO - 股票 601566: 关闭弹窗
2026-02-09 15:57:24,380 - INFO - 股票 601665: 关闭弹窗
2026-02-09 15:57:24,867 - INFO - 股票 601608: 关闭弹窗
2026-02-09 15:57:25,130 - INFO - 股票 601566: 关闭弹窗
2026-02-09 15:57:25,418 - INFO - 股票 601665: 关闭弹窗
2026-02-09 15:57:25,911 - INFO - 股票 601608: 切换到B/S点标签页
2026-02-09 15:57:26,176 - INFO - 股票 601566: 切换到B/S点标签页
2026-02-09 15:57:26,450 - INFO - 股票 601665: 切换到B/S点标签页
2026-02-09 15:57:33,131 - INFO - 股票 601608: 点击全屏查看按钮(CSS)
2026-02-09 15:57:33,389 - INFO - 股票 601566: 点击全屏查看按钮(CSS)
2026-02-09 15:57:33,648 - INFO - 股票 601665: 点击全屏查看按钮(CSS)
2026-02-09 15:57:35,205 - INFO - 股票 601608: 截图已保存为: /Users/chenyiyun/PycharmProjects/Chenyiyun2087/Sina/bs_detection/SinaAppBS/config_1/20260209/601608_20260209.png
2026-02-09 15:57:35,295 - INFO - 股票 601608 处理成功: /Users/chenyiyun/PycharmProjects/Chenyiyun2087/Sina/bs_detection/SinaAppBS/config_1/20260209/601608_20260209.png
2026-02-09 15:57:35,466 - INFO - 股票 601566: 截图已保存为: /Users/chenyiyun/PycharmProjects/Chenyiyun2087/Sina/bs_detection/SinaAppBS/config_1/20260209/601566_20260209.png
2026-02-09 15:57:35,554 - INFO - 股票 601566 处理成功: /Users/chenyiyun/PycharmProjects/Chenyiyun2087/Sina/bs_detection/SinaAppBS/config_1/20260209/601566_20260209.png
2026-02-09 15:57:35,767 - INFO - 股票 601665: 截图已保存为: /Users/chenyiyun/PycharmProjects/Chenyiyun2087/Sina/bs_detection/SinaAppBS/config_1/20260209/601665_20260209.png
2026-02-09 15:57:35,858 - INFO - 股票 601665 处理成功: /Users/chenyiyun/PycharmProjects/Chenyiyun2087/Sina/bs_detection/SinaAppBS/config_1/20260209/601665_20260209.png
2026-02-09 15:57:36,750 - INFO - 访问股票 601669 行情页面
2026-02-09 15:57:36,827 - INFO - 访问股票 601702 行情页面
2026-02-09 15:57:38,865 - INFO - 访问股票 601778 行情页面
2026-02-09 15:57:39,400 - INFO - 股票 601669: 关闭弹窗
2026-02-09 15:57:39,451 - INFO - 股票 601702: 关闭弹窗
2026-02-09 15:57:40,431 - INFO - 股票 601669: 关闭弹窗
2026-02-09 15:57:40,480 - INFO - 股票 601702: 关闭弹窗
2026-02-09 15:57:41,470 - INFO - 股票 601669: 切换到B/S点标签页
2026-02-09 15:57:41,478 - INFO - 股票 601778: 关闭弹窗
2026-02-09 15:57:41,516 - INFO - 股票 601702: 切换到B/S点标签页
2026-02-09 15:57:42,517 - INFO - 股票 601778: 关闭弹窗
2026-02-09 15:57:43,558 - INFO - 股票 601778: 切换到B/S点标签页
2026-02-09 15:57:48,660 - INFO - 股票 601669: 点击全屏查看按钮(CSS)
2026-02-09 15:57:48,676 - INFO - 股票 601702: 点击全屏查看按钮(CSS)
2026-02-09 15:57:50,726 - INFO - 股票 601778: 点击全屏查看按钮(CSS)
2026-02-09 15:57:50,743 - INFO - 股票 601669: 截图已保存为: /Users/chenyiyun/PycharmProjects/Chenyiyun2087/Sina/bs_detection/SinaAppBS/config_1/20260209/601669_20260209.png
2026-02-09 15:57:50,768 - INFO - 股票 601702: 截图已保存为: /Users/chenyiyun/PycharmProjects/Chenyiyun2087/Sina/bs_detection/SinaAppBS/config_1/20260209/601702_20260209.png
2026-02-09 15:57:50,825 - INFO - 股票 601669 处理成功: /Users/chenyiyun/PycharmProjects/Chenyiyun2087/Sina/bs_detection/SinaAppBS/config_1/20260209/601669_20260209.png
2026-02-09 15:57:50,848 - INFO - 股票 601702 处理成功: /Users/chenyiyun/PycharmProjects/Chenyiyun2087/Sina/bs_detection/SinaAppBS/config_1/20260209/601702_20260209.png
2026-02-09 15:57:52,245 - INFO - 访问股票 601788 行情页面
2026-02-09 15:57:52,825 - INFO - 股票 601778: 截图已保存为: /Users/chenyiyun/PycharmProjects/Chenyiyun2087/Sina/bs_detection/SinaAppBS/config_1/20260209/601778_20260209.png
2026-02-09 15:57:52,912 - INFO - 股票 601778 处理成功: /Users/chenyiyun/PycharmProjects/Chenyiyun2087/Sina/bs_detection/SinaAppBS/config_1/20260209/601778_20260209.png
2026-02-09 15:57:53,091 - INFO - 访问股票 601877 行情页面
2026-02-09 15:57:54,782 - INFO - 访问股票 601890 行情页面
2026-02-09 15:57:56,404 - INFO - 股票 601788: 关闭弹窗
2026-02-09 15:57:56,712 - INFO - 股票 601877: 关闭弹窗
2026-02-09 15:57:57,438 - INFO - 股票 601788: 关闭弹窗
2026-02-09 15:57:57,743 - INFO - 股票 601877: 关闭弹窗
2026-02-09 15:57:57,892 - INFO - 股票 601890: 关闭弹窗
2026-02-09 15:57:58,481 - INFO - 股票 601788: 切换到B/S点标签页
2026-02-09 15:57:58,779 - INFO - 股票 601877: 切换到B/S点标签页
2026-02-09 15:57:58,920 - INFO - 股票 601890: 关闭弹窗
2026-02-09 15:57:59,968 - INFO - 股票 601890: 切换到B/S点标签页
2026-02-09 15:58:05,645 - INFO - 股票 601788: 点击全屏查看按钮(CSS)
2026-02-09 15:58:05,963 - INFO - 股票 601877: 点击全屏查看按钮(CSS)
2026-02-09 15:58:07,136 - INFO - 股票 601890: 点击全屏查看按钮(CSS)
2026-02-09 15:58:07,719 - INFO - 股票 601788: 截图已保存为: /Users/chenyiyun/PycharmProjects/Chenyiyun2087/Sina/bs_detection/SinaAppBS/config_1/20260209/601788_20260209.png
2026-02-09 15:58:07,805 - INFO - 股票 601788 处理成功: /Users/chenyiyun/PycharmProjects/Chenyiyun2087/Sina/bs_detection/SinaAppBS/config_1/20260209/601788_20260209.png
2026-02-09 15:58:08,067 - INFO - 股票 601877: 截图已保存为: /Users/chenyiyun/PycharmProjects/Chenyiyun2087/Sina/bs_detection/SinaAppBS/config_1/20260209/601877_20260209.png
2026-02-09 15:58:08,152 - INFO - 股票 601877 处理成功: /Users/chenyiyun/PycharmProjects/Chenyiyun2087/Sina/bs_detection/SinaAppBS/config_1/20260209/601877_20260209.png
2026-02-09 15:58:09,216 - INFO - 股票 601890: 截图已保存为: /Users/chenyiyun/PycharmProjects/Chenyiyun2087/Sina/bs_detection/SinaAppBS/config_1/20260209/601890_20260209.png
2026-02-09 15:58:09,300 - INFO - 股票 601890 处理成功: /Users/chenyiyun/PycharmProjects/Chenyiyun2087/Sina/bs_detection/SinaAppBS/config_1/20260209/601890_20260209.png
2026-02-09 15:58:12,299 - INFO - 访问股票 601975 行情页面
2026-02-09 15:58:12,474 - INFO - 访问股票 601933 行情页面
2026-02-09 15:58:12,477 - INFO - 访问股票 601916 行情页面
2026-02-09 15:58:14,574 - INFO - 股票 601916: 关闭弹窗
2026-02-09 15:58:14,609 - INFO - 股票 601933: 关闭弹窗
2026-02-09 15:58:15,498 - INFO - 股票 601975: 关闭弹窗
2026-02-09 15:58:15,604 - INFO - 股票 601916: 关闭弹窗
2026-02-09 15:58:15,634 - INFO - 股票 601933: 关闭弹窗
2026-02-09 15:58:16,539 - INFO - 股票 601975: 关闭弹窗
2026-02-09 15:58:16,646 - INFO - 股票 601916: 切换到B/S点标签页
2026-02-09 15:58:16,671 - INFO - 股票 601933: 切换到B/S点标签页
2026-02-09 15:58:17,584 - INFO - 股票 601975: 切换到B/S点标签页
2026-02-09 15:58:23,815 - INFO - 股票 601916: 点击全屏查看按钮(CSS)
2026-02-09 15:58:23,832 - INFO - 股票 601933: 点击全屏查看按钮(CSS)
2026-02-09 15:58:24,771 - INFO - 股票 601975: 点击全屏查看按钮(CSS)
2026-02-09 15:58:25,902 - INFO - 股票 601916: 截图已保存为: /Users/chenyiyun/PycharmProjects/Chenyiyun2087/Sina/bs_detection/SinaAppBS/config_1/20260209/601916_20260209.png
2026-02-09 15:58:25,916 - INFO - 股票 601933: 截图已保存为: /Users/chenyiyun/PycharmProjects/Chenyiyun2087/Sina/bs_detection/SinaAppBS/config_1/20260209/601933_20260209.png
2026-02-09 15:58:25,991 - INFO - 股票 601916 处理成功: /Users/chenyiyun/PycharmProjects/Chenyiyun2087/Sina/bs_detection/SinaAppBS/config_1/20260209/601916_20260209.png
2026-02-09 15:58:26,003 - INFO - 股票 601933 处理成功: /Users/chenyiyun/PycharmProjects/Chenyiyun2087/Sina/bs_detection/SinaAppBS/config_1/20260209/601933_20260209.png
2026-02-09 15:58:26,847 - INFO - 股票 601975: 截图已保存为: /Users/chenyiyun/PycharmProjects/Chenyiyun2087/Sina/bs_detection/SinaAppBS/config_1/20260209/601975_20260209.png
2026-02-09 15:58:26,956 - INFO - 股票 601975 处理成功: /Users/chenyiyun/PycharmProjects/Chenyiyun2087/Sina/bs_detection/SinaAppBS/config_1/20260209/601975_20260209.png
2026-02-09 15:58:27,408 - INFO - 访问股票 601990 行情页面
2026-02-09 15:58:27,609 - INFO - 访问股票 603005 行情页面
2026-02-09 15:58:28,515 - INFO - 访问股票 603002 行情页面
2026-02-09 15:58:30,012 - INFO - 股票 601990: 关闭弹窗
2026-02-09 15:58:30,198 - INFO - 股票 603005: 关闭弹窗
2026-02-09 15:58:31,042 - INFO - 股票 601990: 关闭弹窗
2026-02-09 15:58:31,119 - INFO - 股票 603002: 关闭弹窗
2026-02-09 15:58:31,227 - INFO - 股票 603005: 关闭弹窗
2026-02-09 15:58:32,090 - INFO - 股票 601990: 切换到B/S点标签页
2026-02-09 15:58:32,145 - INFO - 股票 603002: 关闭弹窗
2026-02-09 15:58:32,273 - INFO - 股票 603005: 切换到B/S点标签页
2026-02-09 15:58:33,195 - INFO - 股票 603002: 切换到B/S点标签页
2026-02-09 15:58:39,275 - INFO - 股票 601990: 点击全屏查看按钮(CSS)
2026-02-09 15:58:39,447 - INFO - 股票 603005: 点击全屏查看按钮(CSS)
2026-02-09 15:58:40,373 - INFO - 股票 603002: 点击全屏查看按钮(CSS)
2026-02-09 15:58:41,348 - INFO - 股票 601990: 截图已保存为: /Users/chenyiyun/PycharmProjects/Chenyiyun2087/Sina/bs_detection/SinaAppBS/config_1/20260209/601990_20260209.png
2026-02-09 15:58:41,434 - INFO - 股票 601990 处理成功: /Users/chenyiyun/PycharmProjects/Chenyiyun2087/Sina/bs_detection/SinaAppBS/config_1/20260209/601990_20260209.png
2026-02-09 15:58:41,516 - INFO - 股票 603005: 截图已保存为: /Users/chenyiyun/PycharmProjects/Chenyiyun2087/Sina/bs_detection/SinaAppBS/config_1/20260209/603005_20260209.png
2026-02-09 15:58:41,597 - INFO - 股票 603005 处理成功: /Users/chenyiyun/PycharmProjects/Chenyiyun2087/Sina/bs_detection/SinaAppBS/config_1/20260209/603005_20260209.png
2026-02-09 15:58:42,494 - INFO - 股票 603002: 截图已保存为: /Users/chenyiyun/PycharmProjects/Chenyiyun2087/Sina/bs_detection/SinaAppBS/config_1/20260209/603002_20260209.png
2026-02-09 15:58:42,579 - INFO - 股票 603002 处理成功: /Users/chenyiyun/PycharmProjects/Chenyiyun2087/Sina/bs_detection/SinaAppBS/config_1/20260209/603002_20260209.png
2026-02-09 15:58:43,970 - INFO - 访问股票 603010 行情页面
2026-02-09 15:58:44,047 - INFO - 访问股票 603025 行情页面
2026-02-09 15:58:44,898 - INFO - 访问股票 603030 行情页面
2026-02-09 15:58:46,637 - INFO - 股票 603010: 关闭弹窗
2026-02-09 15:58:46,637 - INFO - 股票 603025: 关闭弹窗
2026-02-09 15:58:47,505 - INFO - 股票 603030: 关闭弹窗
2026-02-09 15:58:47,667 - INFO - 股票 603025: 关闭弹窗
2026-02-09 15:58:47,667 - INFO - 股票 603010: 关闭弹窗
2026-02-09 15:58:48,543 - INFO - 股票 603030: 关闭弹窗
2026-02-09 15:58:48,713 - INFO - 股票 603025: 切换到B/S点标签页
2026-02-09 15:58:48,714 - INFO - 股票 603010: 切换到B/S点标签页
2026-02-09 15:58:49,589 - INFO - 股票 603030: 切换到B/S点标签页
2026-02-09 15:58:55,897 - INFO - 股票 603025: 点击全屏查看按钮(CSS)
2026-02-09 15:58:55,897 - INFO - 股票 603010: 点击全屏查看按钮(CSS)
2026-02-09 15:58:56,768 - INFO - 股票 603030: 点击全屏查看按钮(CSS)
2026-02-09 15:58:57,996 - INFO - 股票 603010: 截图已保存为: /Users/chenyiyun/PycharmProjects/Chenyiyun2087/Sina/bs_detection/SinaAppBS/config_1/20260209/603010_20260209.png
2026-02-09 15:58:58,011 - INFO - 股票 603025: 截图已保存为: /Users/chenyiyun/PycharmProjects/Chenyiyun2087/Sina/bs_detection/SinaAppBS/config_1/20260209/603025_20260209.png
2026-02-09 15:58:58,084 - INFO - 股票 603010 处理成功: /Users/chenyiyun/PycharmProjects/Chenyiyun2087/Sina/bs_detection/SinaAppBS/config_1/20260209/603010_20260209.png
2026-02-09 15:58:58,100 - INFO - 股票 603025 处理成功: /Users/chenyiyun/PycharmProjects/Chenyiyun2087/Sina/bs_detection/SinaAppBS/config_1/20260209/603025_20260209.png
2026-02-09 15:58:58,860 - INFO - 股票 603030: 截图已保存为: /Users/chenyiyun/PycharmProjects/Chenyiyun2087/Sina/bs_detection/SinaAppBS/config_1/20260209/603030_20260209.png
2026-02-09 15:58:58,944 - INFO - 股票 603030 处理成功: /Users/chenyiyun/PycharmProjects/Chenyiyun2087/Sina/bs_detection/SinaAppBS/config_1/20260209/603030_20260209.png
2026-02-09 15:58:59,706 - INFO - 访问股票 603048 行情页面
2026-02-09 15:58:59,714 - INFO - 访问股票 603058 行情页面
2026-02-09 15:59:00,597 - INFO - 访问股票 603055 行情页面
2026-02-09 15:59:02,318 - INFO - 股票 603058: 关闭弹窗
2026-02-09 15:59:02,327 - INFO - 股票 603048: 关闭弹窗
2026-02-09 15:59:03,218 - INFO - 股票 603055: 关闭弹窗
2026-02-09 15:59:03,350 - INFO - 股票 603058: 关闭弹窗
2026-02-09 15:59:03,353 - INFO - 股票 603048: 关闭弹窗
2026-02-09 15:59:04,256 - INFO - 股票 603055: 关闭弹窗
2026-02-09 15:59:04,393 - INFO - 股票 603048: 切换到B/S点标签页
2026-02-09 15:59:04,394 - INFO - 股票 603058: 切换到B/S点标签页
2026-02-09 15:59:05,306 - INFO - 股票 603055: 切换到B/S点标签页
2026-02-09 15:59:11,580 - INFO - 股票 603058: 点击全屏查看按钮(CSS)
2026-02-09 15:59:11,581 - INFO - 股票 603048: 点击全屏查看按钮(CSS)
2026-02-09 15:59:12,494 - INFO - 股票 603055: 点击全屏查看按钮(CSS)
2026-02-09 15:59:13,661 - INFO - 股票 603058: 截图已保存为: /Users/chenyiyun/PycharmProjects/Chenyiyun2087/Sina/bs_detection/SinaAppBS/config_1/20260209/603058_20260209.png
2026-02-09 15:59:13,666 - INFO - 股票 603048: 截图已保存为: /Users/chenyiyun/PycharmProjects/Chenyiyun2087/Sina/bs_detection/SinaAppBS/config_1/20260209/603048_20260209.png
2026-02-09 15:59:13,757 - INFO - 股票 603058 处理成功: /Users/chenyiyun/PycharmProjects/Chenyiyun2087/Sina/bs_detection/SinaAppBS/config_1/20260209/603058_20260209.png
2026-02-09 15:59:13,762 - INFO - 股票 603048 处理成功: /Users/chenyiyun/PycharmProjects/Chenyiyun2087/Sina/bs_detection/SinaAppBS/config_1/20260209/603048_20260209.png
2026-02-09 15:59:14,584 - INFO - 股票 603055: 截图已保存为: /Users/chenyiyun/PycharmProjects/Chenyiyun2087/Sina/bs_detection/SinaAppBS/config_1/20260209/603055_20260209.png
2026-02-09 15:59:14,689 - INFO - 股票 603055 处理成功: /Users/chenyiyun/PycharmProjects/Chenyiyun2087/Sina/bs_detection/SinaAppBS/config_1/20260209/603055_20260209.png
2026-02-09 15:59:18,310 - INFO - 访问股票 603063 行情页面
2026-02-09 15:59:18,338 - INFO - 访问股票 603061 行情页面
2026-02-09 15:59:18,389 - INFO - 访问股票 603160 行情页面
2026-02-09 15:59:20,461 - INFO - 股票 603063: 关闭弹窗
2026-02-09 15:59:20,466 - INFO - 股票 603061: 关闭弹窗
2026-02-09 15:59:20,523 - INFO - 股票 603160: 关闭弹窗
2026-02-09 15:59:21,496 - INFO - 股票 603063: 关闭弹窗
2026-02-09 15:59:21,498 - INFO - 股票 603061: 关闭弹窗
2026-02-09 15:59:21,552 - INFO - 股票 603160: 关闭弹窗
2026-02-09 15:59:22,548 - INFO - 股票 603063: 切换到B/S点标签页
2026-02-09 15:59:22,548 - INFO - 股票 603061: 切换到B/S点标签页
2026-02-09 15:59:22,595 - INFO - 股票 603160: 切换到B/S点标签页
2026-02-09 15:59:29,719 - INFO - 股票 603061: 点击全屏查看按钮(CSS)
2026-02-09 15:59:29,724 - INFO - 股票 603063: 点击全屏查看按钮(CSS)
2026-02-09 15:59:29,754 - INFO - 股票 603160: 点击全屏查看按钮(CSS)
2026-02-09 15:59:31,797 - INFO - 股票 603063: 截图已保存为: /Users/chenyiyun/PycharmProjects/Chenyiyun2087/Sina/bs_detection/SinaAppBS/config_1/20260209/603063_20260209.png
2026-02-09 15:59:31,818 - INFO - 股票 603061: 截图已保存为: /Users/chenyiyun/PycharmProjects/Chenyiyun2087/Sina/bs_detection/SinaAppBS/config_1/20260209/603061_20260209.png
2026-02-09 15:59:31,869 - INFO - 股票 603160: 截图已保存为: /Users/chenyiyun/PycharmProjects/Chenyiyun2087/Sina/bs_detection/SinaAppBS/config_1/20260209/603160_20260209.png
2026-02-09 15:59:31,886 - INFO - 股票 603063 处理成功: /Users/chenyiyun/PycharmProjects/Chenyiyun2087/Sina/bs_detection/SinaAppBS/config_1/20260209/603063_20260209.png
2026-02-09 15:59:31,904 - INFO - 股票 603061 处理成功: /Users/chenyiyun/PycharmProjects/Chenyiyun2087/Sina/bs_detection/SinaAppBS/config_1/20260209/603061_20260209.png
2026-02-09 15:59:31,952 - INFO - 股票 603160 处理成功: /Users/chenyiyun/PycharmProjects/Chenyiyun2087/Sina/bs_detection/SinaAppBS/config_1/20260209/603160_20260209.png
2026-02-09 15:59:33,581 - INFO - 访问股票 603197 行情页面
2026-02-09 15:59:34,000 - INFO - 访问股票 603168 行情页面
2026-02-09 15:59:34,379 - INFO - 访问股票 603188 行情页面
2026-02-09 15:59:36,611 - INFO - 股票 603168: 关闭弹窗
2026-02-09 15:59:36,704 - INFO - 股票 603197: 关闭弹窗
2026-02-09 15:59:37,003 - INFO - 股票 603188: 关闭弹窗
2026-02-09 15:59:37,650 - INFO - 股票 603168: 关闭弹窗
2026-02-09 15:59:37,738 - INFO - 股票 603197: 关闭弹窗
2026-02-09 15:59:38,037 - INFO - 股票 603188: 关闭弹窗
2026-02-09 15:59:38,689 - INFO - 股票 603168: 切换到B/S点标签页
2026-02-09 15:59:38,777 - INFO - 股票 603197: 切换到B/S点标签页
2026-02-09 15:59:39,078 - INFO - 股票 603188: 切换到B/S点标签页
2026-02-09 15:59:45,874 - INFO - 股票 603168: 点击全屏查看按钮(CSS)
2026-02-09 15:59:45,932 - INFO - 股票 603197: 点击全屏查看按钮(CSS)
2026-02-09 15:59:46,243 - INFO - 股票 603188: 点击全屏查看按钮(CSS)
2026-02-09 15:59:47,979 - INFO - 股票 603168: 截图已保存为: /Users/chenyiyun/PycharmProjects/Chenyiyun2087/Sina/bs_detection/SinaAppBS/config_1/20260209/603168_20260209.png
2026-02-09 15:59:48,010 - INFO - 股票 603197: 截图已保存为: /Users/chenyiyun/PycharmProjects/Chenyiyun2087/Sina/bs_detection/SinaAppBS/config_1/20260209/603197_20260209.png
2026-02-09 15:59:48,062 - INFO - 股票 603168 处理成功: /Users/chenyiyun/PycharmProjects/Chenyiyun2087/Sina/bs_detection/SinaAppBS/config_1/20260209/603168_20260209.png
2026-02-09 15:59:48,091 - INFO - 股票 603197 处理成功: /Users/chenyiyun/PycharmProjects/Chenyiyun2087/Sina/bs_detection/SinaAppBS/config_1/20260209/603197_20260209.png
2026-02-09 15:59:48,344 - INFO - 股票 603188: 截图已保存为: /Users/chenyiyun/PycharmProjects/Chenyiyun2087/Sina/bs_detection/SinaAppBS/config_1/20260209/603188_20260209.png
2026-02-09 15:59:48,456 - INFO - 股票 603188 处理成功: /Users/chenyiyun/PycharmProjects/Chenyiyun2087/Sina/bs_detection/SinaAppBS/config_1/20260209/603188_20260209.png
2026-02-09 15:59:48,905 - INFO - 访问股票 603239 行情页面
2026-02-09 15:59:48,944 - INFO - 访问股票 603259 行情页面
2026-02-09 15:59:49,812 - INFO - 访问股票 603260 行情页面
2026-02-09 15:59:51,544 - INFO - 股票 603259: 关闭弹窗
2026-02-09 15:59:52,579 - INFO - 股票 603259: 关闭弹窗
2026-02-09 15:59:53,011 - INFO - 股票 603239: 关闭弹窗
2026-02-09 15:59:53,431 - INFO - 股票 603260: 关闭弹窗
2026-02-09 15:59:53,616 - INFO - 股票 603259: 切换到B/S点标签页
2026-02-09 15:59:54,043 - INFO - 股票 603239: 关闭弹窗
2026-02-09 15:59:54,470 - INFO - 股票 603260: 关闭弹窗
2026-02-09 15:59:55,086 - INFO - 股票 603239: 切换到B/S点标签页
2026-02-09 15:59:55,512 - INFO - 股票 603260: 切换到B/S点标签页
2026-02-09 16:00:00,776 - INFO - 股票 603259: 点击全屏查看按钮(CSS)
2026-02-09 16:00:02,291 - INFO - 股票 603239: 点击全屏查看按钮(CSS)
2026-02-09 16:00:02,661 - INFO - 股票 603260: 点击全屏查看按钮(CSS)
2026-02-09 16:00:02,858 - INFO - 股票 603259: 截图已保存为: /Users/chenyiyun/PycharmProjects/Chenyiyun2087/Sina/bs_detection/SinaAppBS/config_1/20260209/603259_20260209.png
2026-02-09 16:00:02,943 - INFO - 股票 603259 处理成功: /Users/chenyiyun/PycharmProjects/Chenyiyun2087/Sina/bs_detection/SinaAppBS/config_1/20260209/603259_20260209.png
2026-02-09 16:00:04,379 - INFO - 股票 603239: 截图已保存为: /Users/chenyiyun/PycharmProjects/Chenyiyun2087/Sina/bs_detection/SinaAppBS/config_1/20260209/603239_20260209.png
2026-02-09 16:00:04,429 - INFO - 访问股票 603307 行情页面
2026-02-09 16:00:04,474 - INFO - 股票 603239 处理成功: /Users/chenyiyun/PycharmProjects/Chenyiyun2087/Sina/bs_detection/SinaAppBS/config_1/20260209/603239_20260209.png
2026-02-09 16:00:04,738 - INFO - 股票 603260: 截图已保存为: /Users/chenyiyun/PycharmProjects/Chenyiyun2087/Sina/bs_detection/SinaAppBS/config_1/20260209/603260_20260209.png
2026-02-09 16:00:04,824 - INFO - 股票 603260 处理成功: /Users/chenyiyun/PycharmProjects/Chenyiyun2087/Sina/bs_detection/SinaAppBS/config_1/20260209/603260_20260209.png
2026-02-09 16:00:05,786 - INFO - 访问股票 603316 行情页面
2026-02-09 16:00:07,053 - INFO - 股票 603307: 关闭弹窗
2026-02-09 16:00:07,716 - INFO - 访问股票 603456 行情页面
2026-02-09 16:00:08,080 - INFO - 股票 603307: 关闭弹窗
2026-02-09 16:00:08,912 - INFO - 股票 603316: 关闭弹窗
2026-02-09 16:00:09,121 - INFO - 股票 603307: 切换到B/S点标签页
2026-02-09 16:00:09,945 - INFO - 股票 603316: 关闭弹窗
2026-02-09 16:00:10,826 - INFO - 股票 603456: 关闭弹窗
2026-02-09 16:00:10,987 - INFO - 股票 603316: 切换到B/S点标签页
2026-02-09 16:00:11,863 - INFO - 股票 603456: 关闭弹窗
2026-02-09 16:00:12,911 - INFO - 股票 603456: 切换到B/S点标签页
2026-02-09 16:00:16,273 - INFO - 股票 603307: 点击全屏查看按钮(CSS)
2026-02-09 16:00:18,140 - INFO - 股票 603316: 点击全屏查看按钮(CSS)
2026-02-09 16:00:18,371 - INFO - 股票 603307: 截图已保存为: /Users/chenyiyun/PycharmProjects/Chenyiyun2087/Sina/bs_detection/SinaAppBS/config_1/20260209/603307_20260209.png
2026-02-09 16:00:18,456 - INFO - 股票 603307 处理成功: /Users/chenyiyun/PycharmProjects/Chenyiyun2087/Sina/bs_detection/SinaAppBS/config_1/20260209/603307_20260209.png
2026-02-09 16:00:20,071 - INFO - 股票 603456: 点击全屏查看按钮(CSS)
2026-02-09 16:00:20,209 - INFO - 股票 603316: 截图已保存为: /Users/chenyiyun/PycharmProjects/Chenyiyun2087/Sina/bs_detection/SinaAppBS/config_1/20260209/603316_20260209.png
2026-02-09 16:00:20,293 - INFO - 股票 603316 处理成功: /Users/chenyiyun/PycharmProjects/Chenyiyun2087/Sina/bs_detection/SinaAppBS/config_1/20260209/603316_20260209.png
2026-02-09 16:00:22,152 - INFO - 股票 603456: 截图已保存为: /Users/chenyiyun/PycharmProjects/Chenyiyun2087/Sina/bs_detection/SinaAppBS/config_1/20260209/603456_20260209.png
2026-02-09 16:00:22,268 - INFO - 股票 603456 处理成功: /Users/chenyiyun/PycharmProjects/Chenyiyun2087/Sina/bs_detection/SinaAppBS/config_1/20260209/603456_20260209.png
2026-02-09 16:00:24,429 - INFO - 访问股票 603477 行情页面
2026-02-09 16:00:24,751 - INFO - 访问股票 603601 行情页面
2026-02-09 16:00:24,850 - INFO - 访问股票 603602 行情页面
2026-02-09 16:00:26,527 - INFO - 股票 603477: 关闭弹窗
2026-02-09 16:00:26,917 - INFO - 股票 603601: 关闭弹窗
2026-02-09 16:00:26,958 - INFO - 股票 603602: 关闭弹窗
2026-02-09 16:00:27,559 - INFO - 股票 603477: 关闭弹窗
2026-02-09 16:00:27,947 - INFO - 股票 603601: 关闭弹窗
2026-02-09 16:00:27,984 - INFO - 股票 603602: 关闭弹窗
2026-02-09 16:00:28,603 - INFO - 股票 603477: 切换到B/S点标签页
2026-02-09 16:00:28,984 - INFO - 股票 603601: 切换到B/S点标签页
2026-02-09 16:00:29,030 - INFO - 股票 603602: 切换到B/S点标签页
2026-02-09 16:00:35,781 - INFO - 股票 603477: 点击全屏查看按钮(CSS)
2026-02-09 16:00:36,151 - INFO - 股票 603601: 点击全屏查看按钮(CSS)
2026-02-09 16:00:36,207 - INFO - 股票 603602: 点击全屏查看按钮(CSS)
2026-02-09 16:00:37,886 - INFO - 股票 603477: 截图已保存为: /Users/chenyiyun/PycharmProjects/Chenyiyun2087/Sina/bs_detection/SinaAppBS/config_1/20260209/603477_20260209.png
2026-02-09 16:00:37,971 - INFO - 股票 603477 处理成功: /Users/chenyiyun/PycharmProjects/Chenyiyun2087/Sina/bs_detection/SinaAppBS/config_1/20260209/603477_20260209.png
2026-02-09 16:00:38,242 - INFO - 股票 603601: 截图已保存为: /Users/chenyiyun/PycharmProjects/Chenyiyun2087/Sina/bs_detection/SinaAppBS/config_1/20260209/603601_20260209.png
2026-02-09 16:00:38,280 - INFO - 股票 603602: 截图已保存为: /Users/chenyiyun/PycharmProjects/Chenyiyun2087/Sina/bs_detection/SinaAppBS/config_1/20260209/603602_20260209.png
2026-02-09 16:00:38,325 - INFO - 股票 603601 处理成功: /Users/chenyiyun/PycharmProjects/Chenyiyun2087/Sina/bs_detection/SinaAppBS/config_1/20260209/603601_20260209.png
2026-02-09 16:00:38,362 - INFO - 股票 603602 处理成功: /Users/chenyiyun/PycharmProjects/Chenyiyun2087/Sina/bs_detection/SinaAppBS/config_1/20260209/603602_20260209.png
2026-02-09 16:00:39,424 - INFO - 访问股票 603661 行情页面
2026-02-09 16:00:40,354 - INFO - 访问股票 603706 行情页面
2026-02-09 16:00:41,449 - INFO - 访问股票 603667 行情页面
2026-02-09 16:00:42,049 - INFO - 股票 603661: 关闭弹窗
2026-02-09 16:00:42,974 - INFO - 股票 603706: 关闭弹窗
2026-02-09 16:00:43,078 - INFO - 股票 603661: 关闭弹窗
2026-02-09 16:00:43,547 - INFO - 股票 603667: 关闭弹窗
2026-02-09 16:00:44,013 - INFO - 股票 603706: 关闭弹窗
2026-02-09 16:00:44,121 - INFO - 股票 603661: 切换到B/S点标签页
2026-02-09 16:00:44,576 - INFO - 股票 603667: 关闭弹窗
2026-02-09 16:00:45,062 - INFO - 股票 603706: 切换到B/S点标签页
2026-02-09 16:00:45,620 - INFO - 股票 603667: 切换到B/S点标签页
2026-02-09 16:00:51,281 - INFO - 股票 603661: 点击全屏查看按钮(CSS)
2026-02-09 16:00:52,265 - INFO - 股票 603706: 点击全屏查看按钮(CSS)
2026-02-09 16:00:52,787 - INFO - 股票 603667: 点击全屏查看按钮(CSS)
2026-02-09 16:00:53,407 - INFO - 股票 603661: 截图已保存为: /Users/chenyiyun/PycharmProjects/Chenyiyun2087/Sina/bs_detection/SinaAppBS/config_1/20260209/603661_20260209.png
2026-02-09 16:00:53,495 - INFO - 股票 603661 处理成功: /Users/chenyiyun/PycharmProjects/Chenyiyun2087/Sina/bs_detection/SinaAppBS/config_1/20260209/603661_20260209.png
2026-02-09 16:00:54,362 - INFO - 股票 603706: 截图已保存为: /Users/chenyiyun/PycharmProjects/Chenyiyun2087/Sina/bs_detection/SinaAppBS/config_1/20260209/603706_20260209.png
2026-02-09 16:00:54,453 - INFO - 股票 603706 处理成功: /Users/chenyiyun/PycharmProjects/Chenyiyun2087/Sina/bs_detection/SinaAppBS/config_1/20260209/603706_20260209.png
2026-02-09 16:00:54,848 - INFO - 访问股票 603717 行情页面
2026-02-09 16:00:54,877 - INFO - 股票 603667: 截图已保存为: /Users/chenyiyun/PycharmProjects/Chenyiyun2087/Sina/bs_detection/SinaAppBS/config_1/20260209/603667_20260209.png
2026-02-09 16:00:54,978 - INFO - 股票 603667 处理成功: /Users/chenyiyun/PycharmProjects/Chenyiyun2087/Sina/bs_detection/SinaAppBS/config_1/20260209/603667_20260209.png
2026-02-09 16:00:55,922 - INFO - 访问股票 603790 行情页面
2026-02-09 16:00:56,615 - INFO - 访问股票 603799 行情页面
2026-02-09 16:00:57,953 - INFO - 股票 603717: 关闭弹窗
2026-02-09 16:00:58,517 - INFO - 股票 603790: 关闭弹窗
2026-02-09 16:00:58,984 - INFO - 股票 603717: 关闭弹窗
2026-02-09 16:00:59,547 - INFO - 股票 603790: 关闭弹窗
2026-02-09 16:01:00,027 - INFO - 股票 603717: 切换到B/S点标签页
2026-02-09 16:01:00,251 - INFO - 股票 603799: 关闭弹窗
2026-02-09 16:01:00,584 - INFO - 股票 603790: 切换到B/S点标签页
2026-02-09 16:01:01,286 - INFO - 股票 603799: 关闭弹窗
2026-02-09 16:01:02,345 - INFO - 股票 603799: 切换到B/S点标签页
2026-02-09 16:01:07,330 - INFO - 股票 603717: 点击全屏查看按钮(CSS)
2026-02-09 16:01:07,765 - INFO - 股票 603790: 点击全屏查看按钮(CSS)
2026-02-09 16:01:09,386 - INFO - 股票 603717: 截图已保存为: /Users/chenyiyun/PycharmProjects/Chenyiyun2087/Sina/bs_detection/SinaAppBS/config_1/20260209/603717_20260209.png
2026-02-09 16:01:09,475 - INFO - 股票 603717 处理成功: /Users/chenyiyun/PycharmProjects/Chenyiyun2087/Sina/bs_detection/SinaAppBS/config_1/20260209/603717_20260209.png
2026-02-09 16:01:09,486 - INFO - 股票 603799: 点击全屏查看按钮(CSS)
2026-02-09 16:01:09,854 - INFO - 股票 603790: 截图已保存为: /Users/chenyiyun/PycharmProjects/Chenyiyun2087/Sina/bs_detection/SinaAppBS/config_1/20260209/603790_20260209.png
2026-02-09 16:01:09,935 - INFO - 股票 603790 处理成功: /Users/chenyiyun/PycharmProjects/Chenyiyun2087/Sina/bs_detection/SinaAppBS/config_1/20260209/603790_20260209.png
2026-02-09 16:01:10,368 - INFO - 访问股票 603810 行情页面
2026-02-09 16:01:11,576 - INFO - 股票 603799: 截图已保存为: /Users/chenyiyun/PycharmProjects/Chenyiyun2087/Sina/bs_detection/SinaAppBS/config_1/20260209/603799_20260209.png
2026-02-09 16:01:11,682 - INFO - 股票 603799 处理成功: /Users/chenyiyun/PycharmProjects/Chenyiyun2087/Sina/bs_detection/SinaAppBS/config_1/20260209/603799_20260209.png
2026-02-09 16:01:12,266 - INFO - 访问股票 603816 行情页面
2026-02-09 16:01:12,477 - INFO - 访问股票 603880 行情页面
2026-02-09 16:01:13,990 - INFO - 股票 603810: 关闭弹窗
2026-02-09 16:01:14,894 - INFO - 股票 603816: 关闭弹窗
2026-02-09 16:01:15,018 - INFO - 股票 603810: 关闭弹窗
2026-02-09 16:01:15,922 - INFO - 股票 603816: 关闭弹窗
2026-02-09 16:01:16,059 - INFO - 股票 603810: 切换到B/S点标签页
2026-02-09 16:01:16,111 - INFO - 股票 603880: 关闭弹窗
2026-02-09 16:01:16,959 - INFO - 股票 603816: 切换到B/S点标签页
2026-02-09 16:01:17,139 - INFO - 股票 603880: 关闭弹窗
2026-02-09 16:01:18,184 - INFO - 股票 603880: 切换到B/S点标签页
2026-02-09 16:01:23,217 - INFO - 股票 603810: 点击全屏查看按钮(CSS)
2026-02-09 16:01:24,115 - INFO - 股票 603816: 点击全屏查看按钮(CSS)
2026-02-09 16:01:25,293 - INFO - 股票 603810: 截图已保存为: /Users/chenyiyun/PycharmProjects/Chenyiyun2087/Sina/bs_detection/SinaAppBS/config_1/20260209/603810_20260209.png
2026-02-09 16:01:25,340 - INFO - 股票 603880: 点击全屏查看按钮(CSS)
2026-02-09 16:01:25,374 - INFO - 股票 603810 处理成功: /Users/chenyiyun/PycharmProjects/Chenyiyun2087/Sina/bs_detection/SinaAppBS/config_1/20260209/603810_20260209.png
2026-02-09 16:01:26,207 - INFO - 股票 603816: 截图已保存为: /Users/chenyiyun/PycharmProjects/Chenyiyun2087/Sina/bs_detection/SinaAppBS/config_1/20260209/603816_20260209.png
2026-02-09 16:01:26,299 - INFO - 股票 603816 处理成功: /Users/chenyiyun/PycharmProjects/Chenyiyun2087/Sina/bs_detection/SinaAppBS/config_1/20260209/603816_20260209.png
2026-02-09 16:01:27,417 - INFO - 股票 603880: 截图已保存为: /Users/chenyiyun/PycharmProjects/Chenyiyun2087/Sina/bs_detection/SinaAppBS/config_1/20260209/603880_20260209.png
2026-02-09 16:01:27,501 - INFO - 股票 603880 处理成功: /Users/chenyiyun/PycharmProjects/Chenyiyun2087/Sina/bs_detection/SinaAppBS/config_1/20260209/603880_20260209.png
2026-02-09 16:01:29,930 - INFO - 访问股票 603888 行情页面
2026-02-09 16:01:30,001 - INFO - 访问股票 603885 行情页面
2026-02-09 16:01:30,102 - INFO - 访问股票 603881 行情页面
2026-02-09 16:01:32,044 - INFO - 股票 603888: 关闭弹窗
2026-02-09 16:01:32,117 - INFO - 股票 603885: 关闭弹窗
2026-02-09 16:01:32,214 - INFO - 股票 603881: 关闭弹窗
2026-02-09 16:01:33,085 - INFO - 股票 603888: 关闭弹窗
2026-02-09 16:01:33,148 - INFO - 股票 603885: 关闭弹窗
2026-02-09 16:01:33,245 - INFO - 股票 603881: 关闭弹窗
2026-02-09 16:01:34,132 - INFO - 股票 603888: 切换到B/S点标签页
2026-02-09 16:01:34,188 - INFO - 股票 603885: 切换到B/S点标签页
2026-02-09 16:01:34,289 - INFO - 股票 603881: 切换到B/S点标签页
2026-02-09 16:01:41,311 - INFO - 股票 603888: 点击全屏查看按钮(CSS)
2026-02-09 16:01:41,361 - INFO - 股票 603885: 点击全屏查看按钮(CSS)
2026-02-09 16:01:41,444 - INFO - 股票 603881: 点击全屏查看按钮(CSS)
2026-02-09 16:01:43,391 - INFO - 股票 603888: 截图已保存为: /Users/chenyiyun/PycharmProjects/Chenyiyun2087/Sina/bs_detection/SinaAppBS/config_1/20260209/603888_20260209.png
2026-02-09 16:01:43,430 - INFO - 股票 603885: 截图已保存为: /Users/chenyiyun/PycharmProjects/Chenyiyun2087/Sina/bs_detection/SinaAppBS/config_1/20260209/603885_20260209.png
2026-02-09 16:01:43,475 - INFO - 股票 603888 处理成功: /Users/chenyiyun/PycharmProjects/Chenyiyun2087/Sina/bs_detection/SinaAppBS/config_1/20260209/603888_20260209.png
2026-02-09 16:01:43,511 - INFO - 股票 603885 处理成功: /Users/chenyiyun/PycharmProjects/Chenyiyun2087/Sina/bs_detection/SinaAppBS/config_1/20260209/603885_20260209.png
2026-02-09 16:01:43,542 - INFO - 股票 603881: 截图已保存为: /Users/chenyiyun/PycharmProjects/Chenyiyun2087/Sina/bs_detection/SinaAppBS/config_1/20260209/603881_20260209.png
2026-02-09 16:01:43,628 - INFO - 股票 603881 处理成功: /Users/chenyiyun/PycharmProjects/Chenyiyun2087/Sina/bs_detection/SinaAppBS/config_1/20260209/603881_20260209.png
2026-02-09 16:01:44,673 - INFO - 访问股票 603893 行情页面
2026-02-09 16:01:45,974 - INFO - 访问股票 603969 行情页面
2026-02-09 16:01:46,716 - INFO - 访问股票 603949 行情页面
2026-02-09 16:01:47,278 - INFO - 股票 603893: 关闭弹窗
2026-02-09 16:01:48,305 - INFO - 股票 603893: 关闭弹窗
2026-02-09 16:01:49,343 - INFO - 股票 603949: 关闭弹窗
2026-02-09 16:01:49,352 - INFO - 股票 603893: 切换到B/S点标签页
2026-02-09 16:01:50,095 - INFO - 股票 603969: 关闭弹窗
2026-02-09 16:01:50,376 - INFO - 股票 603949: 关闭弹窗
2026-02-09 16:01:51,134 - INFO - 股票 603969: 关闭弹窗
2026-02-09 16:01:51,418 - INFO - 股票 603949: 切换到B/S点标签页
2026-02-09 16:01:52,182 - INFO - 股票 603969: 切换到B/S点标签页
2026-02-09 16:01:56,531 - INFO - 股票 603893: 点击全屏查看按钮(CSS)
2026-02-09 16:01:58,586 - INFO - 股票 603949: 点击全屏查看按钮(CSS)
2026-02-09 16:01:58,611 - INFO - 股票 603893: 截图已保存为: /Users/chenyiyun/PycharmProjects/Chenyiyun2087/Sina/bs_detection/SinaAppBS/config_1/20260209/603893_20260209.png
2026-02-09 16:01:58,695 - INFO - 股票 603893 处理成功: /Users/chenyiyun/PycharmProjects/Chenyiyun2087/Sina/bs_detection/SinaAppBS/config_1/20260209/603893_20260209.png
2026-02-09 16:01:59,361 - INFO - 股票 603969: 点击全屏查看按钮(CSS)
2026-02-09 16:01:59,968 - INFO - 访问股票 603976 行情页面
2026-02-09 16:02:00,697 - INFO - 股票 603949: 截图已保存为: /Users/chenyiyun/PycharmProjects/Chenyiyun2087/Sina/bs_detection/SinaAppBS/config_1/20260209/603949_20260209.png
2026-02-09 16:02:00,783 - INFO - 股票 603949 处理成功: /Users/chenyiyun/PycharmProjects/Chenyiyun2087/Sina/bs_detection/SinaAppBS/config_1/20260209/603949_20260209.png
2026-02-09 16:02:01,462 - INFO - 股票 603969: 截图已保存为: /Users/chenyiyun/PycharmProjects/Chenyiyun2087/Sina/bs_detection/SinaAppBS/config_1/20260209/603969_20260209.png
2026-02-09 16:02:01,549 - INFO - 股票 603969 处理成功: /Users/chenyiyun/PycharmProjects/Chenyiyun2087/Sina/bs_detection/SinaAppBS/config_1/20260209/603969_20260209.png
2026-02-09 16:02:02,062 - INFO - 股票 603976: 关闭弹窗
2026-02-09 16:02:02,244 - INFO - 访问股票 605001 行情页面
2026-02-09 16:02:02,644 - INFO - 访问股票 603989 行情页面
2026-02-09 16:02:03,089 - INFO - 股票 603976: 关闭弹窗
2026-02-09 16:02:04,131 - INFO - 股票 603976: 切换到B/S点标签页
2026-02-09 16:02:04,894 - INFO - 股票 605001: 关闭弹窗
2026-02-09 16:02:05,232 - INFO - 股票 603989: 关闭弹窗
2026-02-09 16:02:05,930 - INFO - 股票 605001: 关闭弹窗
2026-02-09 16:02:06,267 - INFO - 股票 603989: 关闭弹窗
2026-02-09 16:02:06,981 - INFO - 股票 605001: 切换到B/S点标签页
2026-02-09 16:02:07,302 - INFO - 股票 603989: 切换到B/S点标签页
2026-02-09 16:02:11,317 - INFO - 股票 603976: 点击全屏查看按钮(CSS)
2026-02-09 16:02:13,410 - INFO - 股票 603976: 截图已保存为: /Users/chenyiyun/PycharmProjects/Chenyiyun2087/Sina/bs_detection/SinaAppBS/config_1/20260209/603976_20260209.png
2026-02-09 16:02:13,498 - INFO - 股票 603976 处理成功: /Users/chenyiyun/PycharmProjects/Chenyiyun2087/Sina/bs_detection/SinaAppBS/config_1/20260209/603976_20260209.png
2026-02-09 16:02:14,167 - INFO - 股票 605001: 点击全屏查看按钮(CSS)
2026-02-09 16:02:14,470 - INFO - 股票 603989: 点击全屏查看按钮(CSS)
2026-02-09 16:02:14,889 - INFO - 访问股票 605008 行情页面
2026-02-09 16:02:16,238 - INFO - 股票 605001: 截图已保存为: /Users/chenyiyun/PycharmProjects/Chenyiyun2087/Sina/bs_detection/SinaAppBS/config_1/20260209/605001_20260209.png
2026-02-09 16:02:16,320 - INFO - 股票 605001 处理成功: /Users/chenyiyun/PycharmProjects/Chenyiyun2087/Sina/bs_detection/SinaAppBS/config_1/20260209/605001_20260209.png
2026-02-09 16:02:16,547 - INFO - 股票 603989: 截图已保存为: /Users/chenyiyun/PycharmProjects/Chenyiyun2087/Sina/bs_detection/SinaAppBS/config_1/20260209/603989_20260209.png
2026-02-09 16:02:16,633 - INFO - 股票 603989 处理成功: /Users/chenyiyun/PycharmProjects/Chenyiyun2087/Sina/bs_detection/SinaAppBS/config_1/20260209/603989_20260209.png
2026-02-09 16:02:18,083 - INFO - 访问股票 605117 行情页面
2026-02-09 16:02:18,519 - INFO - 股票 605008: 关闭弹窗
2026-02-09 16:02:18,580 - INFO - 访问股票 605177 行情页面
2026-02-09 16:02:19,550 - INFO - 股票 605008: 关闭弹窗
2026-02-09 16:02:20,593 - INFO - 股票 605008: 切换到B/S点标签页
2026-02-09 16:02:20,684 - INFO - 股票 605117: 关闭弹窗
2026-02-09 16:02:21,718 - INFO - 股票 605117: 关闭弹窗
2026-02-09 16:02:22,711 - INFO - 股票 605177: 关闭弹窗
2026-02-09 16:02:22,752 - INFO - 股票 605117: 切换到B/S点标签页
2026-02-09 16:02:23,747 - INFO - 股票 605177: 关闭弹窗
2026-02-09 16:02:24,793 - INFO - 股票 605177: 切换到B/S点标签页
2026-02-09 16:02:27,765 - INFO - 股票 605008: 点击全屏查看按钮(CSS)
2026-02-09 16:02:29,835 - INFO - 股票 605008: 截图已保存为: /Users/chenyiyun/PycharmProjects/Chenyiyun2087/Sina/bs_detection/SinaAppBS/config_1/20260209/605008_20260209.png
2026-02-09 16:02:29,912 - INFO - 股票 605117: 点击全屏查看按钮(CSS)
2026-02-09 16:02:29,924 - INFO - 股票 605008 处理成功: /Users/chenyiyun/PycharmProjects/Chenyiyun2087/Sina/bs_detection/SinaAppBS/config_1/20260209/605008_20260209.png
2026-02-09 16:02:31,964 - INFO - 股票 605177: 点击全屏查看按钮(CSS)
2026-02-09 16:02:31,994 - INFO - 股票 605117: 截图已保存为: /Users/chenyiyun/PycharmProjects/Chenyiyun2087/Sina/bs_detection/SinaAppBS/config_1/20260209/605117_20260209.png
2026-02-09 16:02:32,076 - INFO - 股票 605117 处理成功: /Users/chenyiyun/PycharmProjects/Chenyiyun2087/Sina/bs_detection/SinaAppBS/config_1/20260209/605117_20260209.png
2026-02-09 16:02:34,066 - INFO - 股票 605177: 截图已保存为: /Users/chenyiyun/PycharmProjects/Chenyiyun2087/Sina/bs_detection/SinaAppBS/config_1/20260209/605177_20260209.png
2026-02-09 16:02:34,150 - INFO - 股票 605177 处理成功: /Users/chenyiyun/PycharmProjects/Chenyiyun2087/Sina/bs_detection/SinaAppBS/config_1/20260209/605177_20260209.png
2026-02-09 16:02:35,161 - INFO - 访问股票 688005 行情页面
2026-02-09 16:02:35,246 - INFO - 访问股票 688017 行情页面
2026-02-09 16:02:35,309 - INFO - 访问股票 688063 行情页面
2026-02-09 16:02:37,294 - INFO - 股票 688005: 关闭弹窗
2026-02-09 16:02:37,361 - INFO - 股票 688017: 关闭弹窗
2026-02-09 16:02:37,933 - INFO - 股票 688063: 关闭弹窗
2026-02-09 16:02:38,328 - INFO - 股票 688005: 关闭弹窗
2026-02-09 16:02:38,391 - INFO - 股票 688017: 关闭弹窗
2026-02-09 16:02:38,969 - INFO - 股票 688063: 关闭弹窗
2026-02-09 16:02:39,384 - INFO - 股票 688005: 切换到B/S点标签页
2026-02-09 16:02:39,431 - INFO - 股票 688017: 切换到B/S点标签页
2026-02-09 16:02:40,012 - INFO - 股票 688063: 切换到B/S点标签页
2026-02-09 16:02:46,566 - INFO - 股票 688005: 点击全屏查看按钮(CSS)
2026-02-09 16:02:46,596 - INFO - 股票 688017: 点击全屏查看按钮(CSS)
2026-02-09 16:02:47,169 - INFO - 股票 688063: 点击全屏查看按钮(CSS)
2026-02-09 16:02:48,685 - INFO - 股票 688017: 截图已保存为: /Users/chenyiyun/PycharmProjects/Chenyiyun2087/Sina/bs_detection/SinaAppBS/config_1/20260209/688017_20260209.png
2026-02-09 16:02:48,690 - INFO - 股票 688005: 截图已保存为: /Users/chenyiyun/PycharmProjects/Chenyiyun2087/Sina/bs_detection/SinaAppBS/config_1/20260209/688005_20260209.png
2026-02-09 16:02:48,774 - INFO - 股票 688017 处理成功: /Users/chenyiyun/PycharmProjects/Chenyiyun2087/Sina/bs_detection/SinaAppBS/config_1/20260209/688017_20260209.png
2026-02-09 16:02:48,779 - INFO - 股票 688005 处理成功: /Users/chenyiyun/PycharmProjects/Chenyiyun2087/Sina/bs_detection/SinaAppBS/config_1/20260209/688005_20260209.png
2026-02-09 16:02:49,291 - INFO - 股票 688063: 截图已保存为: /Users/chenyiyun/PycharmProjects/Chenyiyun2087/Sina/bs_detection/SinaAppBS/config_1/20260209/688063_20260209.png
2026-02-09 16:02:49,381 - INFO - 股票 688063 处理成功: /Users/chenyiyun/PycharmProjects/Chenyiyun2087/Sina/bs_detection/SinaAppBS/config_1/20260209/688063_20260209.png
2026-02-09 16:02:50,130 - INFO - 访问股票 688169 行情页面
2026-02-09 16:02:50,208 - INFO - 访问股票 688070 行情页面
2026-02-09 16:02:50,974 - INFO - 访问股票 688099 行情页面
2026-02-09 16:02:52,715 - INFO - 股票 688169: 关闭弹窗
2026-02-09 16:02:52,895 - INFO - 股票 688070: 关闭弹窗
2026-02-09 16:02:53,744 - INFO - 股票 688169: 关闭弹窗
2026-02-09 16:02:53,925 - INFO - 股票 688070: 关闭弹窗
2026-02-09 16:02:54,085 - INFO - 股票 688099: 关闭弹窗
2026-02-09 16:02:54,794 - INFO - 股票 688169: 切换到B/S点标签页
2026-02-09 16:02:54,967 - INFO - 股票 688070: 切换到B/S点标签页
2026-02-09 16:02:55,114 - INFO - 股票 688099: 关闭弹窗
2026-02-09 16:02:56,162 - INFO - 股票 688099: 切换到B/S点标签页
2026-02-09 16:03:01,965 - INFO - 股票 688169: 点击全屏查看按钮(CSS)
2026-02-09 16:03:02,132 - INFO - 股票 688070: 点击全屏查看按钮(CSS)
2026-02-09 16:03:03,340 - INFO - 股票 688099: 点击全屏查看按钮(CSS)
2026-02-09 16:03:04,059 - INFO - 股票 688169: 截图已保存为: /Users/chenyiyun/PycharmProjects/Chenyiyun2087/Sina/bs_detection/SinaAppBS/config_1/20260209/688169_20260209.png
2026-02-09 16:03:04,146 - INFO - 股票 688169 处理成功: /Users/chenyiyun/PycharmProjects/Chenyiyun2087/Sina/bs_detection/SinaAppBS/config_1/20260209/688169_20260209.png
2026-02-09 16:03:04,210 - INFO - 股票 688070: 截图已保存为: /Users/chenyiyun/PycharmProjects/Chenyiyun2087/Sina/bs_detection/SinaAppBS/config_1/20260209/688070_20260209.png
2026-02-09 16:03:04,296 - INFO - 股票 688070 处理成功: /Users/chenyiyun/PycharmProjects/Chenyiyun2087/Sina/bs_detection/SinaAppBS/config_1/20260209/688070_20260209.png
2026-02-09 16:03:05,445 - INFO - 股票 688099: 截图已保存为: /Users/chenyiyun/PycharmProjects/Chenyiyun2087/Sina/bs_detection/SinaAppBS/config_1/20260209/688099_20260209.png
2026-02-09 16:03:05,567 - INFO - 股票 688099 处理成功: /Users/chenyiyun/PycharmProjects/Chenyiyun2087/Sina/bs_detection/SinaAppBS/config_1/20260209/688099_20260209.png
2026-02-09 16:03:05,732 - INFO - 访问股票 688190 行情页面
2026-02-09 16:03:06,260 - INFO - 访问股票 688231 行情页面
2026-02-09 16:03:06,599 - INFO - 访问股票 688308 行情页面
2026-02-09 16:03:08,326 - INFO - 股票 688190: 关闭弹窗
2026-02-09 16:03:08,902 - INFO - 股票 688231: 关闭弹窗
2026-02-09 16:03:09,218 - INFO - 股票 688308: 关闭弹窗
2026-02-09 16:03:09,355 - INFO - 股票 688190: 关闭弹窗
2026-02-09 16:03:09,931 - INFO - 股票 688231: 关闭弹窗
2026-02-09 16:03:10,256 - INFO - 股票 688308: 关闭弹窗
2026-02-09 16:03:10,395 - INFO - 股票 688190: 切换到B/S点标签页
2026-02-09 16:03:10,975 - INFO - 股票 688231: 切换到B/S点标签页
2026-02-09 16:03:11,294 - INFO - 股票 688308: 切换到B/S点标签页
2026-02-09 16:03:17,581 - INFO - 股票 688190: 点击全屏查看按钮(CSS)
2026-02-09 16:03:18,151 - INFO - 股票 688231: 点击全屏查看按钮(CSS)
2026-02-09 16:03:18,479 - INFO - 股票 688308: 点击全屏查看按钮(CSS)
2026-02-09 16:03:19,659 - INFO - 股票 688190: 截图已保存为: /Users/chenyiyun/PycharmProjects/Chenyiyun2087/Sina/bs_detection/SinaAppBS/config_1/20260209/688190_20260209.png
2026-02-09 16:03:19,746 - INFO - 股票 688190 处理成功: /Users/chenyiyun/PycharmProjects/Chenyiyun2087/Sina/bs_detection/SinaAppBS/config_1/20260209/688190_20260209.png
2026-02-09 16:03:20,276 - INFO - 股票 688231: 截图已保存为: /Users/chenyiyun/PycharmProjects/Chenyiyun2087/Sina/bs_detection/SinaAppBS/config_1/20260209/688231_20260209.png
2026-02-09 16:03:20,360 - INFO - 股票 688231 处理成功: /Users/chenyiyun/PycharmProjects/Chenyiyun2087/Sina/bs_detection/SinaAppBS/config_1/20260209/688231_20260209.png
2026-02-09 16:03:20,603 - INFO - 股票 688308: 截图已保存为: /Users/chenyiyun/PycharmProjects/Chenyiyun2087/Sina/bs_detection/SinaAppBS/config_1/20260209/688308_20260209.png
2026-02-09 16:03:20,710 - INFO - 股票 688308 处理成功: /Users/chenyiyun/PycharmProjects/Chenyiyun2087/Sina/bs_detection/SinaAppBS/config_1/20260209/688308_20260209.png
2026-02-09 16:03:21,191 - INFO - 访问股票 688316 行情页面
2026-02-09 16:03:21,402 - INFO - 访问股票 688400 行情页面
2026-02-09 16:03:22,013 - INFO - 访问股票 688418 行情页面
2026-02-09 16:03:23,804 - INFO - 股票 688316: 关闭弹窗
2026-02-09 16:03:24,033 - INFO - 股票 688400: 关闭弹窗
2026-02-09 16:03:24,831 - INFO - 股票 688316: 关闭弹窗
2026-02-09 16:03:25,063 - INFO - 股票 688400: 关闭弹窗
2026-02-09 16:03:25,154 - INFO - 股票 688418: 关闭弹窗
2026-02-09 16:03:25,875 - INFO - 股票 688316: 切换到B/S点标签页
2026-02-09 16:03:26,111 - INFO - 股票 688400: 切换到B/S点标签页
2026-02-09 16:03:26,177 - INFO - 股票 688418: 关闭弹窗
2026-02-09 16:03:27,224 - INFO - 股票 688418: 切换到B/S点标签页
2026-02-09 16:03:33,054 - INFO - 股票 688316: 点击全屏查看按钮(CSS)
2026-02-09 16:03:33,287 - INFO - 股票 688400: 点击全屏查看按钮(CSS)
2026-02-09 16:03:34,379 - INFO - 股票 688418: 点击全屏查看按钮(CSS)
2026-02-09 16:03:35,152 - INFO - 股票 688316: 截图已保存为: /Users/chenyiyun/PycharmProjects/Chenyiyun2087/Sina/bs_detection/SinaAppBS/config_1/20260209/688316_20260209.png
2026-02-09 16:03:35,236 - INFO - 股票 688316 处理成功: /Users/chenyiyun/PycharmProjects/Chenyiyun2087/Sina/bs_detection/SinaAppBS/config_1/20260209/688316_20260209.png
2026-02-09 16:03:35,383 - INFO - 股票 688400: 截图已保存为: /Users/chenyiyun/PycharmProjects/Chenyiyun2087/Sina/bs_detection/SinaAppBS/config_1/20260209/688400_20260209.png
2026-02-09 16:03:35,478 - INFO - 股票 688400 处理成功: /Users/chenyiyun/PycharmProjects/Chenyiyun2087/Sina/bs_detection/SinaAppBS/config_1/20260209/688400_20260209.png
2026-02-09 16:03:36,467 - INFO - 股票 688418: 截图已保存为: /Users/chenyiyun/PycharmProjects/Chenyiyun2087/Sina/bs_detection/SinaAppBS/config_1/20260209/688418_20260209.png
2026-02-09 16:03:36,554 - INFO - 股票 688418 处理成功: /Users/chenyiyun/PycharmProjects/Chenyiyun2087/Sina/bs_detection/SinaAppBS/config_1/20260209/688418_20260209.png
2026-02-09 16:03:39,991 - INFO - 访问股票 688531 行情页面
2026-02-09 16:03:40,009 - INFO - 访问股票 688567 行情页面
2026-02-09 16:03:40,111 - INFO - 访问股票 688556 行情页面
2026-02-09 16:03:42,101 - INFO - 股票 688531: 关闭弹窗
2026-02-09 16:03:42,116 - INFO - 股票 688567: 关闭弹窗
2026-02-09 16:03:42,225 - INFO - 股票 688556: 关闭弹窗
2026-02-09 16:03:43,134 - INFO - 股票 688531: 关闭弹窗
2026-02-09 16:03:43,150 - INFO - 股票 688567: 关闭弹窗
2026-02-09 16:03:43,259 - INFO - 股票 688556: 关闭弹窗
2026-02-09 16:03:44,185 - INFO - 股票 688531: 切换到B/S点标签页
2026-02-09 16:03:44,192 - INFO - 股票 688567: 切换到B/S点标签页
2026-02-09 16:03:44,295 - INFO - 股票 688556: 切换到B/S点标签页
2026-02-09 16:03:51,364 - INFO - 股票 688531: 点击全屏查看按钮(CSS)
2026-02-09 16:03:51,366 - INFO - 股票 688567: 点击全屏查看按钮(CSS)
2026-02-09 16:03:51,453 - INFO - 股票 688556: 点击全屏查看按钮(CSS)
2026-02-09 16:03:53,441 - INFO - 股票 688567: 截图已保存为: /Users/chenyiyun/PycharmProjects/Chenyiyun2087/Sina/bs_detection/SinaAppBS/config_1/20260209/688567_20260209.png
2026-02-09 16:03:53,450 - INFO - 股票 688531: 截图已保存为: /Users/chenyiyun/PycharmProjects/Chenyiyun2087/Sina/bs_detection/SinaAppBS/config_1/20260209/688531_20260209.png
2026-02-09 16:03:53,516 - INFO - 股票 688556: 截图已保存为: /Users/chenyiyun/PycharmProjects/Chenyiyun2087/Sina/bs_detection/SinaAppBS/config_1/20260209/688556_20260209.png
2026-02-09 16:03:53,536 - INFO - 股票 688567 处理成功: /Users/chenyiyun/PycharmProjects/Chenyiyun2087/Sina/bs_detection/SinaAppBS/config_1/20260209/688567_20260209.png
2026-02-09 16:03:53,545 - INFO - 股票 688531 处理成功: /Users/chenyiyun/PycharmProjects/Chenyiyun2087/Sina/bs_detection/SinaAppBS/config_1/20260209/688531_20260209.png
2026-02-09 16:03:53,600 - INFO - 股票 688556 处理成功: /Users/chenyiyun/PycharmProjects/Chenyiyun2087/Sina/bs_detection/SinaAppBS/config_1/20260209/688556_20260209.png
2026-02-09 16:03:54,861 - INFO - 访问股票 688660 行情页面
2026-02-09 16:03:54,976 - INFO - 访问股票 689009 行情页面
2026-02-09 16:03:55,721 - INFO - 访问股票 688721 行情页面
2026-02-09 16:03:57,508 - INFO - 股票 688660: 关闭弹窗
2026-02-09 16:03:58,331 - INFO - 股票 688721: 关闭弹窗
2026-02-09 16:03:58,539 - INFO - 股票 688660: 关闭弹窗
2026-02-09 16:03:58,614 - INFO - 股票 689009: 关闭弹窗
2026-02-09 16:03:59,369 - INFO - 股票 688721: 关闭弹窗
2026-02-09 16:03:59,583 - INFO - 股票 688660: 切换到B/S点标签页
2026-02-09 16:03:59,642 - INFO - 股票 689009: 关闭弹窗
2026-02-09 16:04:00,424 - INFO - 股票 688721: 切换到B/S点标签页
2026-02-09 16:04:00,684 - INFO - 股票 689009: 切换到B/S点标签页
2026-02-09 16:04:06,753 - INFO - 股票 688660: 点击全屏查看按钮(CSS)
2026-02-09 16:04:07,596 - INFO - 股票 688721: 点击全屏查看按钮(CSS)
2026-02-09 16:04:07,842 - INFO - 股票 689009: 点击全屏查看按钮(CSS)
2026-02-09 16:04:08,873 - INFO - 股票 688660: 截图已保存为: /Users/chenyiyun/PycharmProjects/Chenyiyun2087/Sina/bs_detection/SinaAppBS/config_1/20260209/688660_20260209.png
2026-02-09 16:04:08,959 - INFO - 股票 688660 处理成功: /Users/chenyiyun/PycharmProjects/Chenyiyun2087/Sina/bs_detection/SinaAppBS/config_1/20260209/688660_20260209.png
2026-02-09 16:04:09,699 - INFO - 股票 688721: 截图已保存为: /Users/chenyiyun/PycharmProjects/Chenyiyun2087/Sina/bs_detection/SinaAppBS/config_1/20260209/688721_20260209.png
2026-02-09 16:04:09,784 - INFO - 股票 688721 处理成功: /Users/chenyiyun/PycharmProjects/Chenyiyun2087/Sina/bs_detection/SinaAppBS/config_1/20260209/688721_20260209.png
2026-02-09 16:04:09,935 - INFO - 股票 689009: 截图已保存为: /Users/chenyiyun/PycharmProjects/Chenyiyun2087/Sina/bs_detection/SinaAppBS/config_1/20260209/689009_20260209.png
2026-02-09 16:04:10,041 - INFO - 股票 689009 处理成功: /Users/chenyiyun/PycharmProjects/Chenyiyun2087/Sina/bs_detection/SinaAppBS/config_1/20260209/689009_20260209.png
2026-02-09 16:04:10,607 - INFO - 访问股票 000009 行情页面
2026-02-09 16:04:10,623 - INFO - 访问股票 900925 行情页面
2026-02-09 16:04:11,238 - INFO - 访问股票 000011 行情页面
2026-02-09 16:04:12,704 - INFO - 股票 900925: 关闭弹窗
2026-02-09 16:04:13,211 - INFO - 股票 000009: 关闭弹窗
2026-02-09 16:04:13,367 - INFO - 股票 000011: 关闭弹窗
2026-02-09 16:04:13,737 - INFO - 股票 900925: 关闭弹窗
2026-02-09 16:04:14,245 - INFO - 股票 000009: 关闭弹窗
2026-02-09 16:04:14,400 - INFO - 股票 000011: 关闭弹窗
2026-02-09 16:04:14,784 - INFO - 股票 900925: 切换到B/S点标签页
2026-02-09 16:04:15,277 - INFO - 股票 000009: 切换到B/S点标签页
2026-02-09 16:04:15,437 - INFO - 股票 000011: 切换到B/S点标签页
2026-02-09 16:04:21,952 - INFO - 股票 900925: 点击全屏查看按钮(CSS)
2026-02-09 16:04:22,462 - INFO - 股票 000009: 点击全屏查看按钮(CSS)
2026-02-09 16:04:22,587 - INFO - 股票 000011: 点击全屏查看按钮(CSS)
2026-02-09 16:04:24,029 - INFO - 股票 900925: 截图已保存为: /Users/chenyiyun/PycharmProjects/Chenyiyun2087/Sina/bs_detection/SinaAppBS/config_1/20260209/900925_20260209.png
2026-02-09 16:04:24,113 - INFO - 股票 900925 处理成功: /Users/chenyiyun/PycharmProjects/Chenyiyun2087/Sina/bs_detection/SinaAppBS/config_1/20260209/900925_20260209.png
2026-02-09 16:04:24,556 - INFO - 股票 000009: 截图已保存为: /Users/chenyiyun/PycharmProjects/Chenyiyun2087/Sina/bs_detection/SinaAppBS/config_1/20260209/000009_20260209.png
2026-02-09 16:04:24,645 - INFO - 股票 000009 处理成功: /Users/chenyiyun/PycharmProjects/Chenyiyun2087/Sina/bs_detection/SinaAppBS/config_1/20260209/000009_20260209.png
2026-02-09 16:04:24,689 - INFO - 股票 000011: 截图已保存为: /Users/chenyiyun/PycharmProjects/Chenyiyun2087/Sina/bs_detection/SinaAppBS/config_1/20260209/000011_20260209.png
2026-02-09 16:04:24,772 - INFO - 股票 000011 处理成功: /Users/chenyiyun/PycharmProjects/Chenyiyun2087/Sina/bs_detection/SinaAppBS/config_1/20260209/000011_20260209.png
2026-02-09 16:04:25,505 - INFO - 访问股票 000021 行情页面
2026-02-09 16:04:25,620 - INFO - 访问股票 000029 行情页面
2026-02-09 16:04:26,461 - INFO - 访问股票 000025 行情页面
2026-02-09 16:04:28,239 - INFO - 股票 000029: 关闭弹窗
2026-02-09 16:04:29,055 - INFO - 股票 000025: 关闭弹窗
2026-02-09 16:04:29,204 - INFO - 股票 000021: 关闭弹窗
2026-02-09 16:04:29,267 - INFO - 股票 000029: 关闭弹窗
2026-02-09 16:04:30,092 - INFO - 股票 000025: 关闭弹窗
2026-02-09 16:04:30,238 - INFO - 股票 000021: 关闭弹窗
2026-02-09 16:04:30,310 - INFO - 股票 000029: 切换到B/S点标签页
2026-02-09 16:04:31,141 - INFO - 股票 000025: 切换到B/S点标签页
2026-02-09 16:04:31,274 - INFO - 股票 000021: 切换到B/S点标签页
2026-02-09 16:04:37,475 - INFO - 股票 000029: 点击全屏查看按钮(CSS)
2026-02-09 16:04:38,312 - INFO - 股票 000025: 点击全屏查看按钮(CSS)
2026-02-09 16:04:38,426 - INFO - 股票 000021: 点击全屏查看按钮(CSS)
2026-02-09 16:04:39,556 - INFO - 股票 000029: 截图已保存为: /Users/chenyiyun/PycharmProjects/Chenyiyun2087/Sina/bs_detection/SinaAppBS/config_1/20260209/000029_20260209.png
2026-02-09 16:04:39,643 - INFO - 股票 000029 处理成功: /Users/chenyiyun/PycharmProjects/Chenyiyun2087/Sina/bs_detection/SinaAppBS/config_1/20260209/000029_20260209.png
2026-02-09 16:04:40,397 - INFO - 股票 000025: 截图已保存为: /Users/chenyiyun/PycharmProjects/Chenyiyun2087/Sina/bs_detection/SinaAppBS/config_1/20260209/000025_20260209.png
2026-02-09 16:04:40,504 - INFO - 股票 000025 处理成功: /Users/chenyiyun/PycharmProjects/Chenyiyun2087/Sina/bs_detection/SinaAppBS/config_1/20260209/000025_20260209.png
2026-02-09 16:04:40,517 - INFO - 股票 000021: 截图已保存为: /Users/chenyiyun/PycharmProjects/Chenyiyun2087/Sina/bs_detection/SinaAppBS/config_1/20260209/000021_20260209.png
2026-02-09 16:04:40,624 - INFO - 股票 000021 处理成功: /Users/chenyiyun/PycharmProjects/Chenyiyun2087/Sina/bs_detection/SinaAppBS/config_1/20260209/000021_20260209.png
2026-02-09 16:04:44,413 - INFO - 访问股票 000049 行情页面
2026-02-09 16:04:44,509 - INFO - 访问股票 000039 行情页面
2026-02-09 16:04:44,510 - INFO - 访问股票 000066 行情页面
2026-02-09 16:04:46,571 - INFO - 股票 000049: 关闭弹窗
2026-02-09 16:04:46,609 - INFO - 股票 000066: 关闭弹窗
2026-02-09 16:04:46,643 - INFO - 股票 000039: 关闭弹窗
2026-02-09 16:04:47,603 - INFO - 股票 000049: 关闭弹窗
2026-02-09 16:04:47,637 - INFO - 股票 000066: 关闭弹窗
2026-02-09 16:04:47,672 - INFO - 股票 000039: 关闭弹窗
2026-02-09 16:04:48,652 - INFO - 股票 000049: 切换到B/S点标签页
2026-02-09 16:04:48,672 - INFO - 股票 000066: 切换到B/S点标签页
2026-02-09 16:04:48,709 - INFO - 股票 000039: 切换到B/S点标签页
2026-02-09 16:04:55,828 - INFO - 股票 000049: 点击全屏查看按钮(CSS)
2026-02-09 16:04:55,834 - INFO - 股票 000066: 点击全屏查看按钮(CSS)
2026-02-09 16:04:55,877 - INFO - 股票 000039: 点击全屏查看按钮(CSS)
2026-02-09 16:04:57,918 - INFO - 股票 000066: 截图已保存为: /Users/chenyiyun/PycharmProjects/Chenyiyun2087/Sina/bs_detection/SinaAppBS/config_1/20260209/000066_20260209.png
2026-02-09 16:04:57,938 - INFO - 股票 000049: 截图已保存为: /Users/chenyiyun/PycharmProjects/Chenyiyun2087/Sina/bs_detection/SinaAppBS/config_1/20260209/000049_20260209.png
2026-02-09 16:04:57,974 - INFO - 股票 000039: 截图已保存为: /Users/chenyiyun/PycharmProjects/Chenyiyun2087/Sina/bs_detection/SinaAppBS/config_1/20260209/000039_20260209.png
2026-02-09 16:04:58,010 - INFO - 股票 000066 处理成功: /Users/chenyiyun/PycharmProjects/Chenyiyun2087/Sina/bs_detection/SinaAppBS/config_1/20260209/000066_20260209.png
2026-02-09 16:04:58,028 - INFO - 股票 000049 处理成功: /Users/chenyiyun/PycharmProjects/Chenyiyun2087/Sina/bs_detection/SinaAppBS/config_1/20260209/000049_20260209.png
2026-02-09 16:04:58,060 - INFO - 股票 000039 处理成功: /Users/chenyiyun/PycharmProjects/Chenyiyun2087/Sina/bs_detection/SinaAppBS/config_1/20260209/000039_20260209.png
2026-02-09 16:04:59,197 - INFO - 访问股票 000410 行情页面
2026-02-09 16:04:59,326 - INFO - 访问股票 000078 行情页面
2026-02-09 16:05:00,446 - INFO - 访问股票 000156 行情页面
2026-02-09 16:05:01,412 - INFO - 股票 000078: 关闭弹窗
2026-02-09 16:05:01,790 - INFO - 股票 000410: 关闭弹窗
2026-02-09 16:05:02,442 - INFO - 股票 000078: 关闭弹窗
2026-02-09 16:05:02,822 - INFO - 股票 000410: 关闭弹窗
2026-02-09 16:05:03,487 - INFO - 股票 000078: 切换到B/S点标签页
2026-02-09 16:05:03,882 - INFO - 股票 000410: 切换到B/S点标签页
2026-02-09 16:05:04,054 - INFO - 股票 000156: 关闭弹窗
2026-02-09 16:05:05,094 - INFO - 股票 000156: 关闭弹窗
2026-02-09 16:05:06,143 - INFO - 股票 000156: 切换到B/S点标签页
2026-02-09 16:05:10,664 - INFO - 股票 000078: 点击全屏查看按钮(CSS)
2026-02-09 16:05:11,056 - INFO - 股票 000410: 点击全屏查看按钮(CSS)
2026-02-09 16:05:12,765 - INFO - 股票 000078: 截图已保存为: /Users/chenyiyun/PycharmProjects/Chenyiyun2087/Sina/bs_detection/SinaAppBS/config_1/20260209/000078_20260209.png
2026-02-09 16:05:12,851 - INFO - 股票 000078 处理成功: /Users/chenyiyun/PycharmProjects/Chenyiyun2087/Sina/bs_detection/SinaAppBS/config_1/20260209/000078_20260209.png
2026-02-09 16:05:13,147 - INFO - 股票 000410: 截图已保存为: /Users/chenyiyun/PycharmProjects/Chenyiyun2087/Sina/bs_detection/SinaAppBS/config_1/20260209/000410_20260209.png
2026-02-09 16:05:13,231 - INFO - 股票 000410 处理成功: /Users/chenyiyun/PycharmProjects/Chenyiyun2087/Sina/bs_detection/SinaAppBS/config_1/20260209/000410_20260209.png
2026-02-09 16:05:13,298 - INFO - 股票 000156: 点击全屏查看按钮(CSS)
2026-02-09 16:05:14,388 - INFO - 访问股票 000513 行情页面
2026-02-09 16:05:14,408 - INFO - 访问股票 000519 行情页面
2026-02-09 16:05:15,379 - INFO - 股票 000156: 截图已保存为: /Users/chenyiyun/PycharmProjects/Chenyiyun2087/Sina/bs_detection/SinaAppBS/config_1/20260209/000156_20260209.png
2026-02-09 16:05:15,462 - INFO - 股票 000156 处理成功: /Users/chenyiyun/PycharmProjects/Chenyiyun2087/Sina/bs_detection/SinaAppBS/config_1/20260209/000156_20260209.png
2026-02-09 16:05:16,276 - INFO - 访问股票 000526 行情页面
2026-02-09 16:05:16,991 - INFO - 股票 000513: 关闭弹窗
2026-02-09 16:05:17,037 - INFO - 股票 000519: 关闭弹窗
2026-02-09 16:05:18,027 - INFO - 股票 000513: 关闭弹窗
2026-02-09 16:05:18,069 - INFO - 股票 000519: 关闭弹窗
2026-02-09 16:05:18,904 - INFO - 股票 000526: 关闭弹窗
2026-02-09 16:05:19,065 - INFO - 股票 000513: 切换到B/S点标签页
2026-02-09 16:05:19,106 - INFO - 股票 000519: 切换到B/S点标签页
2026-02-09 16:05:19,940 - INFO - 股票 000526: 关闭弹窗
2026-02-09 16:05:20,993 - INFO - 股票 000526: 切换到B/S点标签页
2026-02-09 16:05:26,233 - INFO - 股票 000513: 点击全屏查看按钮(CSS)
2026-02-09 16:05:26,264 - INFO - 股票 000519: 点击全屏查看按钮(CSS)
2026-02-09 16:05:28,161 - INFO - 股票 000526: 点击全屏查看按钮(CSS)
2026-02-09 16:05:28,303 - INFO - 股票 000513: 截图已保存为: /Users/chenyiyun/PycharmProjects/Chenyiyun2087/Sina/bs_detection/SinaAppBS/config_1/20260209/000513_20260209.png
2026-02-09 16:05:28,345 - INFO - 股票 000519: 截图已保存为: /Users/chenyiyun/PycharmProjects/Chenyiyun2087/Sina/bs_detection/SinaAppBS/config_1/20260209/000519_20260209.png
2026-02-09 16:05:28,391 - INFO - 股票 000513 处理成功: /Users/chenyiyun/PycharmProjects/Chenyiyun2087/Sina/bs_detection/SinaAppBS/config_1/20260209/000513_20260209.png
2026-02-09 16:05:28,427 - INFO - 股票 000519 处理成功: /Users/chenyiyun/PycharmProjects/Chenyiyun2087/Sina/bs_detection/SinaAppBS/config_1/20260209/000519_20260209.png
2026-02-09 16:05:29,426 - INFO - 访问股票 000529 行情页面
2026-02-09 16:05:30,235 - INFO - 股票 000526: 截图已保存为: /Users/chenyiyun/PycharmProjects/Chenyiyun2087/Sina/bs_detection/SinaAppBS/config_1/20260209/000526_20260209.png
2026-02-09 16:05:30,383 - INFO - 股票 000526 处理成功: /Users/chenyiyun/PycharmProjects/Chenyiyun2087/Sina/bs_detection/SinaAppBS/config_1/20260209/000526_20260209.png
2026-02-09 16:05:30,393 - INFO - 访问股票 000528 行情页面
2026-02-09 16:05:31,906 - INFO - 访问股票 000555 行情页面
2026-02-09 16:05:33,029 - INFO - 股票 000528: 关闭弹窗
2026-02-09 16:05:33,101 - INFO - 股票 000529: 关闭弹窗
2026-02-09 16:05:34,056 - INFO - 股票 000528: 关闭弹窗
2026-02-09 16:05:34,127 - INFO - 股票 000529: 关闭弹窗
2026-02-09 16:05:35,097 - INFO - 股票 000528: 切换到B/S点标签页
2026-02-09 16:05:35,164 - INFO - 股票 000529: 切换到B/S点标签页
2026-02-09 16:05:36,034 - INFO - 股票 000555: 关闭弹窗
2026-02-09 16:05:37,067 - INFO - 股票 000555: 关闭弹窗
2026-02-09 16:05:38,111 - INFO - 股票 000555: 切换到B/S点标签页
2026-02-09 16:05:42,277 - INFO - 股票 000528: 点击全屏查看按钮(CSS)
2026-02-09 16:05:42,330 - INFO - 股票 000529: 点击全屏查看按钮(CSS)
2026-02-09 16:05:44,379 - INFO - 股票 000528: 截图已保存为: /Users/chenyiyun/PycharmProjects/Chenyiyun2087/Sina/bs_detection/SinaAppBS/config_1/20260209/000528_20260209.png
2026-02-09 16:05:44,428 - INFO - 股票 000529: 截图已保存为: /Users/chenyiyun/PycharmProjects/Chenyiyun2087/Sina/bs_detection/SinaAppBS/config_1/20260209/000529_20260209.png
2026-02-09 16:05:44,466 - INFO - 股票 000528 处理成功: /Users/chenyiyun/PycharmProjects/Chenyiyun2087/Sina/bs_detection/SinaAppBS/config_1/20260209/000528_20260209.png
2026-02-09 16:05:44,517 - INFO - 股票 000529 处理成功: /Users/chenyiyun/PycharmProjects/Chenyiyun2087/Sina/bs_detection/SinaAppBS/config_1/20260209/000529_20260209.png
2026-02-09 16:05:45,280 - INFO - 股票 000555: 点击全屏查看按钮(CSS)
2026-02-09 16:05:47,368 - INFO - 股票 000555: 截图已保存为: /Users/chenyiyun/PycharmProjects/Chenyiyun2087/Sina/bs_detection/SinaAppBS/config_1/20260209/000555_20260209.png
2026-02-09 16:05:47,453 - INFO - 股票 000555 处理成功: /Users/chenyiyun/PycharmProjects/Chenyiyun2087/Sina/bs_detection/SinaAppBS/config_1/20260209/000555_20260209.png
2026-02-09 16:05:48,976 - INFO - 访问股票 000628 行情页面
2026-02-09 16:05:49,008 - INFO - 访问股票 000568 行情页面
2026-02-09 16:05:49,175 - INFO - 访问股票 000596 行情页面
2026-02-09 16:05:51,122 - INFO - 股票 000568: 关闭弹窗
2026-02-09 16:05:51,284 - INFO - 股票 000596: 关闭弹窗
2026-02-09 16:05:51,624 - INFO - 股票 000628: 关闭弹窗
2026-02-09 16:05:52,153 - INFO - 股票 000568: 关闭弹窗
2026-02-09 16:05:52,314 - INFO - 股票 000596: 关闭弹窗
2026-02-09 16:05:52,663 - INFO - 股票 000628: 关闭弹窗
2026-02-09 16:05:53,203 - INFO - 股票 000568: 切换到B/S点标签页
2026-02-09 16:05:53,357 - INFO - 股票 000596: 切换到B/S点标签页
2026-02-09 16:05:53,703 - INFO - 股票 000628: 切换到B/S点标签页
2026-02-09 16:06:00,373 - INFO - 股票 000568: 点击全屏查看按钮(CSS)
2026-02-09 16:06:00,526 - INFO - 股票 000596: 点击全屏查看按钮(CSS)
2026-02-09 16:06:00,890 - INFO - 股票 000628: 点击全屏查看按钮(CSS)
2026-02-09 16:06:02,451 - INFO - 股票 000568: 截图已保存为: /Users/chenyiyun/PycharmProjects/Chenyiyun2087/Sina/bs_detection/SinaAppBS/config_1/20260209/000568_20260209.png
2026-02-09 16:06:02,541 - INFO - 股票 000568 处理成功: /Users/chenyiyun/PycharmProjects/Chenyiyun2087/Sina/bs_detection/SinaAppBS/config_1/20260209/000568_20260209.png
2026-02-09 16:06:02,633 - INFO - 股票 000596: 截图已保存为: /Users/chenyiyun/PycharmProjects/Chenyiyun2087/Sina/bs_detection/SinaAppBS/config_1/20260209/000596_20260209.png
2026-02-09 16:06:02,715 - INFO - 股票 000596 处理成功: /Users/chenyiyun/PycharmProjects/Chenyiyun2087/Sina/bs_detection/SinaAppBS/config_1/20260209/000596_20260209.png
2026-02-09 16:06:02,971 - INFO - 股票 000628: 截图已保存为: /Users/chenyiyun/PycharmProjects/Chenyiyun2087/Sina/bs_detection/SinaAppBS/config_1/20260209/000628_20260209.png
2026-02-09 16:06:03,055 - INFO - 股票 000628 处理成功: /Users/chenyiyun/PycharmProjects/Chenyiyun2087/Sina/bs_detection/SinaAppBS/config_1/20260209/000628_20260209.png
2026-02-09 16:06:04,561 - INFO - 访问股票 000661 行情页面
2026-02-09 16:06:04,953 - INFO - 访问股票 000650 行情页面
2026-02-09 16:06:06,337 - INFO - 访问股票 000686 行情页面
2026-02-09 16:06:06,680 - INFO - 股票 000661: 关闭弹窗
2026-02-09 16:06:07,708 - INFO - 股票 000661: 关闭弹窗
2026-02-09 16:06:08,129 - INFO - 股票 000650: 关闭弹窗
2026-02-09 16:06:08,753 - INFO - 股票 000661: 切换到B/S点标签页
2026-02-09 16:06:09,008 - INFO - 股票 000686: 关闭弹窗
2026-02-09 16:06:09,156 - INFO - 股票 000650: 关闭弹窗
2026-02-09 16:06:10,043 - INFO - 股票 000686: 关闭弹窗
2026-02-09 16:06:10,195 - INFO - 股票 000650: 切换到B/S点标签页
2026-02-09 16:06:11,084 - INFO - 股票 000686: 切换到B/S点标签页
2026-02-09 16:06:15,923 - INFO - 股票 000661: 点击全屏查看按钮(CSS)
2026-02-09 16:06:17,364 - INFO - 股票 000650: 点击全屏查看按钮(CSS)
2026-02-09 16:06:18,011 - INFO - 股票 000661: 截图已保存为: /Users/chenyiyun/PycharmProjects/Chenyiyun2087/Sina/bs_detection/SinaAppBS/config_1/20260209/000661_20260209.png
2026-02-09 16:06:18,096 - INFO - 股票 000661 处理成功: /Users/chenyiyun/PycharmProjects/Chenyiyun2087/Sina/bs_detection/SinaAppBS/config_1/20260209/000661_20260209.png
2026-02-09 16:06:18,259 - INFO - 股票 000686: 点击全屏查看按钮(CSS)
2026-02-09 16:06:19,470 - INFO - 股票 000650: 截图已保存为: /Users/chenyiyun/PycharmProjects/Chenyiyun2087/Sina/bs_detection/SinaAppBS/config_1/20260209/000650_20260209.png
2026-02-09 16:06:19,588 - INFO - 股票 000650 处理成功: /Users/chenyiyun/PycharmProjects/Chenyiyun2087/Sina/bs_detection/SinaAppBS/config_1/20260209/000650_20260209.png
2026-02-09 16:06:19,622 - INFO - 访问股票 000700 行情页面
2026-02-09 16:06:20,251 - INFO - 访问股票 000723 行情页面
2026-02-09 16:06:20,363 - INFO - 股票 000686: 截图已保存为: /Users/chenyiyun/PycharmProjects/Chenyiyun2087/Sina/bs_detection/SinaAppBS/config_1/20260209/000686_20260209.png
2026-02-09 16:06:20,459 - INFO - 股票 000686 处理成功: /Users/chenyiyun/PycharmProjects/Chenyiyun2087/Sina/bs_detection/SinaAppBS/config_1/20260209/000686_20260209.png
2026-02-09 16:06:21,844 - INFO - 访问股票 000733 行情页面
2026-02-09 16:06:22,239 - INFO - 股票 000700: 关闭弹窗
2026-02-09 16:06:22,885 - INFO - 股票 000723: 关闭弹窗
2026-02-09 16:06:23,273 - INFO - 股票 000700: 关闭弹窗
2026-02-09 16:06:23,920 - INFO - 股票 000723: 关闭弹窗
2026-02-09 16:06:24,315 - INFO - 股票 000700: 切换到B/S点标签页
2026-02-09 16:06:24,458 - INFO - 股票 000733: 关闭弹窗
2026-02-09 16:06:24,956 - INFO - 股票 000723: 切换到B/S点标签页
2026-02-09 16:06:25,488 - INFO - 股票 000733: 关闭弹窗
2026-02-09 16:06:26,536 - INFO - 股票 000733: 切换到B/S点标签页
2026-02-09 16:06:31,493 - INFO - 股票 000700: 点击全屏查看按钮(CSS)
2026-02-09 16:06:32,114 - INFO - 股票 000723: 点击全屏查看按钮(CSS)
2026-02-09 16:06:33,577 - INFO - 股票 000700: 截图已保存为: /Users/chenyiyun/PycharmProjects/Chenyiyun2087/Sina/bs_detection/SinaAppBS/config_1/20260209/000700_20260209.png
2026-02-09 16:06:33,660 - INFO - 股票 000700 处理成功: /Users/chenyiyun/PycharmProjects/Chenyiyun2087/Sina/bs_detection/SinaAppBS/config_1/20260209/000700_20260209.png
2026-02-09 16:06:33,714 - INFO - 股票 000733: 点击全屏查看按钮(CSS)
2026-02-09 16:06:34,205 - INFO - 股票 000723: 截图已保存为: /Users/chenyiyun/PycharmProjects/Chenyiyun2087/Sina/bs_detection/SinaAppBS/config_1/20260209/000723_20260209.png
2026-02-09 16:06:34,292 - INFO - 股票 000723 处理成功: /Users/chenyiyun/PycharmProjects/Chenyiyun2087/Sina/bs_detection/SinaAppBS/config_1/20260209/000723_20260209.png
2026-02-09 16:06:35,525 - INFO - 访问股票 000735 行情页面
2026-02-09 16:06:35,658 - INFO - 访问股票 000738 行情页面
2026-02-09 16:06:35,830 - INFO - 股票 000733: 截图已保存为: /Users/chenyiyun/PycharmProjects/Chenyiyun2087/Sina/bs_detection/SinaAppBS/config_1/20260209/000733_20260209.png
2026-02-09 16:06:35,916 - INFO - 股票 000733 处理成功: /Users/chenyiyun/PycharmProjects/Chenyiyun2087/Sina/bs_detection/SinaAppBS/config_1/20260209/000733_20260209.png
2026-02-09 16:06:38,147 - INFO - 访问股票 000739 行情页面
2026-02-09 16:06:38,300 - INFO - 股票 000738: 关闭弹窗
2026-02-09 16:06:38,621 - INFO - 股票 000735: 关闭弹窗
2026-02-09 16:06:39,326 - INFO - 股票 000738: 关闭弹窗
2026-02-09 16:06:39,653 - INFO - 股票 000735: 关闭弹窗
2026-02-09 16:06:40,365 - INFO - 股票 000738: 切换到B/S点标签页
2026-02-09 16:06:40,694 - INFO - 股票 000735: 切换到B/S点标签页
2026-02-09 16:06:40,772 - INFO - 股票 000739: 关闭弹窗
2026-02-09 16:06:41,810 - INFO - 股票 000739: 关闭弹窗
2026-02-09 16:06:42,856 - INFO - 股票 000739: 切换到B/S点标签页
2026-02-09 16:06:47,548 - INFO - 股票 000738: 点击全屏查看按钮(CSS)
2026-02-09 16:06:47,860 - INFO - 股票 000735: 点击全屏查看按钮(CSS)
2026-02-09 16:06:49,622 - INFO - 股票 000738: 截图已保存为: /Users/chenyiyun/PycharmProjects/Chenyiyun2087/Sina/bs_detection/SinaAppBS/config_1/20260209/000738_20260209.png
2026-02-09 16:06:49,705 - INFO - 股票 000738 处理成功: /Users/chenyiyun/PycharmProjects/Chenyiyun2087/Sina/bs_detection/SinaAppBS/config_1/20260209/000738_20260209.png
2026-02-09 16:06:49,936 - INFO - 股票 000735: 截图已保存为: /Users/chenyiyun/PycharmProjects/Chenyiyun2087/Sina/bs_detection/SinaAppBS/config_1/20260209/000735_20260209.png
2026-02-09 16:06:50,019 - INFO - 股票 000735 处理成功: /Users/chenyiyun/PycharmProjects/Chenyiyun2087/Sina/bs_detection/SinaAppBS/config_1/20260209/000735_20260209.png
2026-02-09 16:06:50,023 - INFO - 股票 000739: 点击全屏查看按钮(CSS)
2026-02-09 16:06:52,123 - INFO - 股票 000739: 截图已保存为: /Users/chenyiyun/PycharmProjects/Chenyiyun2087/Sina/bs_detection/SinaAppBS/config_1/20260209/000739_20260209.png
2026-02-09 16:06:52,208 - INFO - 股票 000739 处理成功: /Users/chenyiyun/PycharmProjects/Chenyiyun2087/Sina/bs_detection/SinaAppBS/config_1/20260209/000739_20260209.png
2026-02-09 16:06:54,182 - INFO - 访问股票 000777 行情页面
2026-02-09 16:06:54,408 - INFO - 访问股票 000782 行情页面
2026-02-09 16:06:55,290 - INFO - 访问股票 000791 行情页面
2026-02-09 16:06:56,298 - INFO - 股票 000777: 关闭弹窗
2026-02-09 16:06:56,488 - INFO - 股票 000782: 关闭弹窗
2026-02-09 16:06:57,338 - INFO - 股票 000777: 关闭弹窗
2026-02-09 16:06:57,397 - INFO - 股票 000791: 关闭弹窗
2026-02-09 16:06:57,515 - INFO - 股票 000782: 关闭弹窗
2026-02-09 16:06:58,384 - INFO - 股票 000777: 切换到B/S点标签页
2026-02-09 16:06:58,428 - INFO - 股票 000791: 关闭弹窗
2026-02-09 16:06:58,553 - INFO - 股票 000782: 切换到B/S点标签页
2026-02-09 16:06:59,467 - INFO - 股票 000791: 切换到B/S点标签页
2026-02-09 16:07:05,565 - INFO - 股票 000777: 点击全屏查看按钮(CSS)
2026-02-09 16:07:05,711 - INFO - 股票 000782: 点击全屏查看按钮(CSS)
2026-02-09 16:07:06,625 - INFO - 股票 000791: 点击全屏查看按钮(CSS)
2026-02-09 16:07:07,671 - INFO - 股票 000777: 截图已保存为: /Users/chenyiyun/PycharmProjects/Chenyiyun2087/Sina/bs_detection/SinaAppBS/config_1/20260209/000777_20260209.png
2026-02-09 16:07:07,760 - INFO - 股票 000777 处理成功: /Users/chenyiyun/PycharmProjects/Chenyiyun2087/Sina/bs_detection/SinaAppBS/config_1/20260209/000777_20260209.png
2026-02-09 16:07:07,799 - INFO - 股票 000782: 截图已保存为: /Users/chenyiyun/PycharmProjects/Chenyiyun2087/Sina/bs_detection/SinaAppBS/config_1/20260209/000782_20260209.png
2026-02-09 16:07:07,887 - INFO - 股票 000782 处理成功: /Users/chenyiyun/PycharmProjects/Chenyiyun2087/Sina/bs_detection/SinaAppBS/config_1/20260209/000782_20260209.png
2026-02-09 16:07:08,733 - INFO - 股票 000791: 截图已保存为: /Users/chenyiyun/PycharmProjects/Chenyiyun2087/Sina/bs_detection/SinaAppBS/config_1/20260209/000791_20260209.png
2026-02-09 16:07:08,821 - INFO - 股票 000791 处理成功: /Users/chenyiyun/PycharmProjects/Chenyiyun2087/Sina/bs_detection/SinaAppBS/config_1/20260209/000791_20260209.png
2026-02-09 16:07:09,258 - INFO - 访问股票 000810 行情页面
2026-02-09 16:07:09,927 - INFO - 访问股票 000799 行情页面
2026-02-09 16:07:10,041 - INFO - 访问股票 000816 行情页面
2026-02-09 16:07:12,742 - INFO - 股票 000816: 关闭弹窗
2026-02-09 16:07:12,897 - INFO - 股票 000810: 关闭弹窗
2026-02-09 16:07:13,772 - INFO - 股票 000816: 关闭弹窗
2026-02-09 16:07:13,927 - INFO - 股票 000810: 关闭弹窗
2026-02-09 16:07:14,035 - INFO - 股票 000799: 关闭弹窗
2026-02-09 16:07:14,814 - INFO - 股票 000816: 切换到B/S点标签页
2026-02-09 16:07:14,967 - INFO - 股票 000810: 切换到B/S点标签页
2026-02-09 16:07:15,064 - INFO - 股票 000799: 关闭弹窗
2026-02-09 16:07:16,101 - INFO - 股票 000799: 切换到B/S点标签页
2026-02-09 16:07:21,978 - INFO - 股票 000816: 点击全屏查看按钮(CSS)
2026-02-09 16:07:22,125 - INFO - 股票 000810: 点击全屏查看按钮(CSS)
2026-02-09 16:07:23,269 - INFO - 股票 000799: 点击全屏查看按钮(CSS)
2026-02-09 16:07:24,056 - INFO - 股票 000816: 截图已保存为: /Users/chenyiyun/PycharmProjects/Chenyiyun2087/Sina/bs_detection/SinaAppBS/config_1/20260209/000816_20260209.png
2026-02-09 16:07:24,137 - INFO - 股票 000816 处理成功: /Users/chenyiyun/PycharmProjects/Chenyiyun2087/Sina/bs_detection/SinaAppBS/config_1/20260209/000816_20260209.png
2026-02-09 16:07:24,192 - INFO - 股票 000810: 截图已保存为: /Users/chenyiyun/PycharmProjects/Chenyiyun2087/Sina/bs_detection/SinaAppBS/config_1/20260209/000810_20260209.png
2026-02-09 16:07:24,277 - INFO - 股票 000810 处理成功: /Users/chenyiyun/PycharmProjects/Chenyiyun2087/Sina/bs_detection/SinaAppBS/config_1/20260209/000810_20260209.png
2026-02-09 16:07:25,355 - INFO - 股票 000799: 截图已保存为: /Users/chenyiyun/PycharmProjects/Chenyiyun2087/Sina/bs_detection/SinaAppBS/config_1/20260209/000799_20260209.png
2026-02-09 16:07:25,472 - INFO - 股票 000799 处理成功: /Users/chenyiyun/PycharmProjects/Chenyiyun2087/Sina/bs_detection/SinaAppBS/config_1/20260209/000799_20260209.png
2026-02-09 16:07:25,526 - INFO - 访问股票 000831 行情页面
2026-02-09 16:07:26,217 - INFO - 访问股票 000839 行情页面
2026-02-09 16:07:26,560 - INFO - 访问股票 000821 行情页面
2026-02-09 16:07:28,134 - INFO - 股票 000831: 关闭弹窗
2026-02-09 16:07:29,169 - INFO - 股票 000831: 关闭弹窗
2026-02-09 16:07:29,194 - INFO - 股票 000821: 关闭弹窗
2026-02-09 16:07:29,850 - INFO - 股票 000839: 关闭弹窗
2026-02-09 16:07:30,213 - INFO - 股票 000831: 切换到B/S点标签页
2026-02-09 16:07:30,223 - INFO - 股票 000821: 关闭弹窗
2026-02-09 16:07:30,883 - INFO - 股票 000839: 关闭弹窗
2026-02-09 16:07:31,270 - INFO - 股票 000821: 切换到B/S点标签页
2026-02-09 16:07:31,925 - INFO - 股票 000839: 切换到B/S点标签页
2026-02-09 16:07:37,395 - INFO - 股票 000831: 点击全屏查看按钮(CSS)
2026-02-09 16:07:38,440 - INFO - 股票 000821: 点击全屏查看按钮(CSS)
2026-02-09 16:07:39,098 - INFO - 股票 000839: 点击全屏查看按钮(CSS)
2026-02-09 16:07:39,509 - INFO - 股票 000831: 截图已保存为: /Users/chenyiyun/PycharmProjects/Chenyiyun2087/Sina/bs_detection/SinaAppBS/config_1/20260209/000831_20260209.png
2026-02-09 16:07:39,593 - INFO - 股票 000831 处理成功: /Users/chenyiyun/PycharmProjects/Chenyiyun2087/Sina/bs_detection/SinaAppBS/config_1/20260209/000831_20260209.png
2026-02-09 16:07:40,513 - INFO - 股票 000821: 截图已保存为: /Users/chenyiyun/PycharmProjects/Chenyiyun2087/Sina/bs_detection/SinaAppBS/config_1/20260209/000821_20260209.png
2026-02-09 16:07:40,620 - INFO - 股票 000821 处理成功: /Users/chenyiyun/PycharmProjects/Chenyiyun2087/Sina/bs_detection/SinaAppBS/config_1/20260209/000821_20260209.png
2026-02-09 16:07:41,117 - INFO - 访问股票 000858 行情页面
2026-02-09 16:07:41,172 - INFO - 股票 000839: 截图已保存为: /Users/chenyiyun/PycharmProjects/Chenyiyun2087/Sina/bs_detection/SinaAppBS/config_1/20260209/000839_20260209.png
2026-02-09 16:07:41,259 - INFO - 股票 000839 处理成功: /Users/chenyiyun/PycharmProjects/Chenyiyun2087/Sina/bs_detection/SinaAppBS/config_1/20260209/000839_20260209.png
2026-02-09 16:07:42,073 - INFO - 访问股票 000868 行情页面
2026-02-09 16:07:42,764 - INFO - 访问股票 000905 行情页面
2026-02-09 16:07:44,280 - INFO - 股票 000858: 关闭弹窗
2026-02-09 16:07:44,760 - INFO - 股票 000868: 关闭弹窗
2026-02-09 16:07:45,310 - INFO - 股票 000858: 关闭弹窗
2026-02-09 16:07:45,790 - INFO - 股票 000868: 关闭弹窗
2026-02-09 16:07:45,865 - INFO - 股票 000905: 关闭弹窗
2026-02-09 16:07:46,360 - INFO - 股票 000858: 切换到B/S点标签页
2026-02-09 16:07:46,832 - INFO - 股票 000868: 切换到B/S点标签页
2026-02-09 16:07:46,895 - INFO - 股票 000905: 关闭弹窗
2026-02-09 16:07:47,945 - INFO - 股票 000905: 切换到B/S点标签页
2026-02-09 16:07:53,531 - INFO - 股票 000858: 点击全屏查看按钮(CSS)
2026-02-09 16:07:54,007 - INFO - 股票 000868: 点击全屏查看按钮(CSS)
2026-02-09 16:07:55,111 - INFO - 股票 000905: 点击全屏查看按钮(CSS)
2026-02-09 16:07:55,635 - INFO - 股票 000858: 截图已保存为: /Users/chenyiyun/PycharmProjects/Chenyiyun2087/Sina/bs_detection/SinaAppBS/config_1/20260209/000858_20260209.png
2026-02-09 16:07:55,721 - INFO - 股票 000858 处理成功: /Users/chenyiyun/PycharmProjects/Chenyiyun2087/Sina/bs_detection/SinaAppBS/config_1/20260209/000858_20260209.png
2026-02-09 16:07:56,098 - INFO - 股票 000868: 截图已保存为: /Users/chenyiyun/PycharmProjects/Chenyiyun2087/Sina/bs_detection/SinaAppBS/config_1/20260209/000868_20260209.png
2026-02-09 16:07:56,181 - INFO - 股票 000868 处理成功: /Users/chenyiyun/PycharmProjects/Chenyiyun2087/Sina/bs_detection/SinaAppBS/config_1/20260209/000868_20260209.png
2026-02-09 16:07:57,189 - INFO - 股票 000905: 截图已保存为: /Users/chenyiyun/PycharmProjects/Chenyiyun2087/Sina/bs_detection/SinaAppBS/config_1/20260209/000905_20260209.png
2026-02-09 16:07:57,274 - INFO - 股票 000905 处理成功: /Users/chenyiyun/PycharmProjects/Chenyiyun2087/Sina/bs_detection/SinaAppBS/config_1/20260209/000905_20260209.png
2026-02-09 16:07:59,622 - INFO - 访问股票 000932 行情页面
2026-02-09 16:07:59,719 - INFO - 访问股票 000963 行情页面
2026-02-09 16:07:59,789 - INFO - 访问股票 000980 行情页面
2026-02-09 16:08:01,914 - INFO - 股票 000963: 关闭弹窗
2026-02-09 16:08:02,006 - INFO - 股票 000980: 关闭弹窗
2026-02-09 16:08:02,324 - INFO - 股票 000932: 关闭弹窗
2026-02-09 16:08:02,946 - INFO - 股票 000963: 关闭弹窗
2026-02-09 16:08:03,035 - INFO - 股票 000980: 关闭弹窗
2026-02-09 16:08:03,360 - INFO - 股票 000932: 关闭弹窗
2026-02-09 16:08:03,993 - INFO - 股票 000963: 切换到B/S点标签页
2026-02-09 16:08:04,071 - INFO - 股票 000980: 切换到B/S点标签页
2026-02-09 16:08:04,400 - INFO - 股票 000932: 切换到B/S点标签页
2026-02-09 16:08:11,169 - INFO - 股票 000963: 点击全屏查看按钮(CSS)
2026-02-09 16:08:11,239 - INFO - 股票 000980: 点击全屏查看按钮(CSS)
2026-02-09 16:08:11,580 - INFO - 股票 000932: 点击全屏查看按钮(CSS)
2026-02-09 16:08:13,258 - INFO - 股票 000963: 截图已保存为: /Users/chenyiyun/PycharmProjects/Chenyiyun2087/Sina/bs_detection/SinaAppBS/config_1/20260209/000963_20260209.png
2026-02-09 16:08:13,325 - INFO - 股票 000980: 截图已保存为: /Users/chenyiyun/PycharmProjects/Chenyiyun2087/Sina/bs_detection/SinaAppBS/config_1/20260209/000980_20260209.png
2026-02-09 16:08:13,346 - INFO - 股票 000963 处理成功: /Users/chenyiyun/PycharmProjects/Chenyiyun2087/Sina/bs_detection/SinaAppBS/config_1/20260209/000963_20260209.png
2026-02-09 16:08:13,410 - INFO - 股票 000980 处理成功: /Users/chenyiyun/PycharmProjects/Chenyiyun2087/Sina/bs_detection/SinaAppBS/config_1/20260209/000980_20260209.png
2026-02-09 16:08:13,711 - INFO - 股票 000932: 截图已保存为: /Users/chenyiyun/PycharmProjects/Chenyiyun2087/Sina/bs_detection/SinaAppBS/config_1/20260209/000932_20260209.png
2026-02-09 16:08:13,797 - INFO - 股票 000932 处理成功: /Users/chenyiyun/PycharmProjects/Chenyiyun2087/Sina/bs_detection/SinaAppBS/config_1/20260209/000932_20260209.png
2026-02-09 16:08:14,768 - INFO - 访问股票 001259 行情页面
2026-02-09 16:08:16,011 - INFO - 访问股票 001299 行情页面
2026-02-09 16:08:17,348 - INFO - 访问股票 001337 行情页面
2026-02-09 16:08:17,873 - INFO - 股票 001259: 关闭弹窗
2026-02-09 16:08:18,127 - INFO - 股票 001299: 关闭弹窗
2026-02-09 16:08:18,907 - INFO - 股票 001259: 关闭弹窗
2026-02-09 16:08:19,164 - INFO - 股票 001299: 关闭弹窗
2026-02-09 16:08:19,945 - INFO - 股票 001337: 关闭弹窗
2026-02-09 16:08:19,946 - INFO - 股票 001259: 切换到B/S点标签页
2026-02-09 16:08:20,201 - INFO - 股票 001299: 切换到B/S点标签页
2026-02-09 16:08:20,978 - INFO - 股票 001337: 关闭弹窗
2026-02-09 16:08:22,017 - INFO - 股票 001337: 切换到B/S点标签页
2026-02-09 16:08:27,124 - INFO - 股票 001259: 点击全屏查看按钮(CSS)
2026-02-09 16:08:27,370 - INFO - 股票 001299: 点击全屏查看按钮(CSS)
2026-02-09 16:08:29,181 - INFO - 股票 001337: 点击全屏查看按钮(CSS)
2026-02-09 16:08:29,210 - INFO - 股票 001259: 截图已保存为: /Users/chenyiyun/PycharmProjects/Chenyiyun2087/Sina/bs_detection/SinaAppBS/config_1/20260209/001259_20260209.png
2026-02-09 16:08:29,295 - INFO - 股票 001259 处理成功: /Users/chenyiyun/PycharmProjects/Chenyiyun2087/Sina/bs_detection/SinaAppBS/config_1/20260209/001259_20260209.png
2026-02-09 16:08:29,490 - INFO - 股票 001299: 截图已保存为: /Users/chenyiyun/PycharmProjects/Chenyiyun2087/Sina/bs_detection/SinaAppBS/config_1/20260209/001299_20260209.png
2026-02-09 16:08:29,576 - INFO - 股票 001299 处理成功: /Users/chenyiyun/PycharmProjects/Chenyiyun2087/Sina/bs_detection/SinaAppBS/config_1/20260209/001299_20260209.png
2026-02-09 16:08:30,818 - INFO - 访问股票 002006 行情页面
2026-02-09 16:08:31,128 - INFO - 访问股票 001914 行情页面
2026-02-09 16:08:31,255 - INFO - 股票 001337: 截图已保存为: /Users/chenyiyun/PycharmProjects/Chenyiyun2087/Sina/bs_detection/SinaAppBS/config_1/20260209/001337_20260209.png
2026-02-09 16:08:31,339 - INFO - 股票 001337 处理成功: /Users/chenyiyun/PycharmProjects/Chenyiyun2087/Sina/bs_detection/SinaAppBS/config_1/20260209/001337_20260209.png
2026-02-09 16:08:32,703 - INFO - 访问股票 002007 行情页面
2026-02-09 16:08:33,208 - INFO - 股票 001914: 关闭弹窗
2026-02-09 16:08:33,427 - INFO - 股票 002006: 关闭弹窗
2026-02-09 16:08:34,242 - INFO - 股票 001914: 关闭弹窗
2026-02-09 16:08:34,463 - INFO - 股票 002006: 关闭弹窗
2026-02-09 16:08:35,284 - INFO - 股票 001914: 切换到B/S点标签页
2026-02-09 16:08:35,507 - INFO - 股票 002006: 切换到B/S点标签页
2026-02-09 16:08:35,813 - INFO - 股票 002007: 关闭弹窗
2026-02-09 16:08:36,846 - INFO - 股票 002007: 关闭弹窗
2026-02-09 16:08:37,894 - INFO - 股票 002007: 切换到B/S点标签页
2026-02-09 16:08:42,476 - INFO - 股票 001914: 点击全屏查看按钮(CSS)
2026-02-09 16:08:42,685 - INFO - 股票 002006: 点击全屏查看按钮(CSS)
2026-02-09 16:08:44,577 - INFO - 股票 001914: 截图已保存为: /Users/chenyiyun/PycharmProjects/Chenyiyun2087/Sina/bs_detection/SinaAppBS/config_1/20260209/001914_20260209.png
2026-02-09 16:08:44,661 - INFO - 股票 001914 处理成功: /Users/chenyiyun/PycharmProjects/Chenyiyun2087/Sina/bs_detection/SinaAppBS/config_1/20260209/001914_20260209.png
2026-02-09 16:08:44,785 - INFO - 股票 002006: 截图已保存为: /Users/chenyiyun/PycharmProjects/Chenyiyun2087/Sina/bs_detection/SinaAppBS/config_1/20260209/002006_20260209.png
2026-02-09 16:08:44,870 - INFO - 股票 002006 处理成功: /Users/chenyiyun/PycharmProjects/Chenyiyun2087/Sina/bs_detection/SinaAppBS/config_1/20260209/002006_20260209.png
2026-02-09 16:08:45,052 - INFO - 股票 002007: 点击全屏查看按钮(CSS)
2026-02-09 16:08:46,132 - INFO - 访问股票 002014 行情页面
2026-02-09 16:08:46,739 - INFO - 访问股票 002008 行情页面
2026-02-09 16:08:47,135 - INFO - 股票 002007: 截图已保存为: /Users/chenyiyun/PycharmProjects/Chenyiyun2087/Sina/bs_detection/SinaAppBS/config_1/20260209/002007_20260209.png
2026-02-09 16:08:47,221 - INFO - 股票 002007 处理成功: /Users/chenyiyun/PycharmProjects/Chenyiyun2087/Sina/bs_detection/SinaAppBS/config_1/20260209/002007_20260209.png
2026-02-09 16:08:48,562 - INFO - 访问股票 002023 行情页面
2026-02-09 16:08:48,755 - INFO - 股票 002014: 关闭弹窗
2026-02-09 16:08:49,330 - INFO - 股票 002008: 关闭弹窗
2026-02-09 16:08:49,788 - INFO - 股票 002014: 关闭弹窗
2026-02-09 16:08:50,368 - INFO - 股票 002008: 关闭弹窗
2026-02-09 16:08:50,645 - INFO - 股票 002023: 关闭弹窗
2026-02-09 16:08:50,829 - INFO - 股票 002014: 切换到B/S点标签页
2026-02-09 16:08:51,416 - INFO - 股票 002008: 切换到B/S点标签页
2026-02-09 16:08:51,681 - INFO - 股票 002023: 关闭弹窗
2026-02-09 16:08:52,732 - INFO - 股票 002023: 切换到B/S点标签页
2026-02-09 16:08:58,003 - INFO - 股票 002014: 点击全屏查看按钮(CSS)
2026-02-09 16:08:58,587 - INFO - 股票 002008: 点击全屏查看按钮(CSS)
2026-02-09 16:08:59,903 - INFO - 股票 002023: 点击全屏查看按钮(CSS)
2026-02-09 16:09:00,099 - INFO - 股票 002014: 截图已保存为: /Users/chenyiyun/PycharmProjects/Chenyiyun2087/Sina/bs_detection/SinaAppBS/config_1/20260209/002014_20260209.png
2026-02-09 16:09:00,180 - INFO - 股票 002014 处理成功: /Users/chenyiyun/PycharmProjects/Chenyiyun2087/Sina/bs_detection/SinaAppBS/config_1/20260209/002014_20260209.png
2026-02-09 16:09:00,670 - INFO - 股票 002008: 截图已保存为: /Users/chenyiyun/PycharmProjects/Chenyiyun2087/Sina/bs_detection/SinaAppBS/config_1/20260209/002008_20260209.png
2026-02-09 16:09:00,757 - INFO - 股票 002008 处理成功: /Users/chenyiyun/PycharmProjects/Chenyiyun2087/Sina/bs_detection/SinaAppBS/config_1/20260209/002008_20260209.png
2026-02-09 16:09:02,016 - INFO - 股票 002023: 截图已保存为: /Users/chenyiyun/PycharmProjects/Chenyiyun2087/Sina/bs_detection/SinaAppBS/config_1/20260209/002023_20260209.png
2026-02-09 16:09:02,102 - INFO - 股票 002023 处理成功: /Users/chenyiyun/PycharmProjects/Chenyiyun2087/Sina/bs_detection/SinaAppBS/config_1/20260209/002023_20260209.png
2026-02-09 16:09:05,142 - INFO - 访问股票 002037 行情页面
2026-02-09 16:09:05,144 - INFO - 访问股票 002035 行情页面
2026-02-09 16:09:05,498 - INFO - 访问股票 002043 行情页面
2026-02-09 16:09:07,223 - INFO - 股票 002037: 关闭弹窗
2026-02-09 16:09:07,237 - INFO - 股票 002035: 关闭弹窗
2026-02-09 16:09:07,608 - INFO - 股票 002043: 关闭弹窗
2026-02-09 16:09:08,257 - INFO - 股票 002037: 关闭弹窗
2026-02-09 16:09:08,271 - INFO - 股票 002035: 关闭弹窗
2026-02-09 16:09:08,634 - INFO - 股票 002043: 关闭弹窗
2026-02-09 16:09:09,307 - INFO - 股票 002037: 切换到B/S点标签页
2026-02-09 16:09:09,315 - INFO - 股票 002035: 切换到B/S点标签页
2026-02-09 16:09:09,669 - INFO - 股票 002043: 切换到B/S点标签页
2026-02-09 16:09:16,479 - INFO - 股票 002035: 点击全屏查看按钮(CSS)
2026-02-09 16:09:16,482 - INFO - 股票 002037: 点击全屏查看按钮(CSS)
2026-02-09 16:09:16,834 - INFO - 股票 002043: 点击全屏查看按钮(CSS)
2026-02-09 16:09:18,564 - INFO - 股票 002037: 截图已保存为: /Users/chenyiyun/PycharmProjects/Chenyiyun2087/Sina/bs_detection/SinaAppBS/config_1/20260209/002037_20260209.png
2026-02-09 16:09:18,578 - INFO - 股票 002035: 截图已保存为: /Users/chenyiyun/PycharmProjects/Chenyiyun2087/Sina/bs_detection/SinaAppBS/config_1/20260209/002035_20260209.png
2026-02-09 16:09:18,651 - INFO - 股票 002037 处理成功: /Users/chenyiyun/PycharmProjects/Chenyiyun2087/Sina/bs_detection/SinaAppBS/config_1/20260209/002037_20260209.png
2026-02-09 16:09:18,667 - INFO - 股票 002035 处理成功: /Users/chenyiyun/PycharmProjects/Chenyiyun2087/Sina/bs_detection/SinaAppBS/config_1/20260209/002035_20260209.png
2026-02-09 16:09:18,949 - INFO - 股票 002043: 截图已保存为: /Users/chenyiyun/PycharmProjects/Chenyiyun2087/Sina/bs_detection/SinaAppBS/config_1/20260209/002043_20260209.png
2026-02-09 16:09:19,068 - INFO - 股票 002043 处理成功: /Users/chenyiyun/PycharmProjects/Chenyiyun2087/Sina/bs_detection/SinaAppBS/config_1/20260209/002043_20260209.png
2026-02-09 16:09:19,351 - INFO - 访问股票 002049 行情页面
2026-02-09 16:09:19,430 - INFO - 访问股票 002067 行情页面
2026-02-09 16:09:20,561 - INFO - 访问股票 002074 行情页面
2026-02-09 16:09:22,028 - INFO - 股票 002067: 关闭弹窗
2026-02-09 16:09:22,972 - INFO - 股票 002049: 关闭弹窗
2026-02-09 16:09:23,053 - INFO - 股票 002067: 关闭弹窗
2026-02-09 16:09:23,694 - INFO - 股票 002074: 关闭弹窗
2026-02-09 16:09:24,007 - INFO - 股票 002049: 关闭弹窗
2026-02-09 16:09:24,094 - INFO - 股票 002067: 切换到B/S点标签页
2026-02-09 16:09:24,724 - INFO - 股票 002074: 关闭弹窗
2026-02-09 16:09:25,054 - INFO - 股票 002049: 切换到B/S点标签页
2026-02-09 16:09:25,766 - INFO - 股票 002074: 切换到B/S点标签页
2026-02-09 16:09:31,262 - INFO - 股票 002067: 点击全屏查看按钮(CSS)
2026-02-09 16:09:32,227 - INFO - 股票 002049: 点击全屏查看按钮(CSS)
2026-02-09 16:09:32,941 - INFO - 股票 002074: 点击全屏查看按钮(CSS)
2026-02-09 16:09:33,345 - INFO - 股票 002067: 截图已保存为: /Users/chenyiyun/PycharmProjects/Chenyiyun2087/Sina/bs_detection/SinaAppBS/config_1/20260209/002067_20260209.png
2026-02-09 16:09:33,429 - INFO - 股票 002067 处理成功: /Users/chenyiyun/PycharmProjects/Chenyiyun2087/Sina/bs_detection/SinaAppBS/config_1/20260209/002067_20260209.png
2026-02-09 16:09:34,302 - INFO - 股票 002049: 截图已保存为: /Users/chenyiyun/PycharmProjects/Chenyiyun2087/Sina/bs_detection/SinaAppBS/config_1/20260209/002049_20260209.png
2026-02-09 16:09:34,419 - INFO - 股票 002049 处理成功: /Users/chenyiyun/PycharmProjects/Chenyiyun2087/Sina/bs_detection/SinaAppBS/config_1/20260209/002049_20260209.png
2026-02-09 16:09:34,889 - INFO - 访问股票 002081 行情页面
2026-02-09 16:09:35,029 - INFO - 股票 002074: 截图已保存为: /Users/chenyiyun/PycharmProjects/Chenyiyun2087/Sina/bs_detection/SinaAppBS/config_1/20260209/002074_20260209.png
2026-02-09 16:09:35,124 - INFO - 股票 002074 处理成功: /Users/chenyiyun/PycharmProjects/Chenyiyun2087/Sina/bs_detection/SinaAppBS/config_1/20260209/002074_20260209.png
2026-02-09 16:09:35,908 - INFO - 访问股票 002086 行情页面
2026-02-09 16:09:35,909 - INFO - 访问股票 002095 行情页面
2026-02-09 16:09:37,497 - INFO - 股票 002081: 关闭弹窗
2026-02-09 16:09:38,527 - INFO - 股票 002081: 关闭弹窗
2026-02-09 16:09:38,528 - INFO - 股票 002095: 关闭弹窗
2026-02-09 16:09:38,564 - INFO - 股票 002086: 关闭弹窗
2026-02-09 16:09:39,565 - INFO - 股票 002095: 关闭弹窗
2026-02-09 16:09:39,569 - INFO - 股票 002081: 切换到B/S点标签页
2026-02-09 16:09:39,594 - INFO - 股票 002086: 关闭弹窗
2026-02-09 16:09:40,616 - INFO - 股票 002095: 切换到B/S点标签页
2026-02-09 16:09:40,634 - INFO - 股票 002086: 切换到B/S点标签页
2026-02-09 16:09:46,760 - INFO - 股票 002081: 点击全屏查看按钮(CSS)
2026-02-09 16:09:47,787 - INFO - 股票 002095: 点击全屏查看按钮(CSS)
2026-02-09 16:09:47,794 - INFO - 股票 002086: 点击全屏查看按钮(CSS)
2026-02-09 16:09:48,841 - INFO - 股票 002081: 截图已保存为: /Users/chenyiyun/PycharmProjects/Chenyiyun2087/Sina/bs_detection/SinaAppBS/config_1/20260209/002081_20260209.png
2026-02-09 16:09:48,928 - INFO - 股票 002081 处理成功: /Users/chenyiyun/PycharmProjects/Chenyiyun2087/Sina/bs_detection/SinaAppBS/config_1/20260209/002081_20260209.png
2026-02-09 16:09:49,884 - INFO - 股票 002086: 截图已保存为: /Users/chenyiyun/PycharmProjects/Chenyiyun2087/Sina/bs_detection/SinaAppBS/config_1/20260209/002086_20260209.png
2026-02-09 16:09:49,899 - INFO - 股票 002095: 截图已保存为: /Users/chenyiyun/PycharmProjects/Chenyiyun2087/Sina/bs_detection/SinaAppBS/config_1/20260209/002095_20260209.png
2026-02-09 16:09:49,970 - INFO - 股票 002086 处理成功: /Users/chenyiyun/PycharmProjects/Chenyiyun2087/Sina/bs_detection/SinaAppBS/config_1/20260209/002086_20260209.png
2026-02-09 16:09:49,983 - INFO - 股票 002095 处理成功: /Users/chenyiyun/PycharmProjects/Chenyiyun2087/Sina/bs_detection/SinaAppBS/config_1/20260209/002095_20260209.png
2026-02-09 16:09:50,167 - INFO - 访问股票 002104 行情页面
2026-02-09 16:09:51,226 - INFO - 访问股票 002112 行情页面
2026-02-09 16:09:51,909 - INFO - 访问股票 002120 行情页面
2026-02-09 16:09:52,797 - INFO - 股票 002104: 关闭弹窗
2026-02-09 16:09:53,826 - INFO - 股票 002104: 关闭弹窗
2026-02-09 16:09:54,369 - INFO - 股票 002112: 关闭弹窗
2026-02-09 16:09:54,869 - INFO - 股票 002104: 切换到B/S点标签页
2026-02-09 16:09:55,398 - INFO - 股票 002112: 关闭弹窗
2026-02-09 16:09:55,513 - INFO - 股票 002120: 关闭弹窗
2026-02-09 16:09:56,445 - INFO - 股票 002112: 切换到B/S点标签页
2026-02-09 16:09:56,543 - INFO - 股票 002120: 关闭弹窗
2026-02-09 16:09:57,589 - INFO - 股票 002120: 切换到B/S点标签页
2026-02-09 16:10:02,039 - INFO - 股票 002104: 点击全屏查看按钮(CSS)
2026-02-09 16:10:03,612 - INFO - 股票 002112: 点击全屏查看按钮(CSS)
2026-02-09 16:10:04,145 - INFO - 股票 002104: 截图已保存为: /Users/chenyiyun/PycharmProjects/Chenyiyun2087/Sina/bs_detection/SinaAppBS/config_1/20260209/002104_20260209.png
2026-02-09 16:10:04,231 - INFO - 股票 002104 处理成功: /Users/chenyiyun/PycharmProjects/Chenyiyun2087/Sina/bs_detection/SinaAppBS/config_1/20260209/002104_20260209.png
2026-02-09 16:10:04,755 - INFO - 股票 002120: 点击全屏查看按钮(CSS)
2026-02-09 16:10:05,699 - INFO - 股票 002112: 截图已保存为: /Users/chenyiyun/PycharmProjects/Chenyiyun2087/Sina/bs_detection/SinaAppBS/config_1/20260209/002112_20260209.png
2026-02-09 16:10:05,786 - INFO - 股票 002112 处理成功: /Users/chenyiyun/PycharmProjects/Chenyiyun2087/Sina/bs_detection/SinaAppBS/config_1/20260209/002112_20260209.png
2026-02-09 16:10:06,843 - INFO - 股票 002120: 截图已保存为: /Users/chenyiyun/PycharmProjects/Chenyiyun2087/Sina/bs_detection/SinaAppBS/config_1/20260209/002120_20260209.png
2026-02-09 16:10:06,930 - INFO - 股票 002120 处理成功: /Users/chenyiyun/PycharmProjects/Chenyiyun2087/Sina/bs_detection/SinaAppBS/config_1/20260209/002120_20260209.png
2026-02-09 16:10:08,795 - INFO - 访问股票 002127 行情页面
2026-02-09 16:10:09,088 - INFO - 访问股票 002128 行情页面
2026-02-09 16:10:09,286 - INFO - 访问股票 002130 行情页面
2026-02-09 16:10:10,924 - INFO - 股票 002127: 关闭弹窗
2026-02-09 16:10:11,176 - INFO - 股票 002128: 关闭弹窗
2026-02-09 16:10:11,955 - INFO - 股票 002127: 关闭弹窗
2026-02-09 16:10:12,206 - INFO - 股票 002128: 关闭弹窗
2026-02-09 16:10:12,916 - INFO - 股票 002130: 关闭弹窗
2026-02-09 16:10:12,991 - INFO - 股票 002127: 切换到B/S点标签页
2026-02-09 16:10:13,245 - INFO - 股票 002128: 切换到B/S点标签页
2026-02-09 16:10:13,949 - INFO - 股票 002130: 关闭弹窗
2026-02-09 16:10:14,998 - INFO - 股票 002130: 切换到B/S点标签页
2026-02-09 16:10:20,156 - INFO - 股票 002127: 点击全屏查看按钮(CSS)
2026-02-09 16:10:20,409 - INFO - 股票 002128: 点击全屏查看按钮(CSS)
2026-02-09 16:10:22,172 - INFO - 股票 002130: 点击全屏查看按钮(CSS)
2026-02-09 16:10:22,235 - INFO - 股票 002127: 截图已保存为: /Users/chenyiyun/PycharmProjects/Chenyiyun2087/Sina/bs_detection/SinaAppBS/config_1/20260209/002127_20260209.png
2026-02-09 16:10:22,320 - INFO - 股票 002127 处理成功: /Users/chenyiyun/PycharmProjects/Chenyiyun2087/Sina/bs_detection/SinaAppBS/config_1/20260209/002127_20260209.png
2026-02-09 16:10:22,492 - INFO - 股票 002128: 截图已保存为: /Users/chenyiyun/PycharmProjects/Chenyiyun2087/Sina/bs_detection/SinaAppBS/config_1/20260209/002128_20260209.png
2026-02-09 16:10:22,578 - INFO - 股票 002128 处理成功: /Users/chenyiyun/PycharmProjects/Chenyiyun2087/Sina/bs_detection/SinaAppBS/config_1/20260209/002128_20260209.png
2026-02-09 16:10:23,838 - INFO - 访问股票 002131 行情页面
2026-02-09 16:10:24,209 - INFO - 访问股票 002153 行情页面
2026-02-09 16:10:24,248 - INFO - 股票 002130: 截图已保存为: /Users/chenyiyun/PycharmProjects/Chenyiyun2087/Sina/bs_detection/SinaAppBS/config_1/20260209/002130_20260209.png
2026-02-09 16:10:24,333 - INFO - 股票 002130 处理成功: /Users/chenyiyun/PycharmProjects/Chenyiyun2087/Sina/bs_detection/SinaAppBS/config_1/20260209/002130_20260209.png
2026-02-09 16:10:25,644 - INFO - 访问股票 002160 行情页面
2026-02-09 16:10:26,483 - INFO - 股票 002131: 关闭弹窗
2026-02-09 16:10:26,812 - INFO - 股票 002153: 关闭弹窗
2026-02-09 16:10:27,516 - INFO - 股票 002131: 关闭弹窗
2026-02-09 16:10:27,845 - INFO - 股票 002153: 关闭弹窗
2026-02-09 16:10:28,291 - INFO - 股票 002160: 关闭弹窗
2026-02-09 16:10:28,559 - INFO - 股票 002131: 切换到B/S点标签页
2026-02-09 16:10:28,878 - INFO - 股票 002153: 切换到B/S点标签页
2026-02-09 16:10:29,320 - INFO - 股票 002160: 关闭弹窗
2026-02-09 16:10:30,365 - INFO - 股票 002160: 切换到B/S点标签页
2026-02-09 16:10:35,738 - INFO - 股票 002131: 点击全屏查看按钮(CSS)
2026-02-09 16:10:36,056 - INFO - 股票 002153: 点击全屏查看按钮(CSS)
2026-02-09 16:10:37,535 - INFO - 股票 002160: 点击全屏查看按钮(CSS)
2026-02-09 16:10:37,813 - INFO - 股票 002131: 截图已保存为: /Users/chenyiyun/PycharmProjects/Chenyiyun2087/Sina/bs_detection/SinaAppBS/config_1/20260209/002131_20260209.png
2026-02-09 16:10:37,899 - INFO - 股票 002131 处理成功: /Users/chenyiyun/PycharmProjects/Chenyiyun2087/Sina/bs_detection/SinaAppBS/config_1/20260209/002131_20260209.png
2026-02-09 16:10:38,149 - INFO - 股票 002153: 截图已保存为: /Users/chenyiyun/PycharmProjects/Chenyiyun2087/Sina/bs_detection/SinaAppBS/config_1/20260209/002153_20260209.png
2026-02-09 16:10:38,236 - INFO - 股票 002153 处理成功: /Users/chenyiyun/PycharmProjects/Chenyiyun2087/Sina/bs_detection/SinaAppBS/config_1/20260209/002153_20260209.png
2026-02-09 16:10:39,267 - INFO - 访问股票 002163 行情页面
2026-02-09 16:10:39,606 - INFO - 股票 002160: 截图已保存为: /Users/chenyiyun/PycharmProjects/Chenyiyun2087/Sina/bs_detection/SinaAppBS/config_1/20260209/002160_20260209.png
2026-02-09 16:10:39,732 - INFO - 股票 002160 处理成功: /Users/chenyiyun/PycharmProjects/Chenyiyun2087/Sina/bs_detection/SinaAppBS/config_1/20260209/002160_20260209.png
2026-02-09 16:10:39,740 - INFO - 访问股票 002167 行情页面
2026-02-09 16:10:41,256 - INFO - 访问股票 002169 行情页面
2026-02-09 16:10:42,891 - INFO - 股票 002163: 关闭弹窗
2026-02-09 16:10:43,355 - INFO - 股票 002167: 关闭弹窗
2026-02-09 16:10:43,922 - INFO - 股票 002163: 关闭弹窗
2026-02-09 16:10:44,383 - INFO - 股票 002167: 关闭弹窗
2026-02-09 16:10:44,393 - INFO - 股票 002169: 关闭弹窗
2026-02-09 16:10:44,962 - INFO - 股票 002163: 切换到B/S点标签页
2026-02-09 16:10:45,421 - INFO - 股票 002169: 关闭弹窗
2026-02-09 16:10:45,422 - INFO - 股票 002167: 切换到B/S点标签页
2026-02-09 16:10:46,465 - INFO - 股票 002169: 切换到B/S点标签页
2026-02-09 16:10:52,105 - INFO - 股票 002163: 点击全屏查看按钮(CSS)
2026-02-09 16:10:52,599 - INFO - 股票 002167: 点击全屏查看按钮(CSS)
2026-02-09 16:10:53,638 - INFO - 股票 002169: 点击全屏查看按钮(CSS)
2026-02-09 16:10:54,194 - INFO - 股票 002163: 截图已保存为: /Users/chenyiyun/PycharmProjects/Chenyiyun2087/Sina/bs_detection/SinaAppBS/config_1/20260209/002163_20260209.png
2026-02-09 16:10:54,281 - INFO - 股票 002163 处理成功: /Users/chenyiyun/PycharmProjects/Chenyiyun2087/Sina/bs_detection/SinaAppBS/config_1/20260209/002163_20260209.png
2026-02-09 16:10:54,688 - INFO - 股票 002167: 截图已保存为: /Users/chenyiyun/PycharmProjects/Chenyiyun2087/Sina/bs_detection/SinaAppBS/config_1/20260209/002167_20260209.png
2026-02-09 16:10:54,773 - INFO - 股票 002167 处理成功: /Users/chenyiyun/PycharmProjects/Chenyiyun2087/Sina/bs_detection/SinaAppBS/config_1/20260209/002167_20260209.png
2026-02-09 16:10:55,714 - INFO - 股票 002169: 截图已保存为: /Users/chenyiyun/PycharmProjects/Chenyiyun2087/Sina/bs_detection/SinaAppBS/config_1/20260209/002169_20260209.png
2026-02-09 16:10:55,800 - INFO - 股票 002169 处理成功: /Users/chenyiyun/PycharmProjects/Chenyiyun2087/Sina/bs_detection/SinaAppBS/config_1/20260209/002169_20260209.png
2026-02-09 16:10:56,988 - INFO - 访问股票 002185 行情页面
2026-02-09 16:10:57,302 - INFO - 访问股票 002183 行情页面
2026-02-09 16:10:57,466 - INFO - 访问股票 002190 行情页面
2026-02-09 16:10:59,087 - INFO - 股票 002185: 关闭弹窗
2026-02-09 16:10:59,418 - INFO - 股票 002183: 关闭弹窗
2026-02-09 16:11:00,116 - INFO - 股票 002185: 关闭弹窗
2026-02-09 16:11:00,118 - INFO - 股票 002190: 关闭弹窗
2026-02-09 16:11:00,445 - INFO - 股票 002183: 关闭弹窗
2026-02-09 16:11:01,153 - INFO - 股票 002190: 关闭弹窗
2026-02-09 16:11:01,161 - INFO - 股票 002185: 切换到B/S点标签页
2026-02-09 16:11:01,483 - INFO - 股票 002183: 切换到B/S点标签页
2026-02-09 16:11:02,189 - INFO - 股票 002190: 切换到B/S点标签页
2026-02-09 16:11:08,345 - INFO - 股票 002185: 点击全屏查看按钮(CSS)
2026-02-09 16:11:08,678 - INFO - 股票 002183: 点击全屏查看按钮(CSS)
2026-02-09 16:11:09,355 - INFO - 股票 002190: 点击全屏查看按钮(CSS)
2026-02-09 16:11:10,422 - INFO - 股票 002185: 截图已保存为: /Users/chenyiyun/PycharmProjects/Chenyiyun2087/Sina/bs_detection/SinaAppBS/config_1/20260209/002185_20260209.png
2026-02-09 16:11:10,507 - INFO - 股票 002185 处理成功: /Users/chenyiyun/PycharmProjects/Chenyiyun2087/Sina/bs_detection/SinaAppBS/config_1/20260209/002185_20260209.png
2026-02-09 16:11:10,783 - INFO - 股票 002183: 截图已保存为: /Users/chenyiyun/PycharmProjects/Chenyiyun2087/Sina/bs_detection/SinaAppBS/config_1/20260209/002183_20260209.png
2026-02-09 16:11:10,871 - INFO - 股票 002183 处理成功: /Users/chenyiyun/PycharmProjects/Chenyiyun2087/Sina/bs_detection/SinaAppBS/config_1/20260209/002183_20260209.png
2026-02-09 16:11:11,433 - INFO - 股票 002190: 截图已保存为: /Users/chenyiyun/PycharmProjects/Chenyiyun2087/Sina/bs_detection/SinaAppBS/config_1/20260209/002190_20260209.png
2026-02-09 16:11:11,553 - INFO - 股票 002190 处理成功: /Users/chenyiyun/PycharmProjects/Chenyiyun2087/Sina/bs_detection/SinaAppBS/config_1/20260209/002190_20260209.png
2026-02-09 16:11:15,216 - INFO - 访问股票 002195 行情页面
2026-02-09 16:11:15,346 - INFO - 访问股票 002218 行情页面
2026-02-09 16:11:15,393 - INFO - 访问股票 002204 行情页面
2026-02-09 16:11:17,324 - INFO - 股票 002195: 关闭弹窗
2026-02-09 16:11:17,473 - INFO - 股票 002204: 关闭弹窗
2026-02-09 16:11:17,473 - INFO - 股票 002218: 关闭弹窗
2026-02-09 16:11:18,355 - INFO - 股票 002195: 关闭弹窗
2026-02-09 16:11:18,504 - INFO - 股票 002204: 关闭弹窗
2026-02-09 16:11:18,504 - INFO - 股票 002218: 关闭弹窗
2026-02-09 16:11:19,406 - INFO - 股票 002195: 切换到B/S点标签页
2026-02-09 16:11:19,551 - INFO - 股票 002204: 切换到B/S点标签页
2026-02-09 16:11:19,553 - INFO - 股票 002218: 切换到B/S点标签页
2026-02-09 16:11:26,580 - INFO - 股票 002195: 点击全屏查看按钮(CSS)
2026-02-09 16:11:26,713 - INFO - 股票 002204: 点击全屏查看按钮(CSS)
2026-02-09 16:11:26,715 - INFO - 股票 002218: 点击全屏查看按钮(CSS)
2026-02-09 16:11:28,669 - INFO - 股票 002195: 截图已保存为: /Users/chenyiyun/PycharmProjects/Chenyiyun2087/Sina/bs_detection/SinaAppBS/config_1/20260209/002195_20260209.png
2026-02-09 16:11:28,756 - INFO - 股票 002195 处理成功: /Users/chenyiyun/PycharmProjects/Chenyiyun2087/Sina/bs_detection/SinaAppBS/config_1/20260209/002195_20260209.png
2026-02-09 16:11:28,789 - INFO - 股票 002204: 截图已保存为: /Users/chenyiyun/PycharmProjects/Chenyiyun2087/Sina/bs_detection/SinaAppBS/config_1/20260209/002204_20260209.png
2026-02-09 16:11:28,806 - INFO - 股票 002218: 截图已保存为: /Users/chenyiyun/PycharmProjects/Chenyiyun2087/Sina/bs_detection/SinaAppBS/config_1/20260209/002218_20260209.png
2026-02-09 16:11:28,874 - INFO - 股票 002204 处理成功: /Users/chenyiyun/PycharmProjects/Chenyiyun2087/Sina/bs_detection/SinaAppBS/config_1/20260209/002204_20260209.png
2026-02-09 16:11:28,893 - INFO - 股票 002218 处理成功: /Users/chenyiyun/PycharmProjects/Chenyiyun2087/Sina/bs_detection/SinaAppBS/config_1/20260209/002218_20260209.png
2026-02-09 16:11:30,188 - INFO - 访问股票 002233 行情页面
2026-02-09 16:11:30,351 - INFO - 访问股票 002223 行情页面
2026-02-09 16:11:30,973 - INFO - 访问股票 002236 行情页面
2026-02-09 16:11:32,794 - INFO - 股票 002233: 关闭弹窗
2026-02-09 16:11:32,977 - INFO - 股票 002223: 关闭弹窗
2026-02-09 16:11:33,576 - INFO - 股票 002236: 关闭弹窗
2026-02-09 16:11:33,827 - INFO - 股票 002233: 关闭弹窗
2026-02-09 16:11:34,008 - INFO - 股票 002223: 关闭弹窗
2026-02-09 16:11:34,613 - INFO - 股票 002236: 关闭弹窗
2026-02-09 16:11:34,872 - INFO - 股票 002233: 切换到B/S点标签页
2026-02-09 16:11:35,048 - INFO - 股票 002223: 切换到B/S点标签页
2026-02-09 16:11:35,651 - INFO - 股票 002236: 切换到B/S点标签页
2026-02-09 16:11:42,068 - INFO - 股票 002233: 点击全屏查看按钮(CSS)
2026-02-09 16:11:42,212 - INFO - 股票 002223: 点击全屏查看按钮(CSS)
2026-02-09 16:11:42,809 - INFO - 股票 002236: 点击全屏查看按钮(CSS)
2026-02-09 16:11:44,166 - INFO - 股票 002233: 截图已保存为: /Users/chenyiyun/PycharmProjects/Chenyiyun2087/Sina/bs_detection/SinaAppBS/config_1/20260209/002233_20260209.png
2026-02-09 16:11:44,250 - INFO - 股票 002233 处理成功: /Users/chenyiyun/PycharmProjects/Chenyiyun2087/Sina/bs_detection/SinaAppBS/config_1/20260209/002233_20260209.png
2026-02-09 16:11:44,281 - INFO - 股票 002223: 截图已保存为: /Users/chenyiyun/PycharmProjects/Chenyiyun2087/Sina/bs_detection/SinaAppBS/config_1/20260209/002223_20260209.png
2026-02-09 16:11:44,366 - INFO - 股票 002223 处理成功: /Users/chenyiyun/PycharmProjects/Chenyiyun2087/Sina/bs_detection/SinaAppBS/config_1/20260209/002223_20260209.png
2026-02-09 16:11:44,913 - INFO - 股票 002236: 截图已保存为: /Users/chenyiyun/PycharmProjects/Chenyiyun2087/Sina/bs_detection/SinaAppBS/config_1/20260209/002236_20260209.png
2026-02-09 16:11:44,996 - INFO - 股票 002236 处理成功: /Users/chenyiyun/PycharmProjects/Chenyiyun2087/Sina/bs_detection/SinaAppBS/config_1/20260209/002236_20260209.png
2026-02-09 16:11:45,931 - INFO - 访问股票 002239 行情页面
2026-02-09 16:11:45,960 - INFO - 访问股票 002237 行情页面
2026-02-09 16:11:46,550 - INFO - 访问股票 002272 行情页面
2026-02-09 16:11:48,041 - INFO - 股票 002239: 关闭弹窗
2026-02-09 16:11:49,071 - INFO - 股票 002239: 关闭弹窗
2026-02-09 16:11:49,136 - INFO - 股票 002237: 关闭弹窗
2026-02-09 16:11:49,198 - INFO - 股票 002272: 关闭弹窗
2026-02-09 16:11:50,120 - INFO - 股票 002239: 切换到B/S点标签页
2026-02-09 16:11:50,163 - INFO - 股票 002237: 关闭弹窗
2026-02-09 16:11:50,225 - INFO - 股票 002272: 关闭弹窗
2026-02-09 16:11:51,210 - INFO - 股票 002237: 切换到B/S点标签页
2026-02-09 16:11:51,265 - INFO - 股票 002272: 切换到B/S点标签页
2026-02-09 16:11:57,298 - INFO - 股票 002239: 点击全屏查看按钮(CSS)
2026-02-09 16:11:58,390 - INFO - 股票 002237: 点击全屏查看按钮(CSS)
2026-02-09 16:11:58,429 - INFO - 股票 002272: 点击全屏查看按钮(CSS)
2026-02-09 16:11:59,392 - INFO - 股票 002239: 截图已保存为: /Users/chenyiyun/PycharmProjects/Chenyiyun2087/Sina/bs_detection/SinaAppBS/config_1/20260209/002239_20260209.png
2026-02-09 16:11:59,477 - INFO - 股票 002239 处理成功: /Users/chenyiyun/PycharmProjects/Chenyiyun2087/Sina/bs_detection/SinaAppBS/config_1/20260209/002239_20260209.png
2026-02-09 16:12:00,153 - INFO - 访问股票 002276 行情页面
2026-02-09 16:12:00,460 - INFO - 股票 002237: 截图已保存为: /Users/chenyiyun/PycharmProjects/Chenyiyun2087/Sina/bs_detection/SinaAppBS/config_1/20260209/002237_20260209.png
2026-02-09 16:12:00,525 - INFO - 股票 002272: 截图已保存为: /Users/chenyiyun/PycharmProjects/Chenyiyun2087/Sina/bs_detection/SinaAppBS/config_1/20260209/002272_20260209.png
2026-02-09 16:12:00,551 - INFO - 股票 002237 处理成功: /Users/chenyiyun/PycharmProjects/Chenyiyun2087/Sina/bs_detection/SinaAppBS/config_1/20260209/002237_20260209.png
2026-02-09 16:12:00,607 - INFO - 股票 002272 处理成功: /Users/chenyiyun/PycharmProjects/Chenyiyun2087/Sina/bs_detection/SinaAppBS/config_1/20260209/002272_20260209.png
2026-02-09 16:12:01,848 - INFO - 访问股票 002291 行情页面
2026-02-09 16:12:01,918 - INFO - 访问股票 002292 行情页面
2026-02-09 16:12:02,803 - INFO - 股票 002276: 关闭弹窗
2026-02-09 16:12:03,837 - INFO - 股票 002276: 关闭弹窗
2026-02-09 16:12:04,585 - INFO - 股票 002292: 关闭弹窗
2026-02-09 16:12:04,878 - INFO - 股票 002276: 切换到B/S点标签页
2026-02-09 16:12:04,952 - INFO - 股票 002291: 关闭弹窗
2026-02-09 16:12:05,618 - INFO - 股票 002292: 关闭弹窗
2026-02-09 16:12:05,987 - INFO - 股票 002291: 关闭弹窗
2026-02-09 16:12:06,665 - INFO - 股票 002292: 切换到B/S点标签页
2026-02-09 16:12:07,026 - INFO - 股票 002291: 切换到B/S点标签页
2026-02-09 16:12:12,044 - INFO - 股票 002276: 点击全屏查看按钮(CSS)
2026-02-09 16:12:13,825 - INFO - 股票 002292: 点击全屏查看按钮(CSS)
2026-02-09 16:12:14,147 - INFO - 股票 002276: 截图已保存为: /Users/chenyiyun/PycharmProjects/Chenyiyun2087/Sina/bs_detection/SinaAppBS/config_1/20260209/002276_20260209.png
2026-02-09 16:12:14,194 - INFO - 股票 002291: 点击全屏查看按钮(CSS)
2026-02-09 16:12:14,232 - INFO - 股票 002276 处理成功: /Users/chenyiyun/PycharmProjects/Chenyiyun2087/Sina/bs_detection/SinaAppBS/config_1/20260209/002276_20260209.png
2026-02-09 16:12:15,877 - INFO - 访问股票 002294 行情页面
2026-02-09 16:12:15,909 - INFO - 股票 002292: 截图已保存为: /Users/chenyiyun/PycharmProjects/Chenyiyun2087/Sina/bs_detection/SinaAppBS/config_1/20260209/002292_20260209.png
2026-02-09 16:12:15,993 - INFO - 股票 002292 处理成功: /Users/chenyiyun/PycharmProjects/Chenyiyun2087/Sina/bs_detection/SinaAppBS/config_1/20260209/002292_20260209.png
2026-02-09 16:12:16,273 - INFO - 股票 002291: 截图已保存为: /Users/chenyiyun/PycharmProjects/Chenyiyun2087/Sina/bs_detection/SinaAppBS/config_1/20260209/002291_20260209.png
2026-02-09 16:12:16,354 - INFO - 股票 002291 处理成功: /Users/chenyiyun/PycharmProjects/Chenyiyun2087/Sina/bs_detection/SinaAppBS/config_1/20260209/002291_20260209.png
2026-02-09 16:12:19,812 - INFO - 访问股票 002306 行情页面
2026-02-09 16:12:19,813 - INFO - 访问股票 002320 行情页面
2026-02-09 16:12:20,530 - INFO - 股票 002294: 关闭弹窗
2026-02-09 16:12:21,564 - INFO - 股票 002294: 关闭弹窗
2026-02-09 16:12:21,890 - INFO - 股票 002320: 关闭弹窗
2026-02-09 16:12:21,900 - INFO - 股票 002306: 关闭弹窗
2026-02-09 16:12:22,605 - INFO - 股票 002294: 切换到B/S点标签页
2026-02-09 16:12:22,918 - INFO - 股票 002320: 关闭弹窗
2026-02-09 16:12:22,928 - INFO - 股票 002306: 关闭弹窗
2026-02-09 16:12:23,972 - INFO - 股票 002320: 切换到B/S点标签页
2026-02-09 16:12:23,977 - INFO - 股票 002306: 切换到B/S点标签页
2026-02-09 16:12:29,777 - INFO - 股票 002294: 点击全屏查看按钮(CSS)
2026-02-09 16:12:31,156 - INFO - 股票 002320: 点击全屏查看按钮(CSS)
2026-02-09 16:12:31,156 - INFO - 股票 002306: 点击全屏查看按钮(CSS)
2026-02-09 16:12:31,883 - INFO - 股票 002294: 截图已保存为: /Users/chenyiyun/PycharmProjects/Chenyiyun2087/Sina/bs_detection/SinaAppBS/config_1/20260209/002294_20260209.png
2026-02-09 16:12:31,965 - INFO - 股票 002294 处理成功: /Users/chenyiyun/PycharmProjects/Chenyiyun2087/Sina/bs_detection/SinaAppBS/config_1/20260209/002294_20260209.png
2026-02-09 16:12:32,615 - INFO - 访问股票 002326 行情页面
2026-02-09 16:12:33,252 - INFO - 股票 002320: 截图已保存为: /Users/chenyiyun/PycharmProjects/Chenyiyun2087/Sina/bs_detection/SinaAppBS/config_1/20260209/002320_20260209.png
2026-02-09 16:12:33,276 - INFO - 股票 002306: 截图已保存为: /Users/chenyiyun/PycharmProjects/Chenyiyun2087/Sina/bs_detection/SinaAppBS/config_1/20260209/002306_20260209.png
2026-02-09 16:12:33,338 - INFO - 股票 002320 处理成功: /Users/chenyiyun/PycharmProjects/Chenyiyun2087/Sina/bs_detection/SinaAppBS/config_1/20260209/002320_20260209.png
2026-02-09 16:12:33,362 - INFO - 股票 002306 处理成功: /Users/chenyiyun/PycharmProjects/Chenyiyun2087/Sina/bs_detection/SinaAppBS/config_1/20260209/002306_20260209.png
2026-02-09 16:12:35,142 - INFO - 访问股票 002328 行情页面
2026-02-09 16:12:35,324 - INFO - 访问股票 002343 行情页面
2026-02-09 16:12:35,762 - INFO - 股票 002326: 关闭弹窗
2026-02-09 16:12:36,802 - INFO - 股票 002326: 关闭弹窗
2026-02-09 16:12:37,212 - INFO - 股票 002328: 关闭弹窗
2026-02-09 16:12:37,844 - INFO - 股票 002326: 切换到B/S点标签页
2026-02-09 16:12:37,953 - INFO - 股票 002343: 关闭弹窗
2026-02-09 16:12:38,245 - INFO - 股票 002328: 关闭弹窗
2026-02-09 16:12:38,987 - INFO - 股票 002343: 关闭弹窗
2026-02-09 16:12:39,291 - INFO - 股票 002328: 切换到B/S点标签页
2026-02-09 16:12:40,030 - INFO - 股票 002343: 切换到B/S点标签页
2026-02-09 16:12:44,999 - INFO - 股票 002326: 点击全屏查看按钮(CSS)
2026-02-09 16:12:46,466 - INFO - 股票 002328: 点击全屏查看按钮(CSS)
2026-02-09 16:12:47,095 - INFO - 股票 002326: 截图已保存为: /Users/chenyiyun/PycharmProjects/Chenyiyun2087/Sina/bs_detection/SinaAppBS/config_1/20260209/002326_20260209.png
2026-02-09 16:12:47,183 - INFO - 股票 002326 处理成功: /Users/chenyiyun/PycharmProjects/Chenyiyun2087/Sina/bs_detection/SinaAppBS/config_1/20260209/002326_20260209.png
2026-02-09 16:12:47,192 - INFO - 股票 002343: 点击全屏查看按钮(CSS)
2026-02-09 16:12:48,552 - INFO - 股票 002328: 截图已保存为: /Users/chenyiyun/PycharmProjects/Chenyiyun2087/Sina/bs_detection/SinaAppBS/config_1/20260209/002328_20260209.png
2026-02-09 16:12:48,635 - INFO - 股票 002328 处理成功: /Users/chenyiyun/PycharmProjects/Chenyiyun2087/Sina/bs_detection/SinaAppBS/config_1/20260209/002328_20260209.png
2026-02-09 16:12:49,055 - INFO - 访问股票 002347 行情页面
2026-02-09 16:12:49,274 - INFO - 股票 002343: 截图已保存为: /Users/chenyiyun/PycharmProjects/Chenyiyun2087/Sina/bs_detection/SinaAppBS/config_1/20260209/002343_20260209.png
2026-02-09 16:12:49,358 - INFO - 股票 002343 处理成功: /Users/chenyiyun/PycharmProjects/Chenyiyun2087/Sina/bs_detection/SinaAppBS/config_1/20260209/002343_20260209.png
2026-02-09 16:12:50,264 - INFO - 访问股票 002355 行情页面
2026-02-09 16:12:50,264 - INFO - 访问股票 002353 行情页面
2026-02-09 16:12:51,688 - INFO - 股票 002347: 关闭弹窗
2026-02-09 16:12:52,377 - INFO - 股票 002353: 关闭弹窗
2026-02-09 16:12:52,718 - INFO - 股票 002347: 关闭弹窗
2026-02-09 16:12:52,854 - INFO - 股票 002355: 关闭弹窗
2026-02-09 16:12:53,413 - INFO - 股票 002353: 关闭弹窗
2026-02-09 16:12:53,759 - INFO - 股票 002347: 切换到B/S点标签页
2026-02-09 16:12:53,883 - INFO - 股票 002355: 关闭弹窗
2026-02-09 16:12:54,451 - INFO - 股票 002353: 切换到B/S点标签页
2026-02-09 16:12:54,925 - INFO - 股票 002355: 切换到B/S点标签页
2026-02-09 16:13:00,944 - INFO - 股票 002347: 点击全屏查看按钮(CSS)
2026-02-09 16:13:01,607 - INFO - 股票 002353: 点击全屏查看按钮(CSS)
2026-02-09 16:13:02,097 - INFO - 股票 002355: 点击全屏查看按钮(CSS)
2026-02-09 16:13:03,036 - INFO - 股票 002347: 截图已保存为: /Users/chenyiyun/PycharmProjects/Chenyiyun2087/Sina/bs_detection/SinaAppBS/config_1/20260209/002347_20260209.png
2026-02-09 16:13:03,123 - INFO - 股票 002347 处理成功: /Users/chenyiyun/PycharmProjects/Chenyiyun2087/Sina/bs_detection/SinaAppBS/config_1/20260209/002347_20260209.png
2026-02-09 16:13:03,700 - INFO - 股票 002353: 截图已保存为: /Users/chenyiyun/PycharmProjects/Chenyiyun2087/Sina/bs_detection/SinaAppBS/config_1/20260209/002353_20260209.png
2026-02-09 16:13:03,781 - INFO - 股票 002353 处理成功: /Users/chenyiyun/PycharmProjects/Chenyiyun2087/Sina/bs_detection/SinaAppBS/config_1/20260209/002353_20260209.png
2026-02-09 16:13:04,180 - INFO - 股票 002355: 截图已保存为: /Users/chenyiyun/PycharmProjects/Chenyiyun2087/Sina/bs_detection/SinaAppBS/config_1/20260209/002355_20260209.png
2026-02-09 16:13:04,276 - INFO - 股票 002355 处理成功: /Users/chenyiyun/PycharmProjects/Chenyiyun2087/Sina/bs_detection/SinaAppBS/config_1/20260209/002355_20260209.png
2026-02-09 16:13:04,645 - INFO - 访问股票 002358 行情页面
2026-02-09 16:13:05,690 - INFO - 访问股票 002396 行情页面
2026-02-09 16:13:06,379 - INFO - 访问股票 002369 行情页面
2026-02-09 16:13:07,259 - INFO - 股票 002358: 关闭弹窗
2026-02-09 16:13:07,821 - INFO - 股票 002396: 关闭弹窗
2026-02-09 16:13:08,293 - INFO - 股票 002358: 关闭弹窗
2026-02-09 16:13:08,851 - INFO - 股票 002396: 关闭弹窗
2026-02-09 16:13:09,335 - INFO - 股票 002358: 切换到B/S点标签页
2026-02-09 16:13:09,890 - INFO - 股票 002396: 切换到B/S点标签页
2026-02-09 16:13:10,026 - INFO - 股票 002369: 关闭弹窗
2026-02-09 16:13:11,063 - INFO - 股票 002369: 关闭弹窗
2026-02-09 16:13:12,108 - INFO - 股票 002369: 切换到B/S点标签页
2026-02-09 16:13:16,506 - INFO - 股票 002358: 点击全屏查看按钮(CSS)
2026-02-09 16:13:17,056 - INFO - 股票 002396: 点击全屏查看按钮(CSS)
2026-02-09 16:13:18,601 - INFO - 股票 002358: 截图已保存为: /Users/chenyiyun/PycharmProjects/Chenyiyun2087/Sina/bs_detection/SinaAppBS/config_1/20260209/002358_20260209.png
2026-02-09 16:13:18,690 - INFO - 股票 002358 处理成功: /Users/chenyiyun/PycharmProjects/Chenyiyun2087/Sina/bs_detection/SinaAppBS/config_1/20260209/002358_20260209.png
2026-02-09 16:13:19,147 - INFO - 股票 002396: 截图已保存为: /Users/chenyiyun/PycharmProjects/Chenyiyun2087/Sina/bs_detection/SinaAppBS/config_1/20260209/002396_20260209.png
2026-02-09 16:13:19,230 - INFO - 股票 002396 处理成功: /Users/chenyiyun/PycharmProjects/Chenyiyun2087/Sina/bs_detection/SinaAppBS/config_1/20260209/002396_20260209.png
2026-02-09 16:13:19,261 - INFO - 股票 002369: 点击全屏查看按钮(CSS)
2026-02-09 16:13:20,187 - INFO - 访问股票 002430 行情页面
2026-02-09 16:13:20,789 - INFO - 访问股票 002439 行情页面
2026-02-09 16:13:21,360 - INFO - 股票 002369: 截图已保存为: /Users/chenyiyun/PycharmProjects/Chenyiyun2087/Sina/bs_detection/SinaAppBS/config_1/20260209/002369_20260209.png
2026-02-09 16:13:21,447 - INFO - 股票 002369 处理成功: /Users/chenyiyun/PycharmProjects/Chenyiyun2087/Sina/bs_detection/SinaAppBS/config_1/20260209/002369_20260209.png
2026-02-09 16:13:23,201 - INFO - 访问股票 002445 行情页面
2026-02-09 16:13:24,858 - INFO - 股票 002430: 关闭弹窗
2026-02-09 16:13:24,935 - INFO - 股票 002439: 关闭弹窗
2026-02-09 16:13:25,889 - INFO - 股票 002430: 关闭弹窗
2026-02-09 16:13:25,970 - INFO - 股票 002439: 关闭弹窗
2026-02-09 16:13:26,832 - INFO - 股票 002445: 关闭弹窗
2026-02-09 16:13:26,926 - INFO - 股票 002430: 切换到B/S点标签页
2026-02-09 16:13:27,003 - INFO - 股票 002439: 切换到B/S点标签页
2026-02-09 16:13:27,867 - INFO - 股票 002445: 关闭弹窗
2026-02-09 16:13:28,906 - INFO - 股票 002445: 切换到B/S点标签页
2026-02-09 16:13:34,092 - INFO - 股票 002430: 点击全屏查看按钮(CSS)
2026-02-09 16:13:34,158 - INFO - 股票 002439: 点击全屏查看按钮(CSS)
2026-02-09 16:13:36,083 - INFO - 股票 002445: 点击全屏查看按钮(CSS)
2026-02-09 16:13:36,184 - INFO - 股票 002430: 截图已保存为: /Users/chenyiyun/PycharmProjects/Chenyiyun2087/Sina/bs_detection/SinaAppBS/config_1/20260209/002430_20260209.png
2026-02-09 16:13:36,249 - INFO - 股票 002439: 截图已保存为: /Users/chenyiyun/PycharmProjects/Chenyiyun2087/Sina/bs_detection/SinaAppBS/config_1/20260209/002439_20260209.png
2026-02-09 16:13:36,274 - INFO - 股票 002430 处理成功: /Users/chenyiyun/PycharmProjects/Chenyiyun2087/Sina/bs_detection/SinaAppBS/config_1/20260209/002430_20260209.png
2026-02-09 16:13:36,333 - INFO - 股票 002439 处理成功: /Users/chenyiyun/PycharmProjects/Chenyiyun2087/Sina/bs_detection/SinaAppBS/config_1/20260209/002439_20260209.png
2026-02-09 16:13:37,543 - INFO - 访问股票 002448 行情页面
2026-02-09 16:13:38,168 - INFO - 股票 002445: 截图已保存为: /Users/chenyiyun/PycharmProjects/Chenyiyun2087/Sina/bs_detection/SinaAppBS/config_1/20260209/002445_20260209.png
2026-02-09 16:13:38,295 - INFO - 访问股票 002458 行情页面
2026-02-09 16:13:38,305 - INFO - 股票 002445 处理成功: /Users/chenyiyun/PycharmProjects/Chenyiyun2087/Sina/bs_detection/SinaAppBS/config_1/20260209/002445_20260209.png
2026-02-09 16:13:39,547 - INFO - 访问股票 002460 行情页面
2026-02-09 16:13:40,133 - INFO - 股票 002448: 关闭弹窗
2026-02-09 16:13:41,164 - INFO - 股票 002448: 关闭弹窗
2026-02-09 16:13:41,446 - INFO - 股票 002458: 关闭弹窗
2026-02-09 16:13:42,197 - INFO - 股票 002460: 关闭弹窗
2026-02-09 16:13:42,201 - INFO - 股票 002448: 切换到B/S点标签页
2026-02-09 16:13:42,473 - INFO - 股票 002458: 关闭弹窗
2026-02-09 16:13:43,231 - INFO - 股票 002460: 关闭弹窗
2026-02-09 16:13:43,518 - INFO - 股票 002458: 切换到B/S点标签页
2026-02-09 16:13:44,274 - INFO - 股票 002460: 切换到B/S点标签页
2026-02-09 16:13:49,388 - INFO - 股票 002448: 点击全屏查看按钮(CSS)
2026-02-09 16:13:50,711 - INFO - 股票 002458: 点击全屏查看按钮(CSS)
2026-02-09 16:13:51,440 - INFO - 股票 002460: 点击全屏查看按钮(CSS)
2026-02-09 16:13:51,465 - INFO - 股票 002448: 截图已保存为: /Users/chenyiyun/PycharmProjects/Chenyiyun2087/Sina/bs_detection/SinaAppBS/config_1/20260209/002448_20260209.png
2026-02-09 16:13:51,551 - INFO - 股票 002448 处理成功: /Users/chenyiyun/PycharmProjects/Chenyiyun2087/Sina/bs_detection/SinaAppBS/config_1/20260209/002448_20260209.png
2026-02-09 16:13:52,796 - INFO - 股票 002458: 截图已保存为: /Users/chenyiyun/PycharmProjects/Chenyiyun2087/Sina/bs_detection/SinaAppBS/config_1/20260209/002458_20260209.png
2026-02-09 16:13:52,881 - INFO - 股票 002458 处理成功: /Users/chenyiyun/PycharmProjects/Chenyiyun2087/Sina/bs_detection/SinaAppBS/config_1/20260209/002458_20260209.png
2026-02-09 16:13:53,310 - INFO - 访问股票 002466 行情页面
2026-02-09 16:13:53,505 - INFO - 股票 002460: 截图已保存为: /Users/chenyiyun/PycharmProjects/Chenyiyun2087/Sina/bs_detection/SinaAppBS/config_1/20260209/002460_20260209.png
2026-02-09 16:13:53,587 - INFO - 股票 002460 处理成功: /Users/chenyiyun/PycharmProjects/Chenyiyun2087/Sina/bs_detection/SinaAppBS/config_1/20260209/002460_20260209.png
2026-02-09 16:13:54,189 - INFO - 访问股票 002475 行情页面
2026-02-09 16:13:54,465 - INFO - 访问股票 002497 行情页面
2026-02-09 16:13:55,909 - INFO - 股票 002466: 关闭弹窗
2026-02-09 16:13:56,799 - INFO - 股票 002475: 关闭弹窗
2026-02-09 16:13:56,939 - INFO - 股票 002466: 关闭弹窗
2026-02-09 16:13:57,217 - INFO - 股票 002497: 关闭弹窗
2026-02-09 16:13:57,837 - INFO - 股票 002475: 关闭弹窗
2026-02-09 16:13:57,989 - INFO - 股票 002466: 切换到B/S点标签页
2026-02-09 16:13:58,246 - INFO - 股票 002497: 关闭弹窗
2026-02-09 16:13:58,876 - INFO - 股票 002475: 切换到B/S点标签页
2026-02-09 16:13:59,288 - INFO - 股票 002497: 切换到B/S点标签页
2026-02-09 16:14:05,169 - INFO - 股票 002466: 点击全屏查看按钮(CSS)
2026-02-09 16:14:06,043 - INFO - 股票 002475: 点击全屏查看按钮(CSS)
2026-02-09 16:14:06,460 - INFO - 股票 002497: 点击全屏查看按钮(CSS)
2026-02-09 16:14:07,245 - INFO - 股票 002466: 截图已保存为: /Users/chenyiyun/PycharmProjects/Chenyiyun2087/Sina/bs_detection/SinaAppBS/config_1/20260209/002466_20260209.png
2026-02-09 16:14:07,330 - INFO - 股票 002466 处理成功: /Users/chenyiyun/PycharmProjects/Chenyiyun2087/Sina/bs_detection/SinaAppBS/config_1/20260209/002466_20260209.png
2026-02-09 16:14:08,148 - INFO - 股票 002475: 截图已保存为: /Users/chenyiyun/PycharmProjects/Chenyiyun2087/Sina/bs_detection/SinaAppBS/config_1/20260209/002475_20260209.png
2026-02-09 16:14:08,241 - INFO - 股票 002475 处理成功: /Users/chenyiyun/PycharmProjects/Chenyiyun2087/Sina/bs_detection/SinaAppBS/config_1/20260209/002475_20260209.png
2026-02-09 16:14:08,539 - INFO - 股票 002497: 截图已保存为: /Users/chenyiyun/PycharmProjects/Chenyiyun2087/Sina/bs_detection/SinaAppBS/config_1/20260209/002497_20260209.png
2026-02-09 16:14:08,656 - INFO - 股票 002497 处理成功: /Users/chenyiyun/PycharmProjects/Chenyiyun2087/Sina/bs_detection/SinaAppBS/config_1/20260209/002497_20260209.png
2026-02-09 16:14:08,730 - INFO - 访问股票 002530 行情页面
2026-02-09 16:14:09,636 - INFO - 访问股票 002545 行情页面
2026-02-09 16:14:11,341 - INFO - 股票 002530: 关闭弹窗
2026-02-09 16:14:11,930 - INFO - 访问股票 002548 行情页面
2026-02-09 16:14:12,256 - INFO - 股票 002545: 关闭弹窗
2026-02-09 16:14:12,372 - INFO - 股票 002530: 关闭弹窗
2026-02-09 16:14:13,292 - INFO - 股票 002545: 关闭弹窗
2026-02-09 16:14:13,411 - INFO - 股票 002530: 切换到B/S点标签页
2026-02-09 16:14:14,333 - INFO - 股票 002545: 切换到B/S点标签页
2026-02-09 16:14:14,548 - INFO - 股票 002548: 关闭弹窗
2026-02-09 16:14:15,582 - INFO - 股票 002548: 关闭弹窗
2026-02-09 16:14:16,628 - INFO - 股票 002548: 切换到B/S点标签页
2026-02-09 16:14:20,589 - INFO - 股票 002530: 点击全屏查看按钮(CSS)
2026-02-09 16:14:21,514 - INFO - 股票 002545: 点击全屏查看按钮(CSS)
2026-02-09 16:14:22,671 - INFO - 股票 002530: 截图已保存为: /Users/chenyiyun/PycharmProjects/Chenyiyun2087/Sina/bs_detection/SinaAppBS/config_1/20260209/002530_20260209.png
2026-02-09 16:14:22,756 - INFO - 股票 002530 处理成功: /Users/chenyiyun/PycharmProjects/Chenyiyun2087/Sina/bs_detection/SinaAppBS/config_1/20260209/002530_20260209.png
2026-02-09 16:14:23,605 - INFO - 股票 002545: 截图已保存为: /Users/chenyiyun/PycharmProjects/Chenyiyun2087/Sina/bs_detection/SinaAppBS/config_1/20260209/002545_20260209.png
2026-02-09 16:14:23,699 - INFO - 股票 002545 处理成功: /Users/chenyiyun/PycharmProjects/Chenyiyun2087/Sina/bs_detection/SinaAppBS/config_1/20260209/002545_20260209.png
2026-02-09 16:14:23,806 - INFO - 股票 002548: 点击全屏查看按钮(CSS)
2026-02-09 16:14:25,877 - INFO - 股票 002548: 截图已保存为: /Users/chenyiyun/PycharmProjects/Chenyiyun2087/Sina/bs_detection/SinaAppBS/config_1/20260209/002548_20260209.png
2026-02-09 16:14:25,959 - INFO - 股票 002548 处理成功: /Users/chenyiyun/PycharmProjects/Chenyiyun2087/Sina/bs_detection/SinaAppBS/config_1/20260209/002548_20260209.png
2026-02-09 16:14:27,182 - INFO - 访问股票 002549 行情页面
2026-02-09 16:14:27,183 - INFO - 访问股票 002555 行情页面
2026-02-09 16:14:27,509 - INFO - 访问股票 002559 行情页面
2026-02-09 16:14:29,277 - INFO - 股票 002555: 关闭弹窗
2026-02-09 16:14:29,278 - INFO - 股票 002549: 关闭弹窗
2026-02-09 16:14:30,311 - INFO - 股票 002555: 关闭弹窗
2026-02-09 16:14:30,323 - INFO - 股票 002549: 关闭弹窗
2026-02-09 16:14:30,631 - INFO - 股票 002559: 关闭弹窗
2026-02-09 16:14:31,359 - INFO - 股票 002555: 切换到B/S点标签页
2026-02-09 16:14:31,367 - INFO - 股票 002549: 切换到B/S点标签页
2026-02-09 16:14:31,664 - INFO - 股票 002559: 关闭弹窗
2026-02-09 16:14:32,706 - INFO - 股票 002559: 切换到B/S点标签页
2026-02-09 16:14:38,527 - INFO - 股票 002549: 点击全屏查看按钮(CSS)
2026-02-09 16:14:38,527 - INFO - 股票 002555: 点击全屏查看按钮(CSS)
2026-02-09 16:14:39,885 - INFO - 股票 002559: 点击全屏查看按钮(CSS)
2026-02-09 16:14:40,601 - INFO - 股票 002555: 截图已保存为: /Users/chenyiyun/PycharmProjects/Chenyiyun2087/Sina/bs_detection/SinaAppBS/config_1/20260209/002555_20260209.png
2026-02-09 16:14:40,626 - INFO - 股票 002549: 截图已保存为: /Users/chenyiyun/PycharmProjects/Chenyiyun2087/Sina/bs_detection/SinaAppBS/config_1/20260209/002549_20260209.png
2026-02-09 16:14:40,684 - INFO - 股票 002555 处理成功: /Users/chenyiyun/PycharmProjects/Chenyiyun2087/Sina/bs_detection/SinaAppBS/config_1/20260209/002555_20260209.png
2026-02-09 16:14:40,711 - INFO - 股票 002549 处理成功: /Users/chenyiyun/PycharmProjects/Chenyiyun2087/Sina/bs_detection/SinaAppBS/config_1/20260209/002549_20260209.png
2026-02-09 16:14:41,350 - INFO - 访问股票 002572 行情页面
2026-02-09 16:14:41,534 - INFO - 访问股票 002573 行情页面
2026-02-09 16:14:41,966 - INFO - 股票 002559: 截图已保存为: /Users/chenyiyun/PycharmProjects/Chenyiyun2087/Sina/bs_detection/SinaAppBS/config_1/20260209/002559_20260209.png
2026-02-09 16:14:42,048 - INFO - 股票 002559 处理成功: /Users/chenyiyun/PycharmProjects/Chenyiyun2087/Sina/bs_detection/SinaAppBS/config_1/20260209/002559_20260209.png
2026-02-09 16:14:43,388 - INFO - 访问股票 002600 行情页面
2026-02-09 16:14:43,961 - INFO - 股票 002572: 关闭弹窗
2026-02-09 16:14:44,164 - INFO - 股票 002573: 关闭弹窗
2026-02-09 16:14:44,992 - INFO - 股票 002572: 关闭弹窗
2026-02-09 16:14:45,202 - INFO - 股票 002573: 关闭弹窗
2026-02-09 16:14:45,985 - INFO - 股票 002600: 关闭弹窗
2026-02-09 16:14:46,028 - INFO - 股票 002572: 切换到B/S点标签页
2026-02-09 16:14:46,241 - INFO - 股票 002573: 切换到B/S点标签页
2026-02-09 16:14:47,022 - INFO - 股票 002600: 关闭弹窗
2026-02-09 16:14:48,070 - INFO - 股票 002600: 切换到B/S点标签页
2026-02-09 16:14:53,206 - INFO - 股票 002572: 点击全屏查看按钮(CSS)
2026-02-09 16:14:53,418 - INFO - 股票 002573: 点击全屏查看按钮(CSS)
2026-02-09 16:14:55,259 - INFO - 股票 002600: 点击全屏查看按钮(CSS)
2026-02-09 16:14:55,301 - INFO - 股票 002572: 截图已保存为: /Users/chenyiyun/PycharmProjects/Chenyiyun2087/Sina/bs_detection/SinaAppBS/config_1/20260209/002572_20260209.png
2026-02-09 16:14:55,387 - INFO - 股票 002572 处理成功: /Users/chenyiyun/PycharmProjects/Chenyiyun2087/Sina/bs_detection/SinaAppBS/config_1/20260209/002572_20260209.png
2026-02-09 16:14:55,505 - INFO - 股票 002573: 截图已保存为: /Users/chenyiyun/PycharmProjects/Chenyiyun2087/Sina/bs_detection/SinaAppBS/config_1/20260209/002573_20260209.png
2026-02-09 16:14:55,609 - INFO - 股票 002573 处理成功: /Users/chenyiyun/PycharmProjects/Chenyiyun2087/Sina/bs_detection/SinaAppBS/config_1/20260209/002573_20260209.png
2026-02-09 16:14:56,210 - INFO - 访问股票 002601 行情页面
2026-02-09 16:14:56,866 - INFO - 访问股票 002602 行情页面
2026-02-09 16:14:57,353 - INFO - 股票 002600: 截图已保存为: /Users/chenyiyun/PycharmProjects/Chenyiyun2087/Sina/bs_detection/SinaAppBS/config_1/20260209/002600_20260209.png
2026-02-09 16:14:57,435 - INFO - 股票 002600 处理成功: /Users/chenyiyun/PycharmProjects/Chenyiyun2087/Sina/bs_detection/SinaAppBS/config_1/20260209/002600_20260209.png
2026-02-09 16:14:58,798 - INFO - 访问股票 002628 行情页面
2026-02-09 16:14:58,870 - INFO - 股票 002601: 关闭弹窗
2026-02-09 16:14:59,906 - INFO - 股票 002601: 关闭弹窗
2026-02-09 16:15:00,945 - INFO - 股票 002601: 切换到B/S点标签页
2026-02-09 16:15:01,025 - INFO - 股票 002602: 关闭弹窗
2026-02-09 16:15:01,917 - INFO - 股票 002628: 关闭弹窗
2026-02-09 16:15:02,056 - INFO - 股票 002602: 关闭弹窗
2026-02-09 16:15:02,954 - INFO - 股票 002628: 关闭弹窗
2026-02-09 16:15:03,100 - INFO - 股票 002602: 切换到B/S点标签页
2026-02-09 16:15:03,999 - INFO - 股票 002628: 切换到B/S点标签页
2026-02-09 16:15:08,115 - INFO - 股票 002601: 点击全屏查看按钮(CSS)
2026-02-09 16:15:10,228 - INFO - 股票 002601: 截图已保存为: /Users/chenyiyun/PycharmProjects/Chenyiyun2087/Sina/bs_detection/SinaAppBS/config_1/20260209/002601_20260209.png
2026-02-09 16:15:10,264 - INFO - 股票 002602: 点击全屏查看按钮(CSS)
2026-02-09 16:15:10,309 - INFO - 股票 002601 处理成功: /Users/chenyiyun/PycharmProjects/Chenyiyun2087/Sina/bs_detection/SinaAppBS/config_1/20260209/002601_20260209.png
2026-02-09 16:15:11,172 - INFO - 股票 002628: 点击全屏查看按钮(CSS)
2026-02-09 16:15:11,616 - INFO - 访问股票 002629 行情页面
2026-02-09 16:15:12,334 - INFO - 股票 002602: 截图已保存为: /Users/chenyiyun/PycharmProjects/Chenyiyun2087/Sina/bs_detection/SinaAppBS/config_1/20260209/002602_20260209.png
2026-02-09 16:15:12,421 - INFO - 股票 002602 处理成功: /Users/chenyiyun/PycharmProjects/Chenyiyun2087/Sina/bs_detection/SinaAppBS/config_1/20260209/002602_20260209.png
2026-02-09 16:15:13,282 - INFO - 股票 002628: 截图已保存为: /Users/chenyiyun/PycharmProjects/Chenyiyun2087/Sina/bs_detection/SinaAppBS/config_1/20260209/002628_20260209.png
2026-02-09 16:15:13,368 - INFO - 股票 002628 处理成功: /Users/chenyiyun/PycharmProjects/Chenyiyun2087/Sina/bs_detection/SinaAppBS/config_1/20260209/002628_20260209.png
2026-02-09 16:15:13,970 - INFO - 访问股票 002646 行情页面
2026-02-09 16:15:14,129 - INFO - 访问股票 002648 行情页面
2026-02-09 16:15:14,279 - INFO - 股票 002629: 关闭弹窗
2026-02-09 16:15:15,314 - INFO - 股票 002629: 关闭弹窗
2026-02-09 16:15:16,358 - INFO - 股票 002629: 切换到B/S点标签页
2026-02-09 16:15:16,624 - INFO - 股票 002646: 关闭弹窗
2026-02-09 16:15:16,737 - INFO - 股票 002648: 关闭弹窗
2026-02-09 16:15:17,659 - INFO - 股票 002646: 关闭弹窗
2026-02-09 16:15:17,772 - INFO - 股票 002648: 关闭弹窗
2026-02-09 16:15:18,705 - INFO - 股票 002646: 切换到B/S点标签页
2026-02-09 16:15:18,810 - INFO - 股票 002648: 切换到B/S点标签页
2026-02-09 16:15:23,528 - INFO - 股票 002629: 点击全屏查看按钮(CSS)
2026-02-09 16:15:25,608 - INFO - 股票 002629: 截图已保存为: /Users/chenyiyun/PycharmProjects/Chenyiyun2087/Sina/bs_detection/SinaAppBS/config_1/20260209/002629_20260209.png
2026-02-09 16:15:25,693 - INFO - 股票 002629 处理成功: /Users/chenyiyun/PycharmProjects/Chenyiyun2087/Sina/bs_detection/SinaAppBS/config_1/20260209/002629_20260209.png
2026-02-09 16:15:25,876 - INFO - 股票 002646: 点击全屏查看按钮(CSS)
2026-02-09 16:15:25,967 - INFO - 股票 002648: 点击全屏查看按钮(CSS)
2026-02-09 16:15:26,954 - INFO - 访问股票 002651 行情页面
2026-02-09 16:15:27,969 - INFO - 股票 002646: 截图已保存为: /Users/chenyiyun/PycharmProjects/Chenyiyun2087/Sina/bs_detection/SinaAppBS/config_1/20260209/002646_20260209.png
2026-02-09 16:15:28,057 - INFO - 股票 002646 处理成功: /Users/chenyiyun/PycharmProjects/Chenyiyun2087/Sina/bs_detection/SinaAppBS/config_1/20260209/002646_20260209.png
2026-02-09 16:15:28,060 - INFO - 股票 002648: 截图已保存为: /Users/chenyiyun/PycharmProjects/Chenyiyun2087/Sina/bs_detection/SinaAppBS/config_1/20260209/002648_20260209.png
2026-02-09 16:15:28,145 - INFO - 股票 002648 处理成功: /Users/chenyiyun/PycharmProjects/Chenyiyun2087/Sina/bs_detection/SinaAppBS/config_1/20260209/002648_20260209.png
2026-02-09 16:15:29,935 - INFO - 访问股票 002654 行情页面
2026-02-09 16:15:31,121 - INFO - 股票 002651: 关闭弹窗
2026-02-09 16:15:32,168 - INFO - 股票 002651: 关闭弹窗
2026-02-09 16:15:32,180 - INFO - 访问股票 002655 行情页面
2026-02-09 16:15:32,523 - INFO - 股票 002654: 关闭弹窗
2026-02-09 16:15:33,208 - INFO - 股票 002651: 切换到B/S点标签页
2026-02-09 16:15:33,549 - INFO - 股票 002654: 关闭弹窗
2026-02-09 16:15:34,282 - INFO - 股票 002655: 关闭弹窗
2026-02-09 16:15:34,590 - INFO - 股票 002654: 切换到B/S点标签页
2026-02-09 16:15:35,311 - INFO - 股票 002655: 关闭弹窗
2026-02-09 16:15:36,358 - INFO - 股票 002655: 切换到B/S点标签页
2026-02-09 16:15:40,374 - INFO - 股票 002651: 点击全屏查看按钮(CSS)
2026-02-09 16:15:41,772 - INFO - 股票 002654: 点击全屏查看按钮(CSS)
2026-02-09 16:15:42,464 - INFO - 股票 002651: 截图已保存为: /Users/chenyiyun/PycharmProjects/Chenyiyun2087/Sina/bs_detection/SinaAppBS/config_1/20260209/002651_20260209.png
2026-02-09 16:15:42,564 - INFO - 股票 002651 处理成功: /Users/chenyiyun/PycharmProjects/Chenyiyun2087/Sina/bs_detection/SinaAppBS/config_1/20260209/002651_20260209.png
2026-02-09 16:15:43,537 - INFO - 股票 002655: 点击全屏查看按钮(CSS)
2026-02-09 16:15:43,874 - INFO - 股票 002654: 截图已保存为: /Users/chenyiyun/PycharmProjects/Chenyiyun2087/Sina/bs_detection/SinaAppBS/config_1/20260209/002654_20260209.png
2026-02-09 16:15:43,992 - INFO - 股票 002654 处理成功: /Users/chenyiyun/PycharmProjects/Chenyiyun2087/Sina/bs_detection/SinaAppBS/config_1/20260209/002654_20260209.png
2026-02-09 16:15:44,035 - INFO - 访问股票 002660 行情页面
2026-02-09 16:15:45,506 - INFO - 访问股票 002669 行情页面
2026-02-09 16:15:45,614 - INFO - 股票 002655: 截图已保存为: /Users/chenyiyun/PycharmProjects/Chenyiyun2087/Sina/bs_detection/SinaAppBS/config_1/20260209/002655_20260209.png
2026-02-09 16:15:45,700 - INFO - 股票 002655 处理成功: /Users/chenyiyun/PycharmProjects/Chenyiyun2087/Sina/bs_detection/SinaAppBS/config_1/20260209/002655_20260209.png
2026-02-09 16:15:46,483 - INFO - 访问股票 002673 行情页面
2026-02-09 16:15:47,651 - INFO - 股票 002660: 关闭弹窗
2026-02-09 16:15:48,110 - INFO - 股票 002669: 关闭弹窗
2026-02-09 16:15:48,682 - INFO - 股票 002660: 关闭弹窗
2026-02-09 16:15:49,145 - INFO - 股票 002669: 关闭弹窗
2026-02-09 16:15:49,725 - INFO - 股票 002660: 切换到B/S点标签页
2026-02-09 16:15:50,089 - INFO - 股票 002673: 关闭弹窗
2026-02-09 16:15:50,180 - INFO - 股票 002669: 切换到B/S点标签页
2026-02-09 16:15:51,129 - INFO - 股票 002673: 关闭弹窗
2026-02-09 16:15:52,179 - INFO - 股票 002673: 切换到B/S点标签页
2026-02-09 16:15:56,897 - INFO - 股票 002660: 点击全屏查看按钮(CSS)
2026-02-09 16:15:57,350 - INFO - 股票 002669: 点击全屏查看按钮(CSS)
2026-02-09 16:15:59,008 - INFO - 股票 002660: 截图已保存为: /Users/chenyiyun/PycharmProjects/Chenyiyun2087/Sina/bs_detection/SinaAppBS/config_1/20260209/002660_20260209.png
2026-02-09 16:15:59,095 - INFO - 股票 002660 处理成功: /Users/chenyiyun/PycharmProjects/Chenyiyun2087/Sina/bs_detection/SinaAppBS/config_1/20260209/002660_20260209.png
2026-02-09 16:15:59,338 - INFO - 股票 002673: 点击全屏查看按钮(CSS)
2026-02-09 16:15:59,455 - INFO - 股票 002669: 截图已保存为: /Users/chenyiyun/PycharmProjects/Chenyiyun2087/Sina/bs_detection/SinaAppBS/config_1/20260209/002669_20260209.png
2026-02-09 16:15:59,537 - INFO - 股票 002669 处理成功: /Users/chenyiyun/PycharmProjects/Chenyiyun2087/Sina/bs_detection/SinaAppBS/config_1/20260209/002669_20260209.png
2026-02-09 16:16:00,693 - INFO - 访问股票 002745 行情页面
2026-02-09 16:16:00,894 - INFO - 访问股票 002677 行情页面
2026-02-09 16:16:01,420 - INFO - 股票 002673: 截图已保存为: /Users/chenyiyun/PycharmProjects/Chenyiyun2087/Sina/bs_detection/SinaAppBS/config_1/20260209/002673_20260209.png
2026-02-09 16:16:01,504 - INFO - 股票 002673 处理成功: /Users/chenyiyun/PycharmProjects/Chenyiyun2087/Sina/bs_detection/SinaAppBS/config_1/20260209/002673_20260209.png
2026-02-09 16:16:03,015 - INFO - 访问股票 002747 行情页面
2026-02-09 16:16:03,816 - INFO - 股票 002745: 关闭弹窗
2026-02-09 16:16:04,519 - INFO - 股票 002677: 关闭弹窗
2026-02-09 16:16:04,845 - INFO - 股票 002745: 关闭弹窗
2026-02-09 16:16:05,552 - INFO - 股票 002677: 关闭弹窗
2026-02-09 16:16:05,890 - INFO - 股票 002745: 切换到B/S点标签页
2026-02-09 16:16:06,600 - INFO - 股票 002677: 切换到B/S点标签页
2026-02-09 16:16:06,638 - INFO - 股票 002747: 关闭弹窗
2026-02-09 16:16:07,675 - INFO - 股票 002747: 关闭弹窗
2026-02-09 16:16:08,719 - INFO - 股票 002747: 切换到B/S点标签页
2026-02-09 16:16:13,065 - INFO - 股票 002745: 点击全屏查看按钮(CSS)
2026-02-09 16:16:13,778 - INFO - 股票 002677: 点击全屏查看按钮(CSS)
2026-02-09 16:16:15,135 - INFO - 股票 002745: 截图已保存为: /Users/chenyiyun/PycharmProjects/Chenyiyun2087/Sina/bs_detection/SinaAppBS/config_1/20260209/002745_20260209.png
2026-02-09 16:16:15,222 - INFO - 股票 002745 处理成功: /Users/chenyiyun/PycharmProjects/Chenyiyun2087/Sina/bs_detection/SinaAppBS/config_1/20260209/002745_20260209.png
2026-02-09 16:16:15,884 - INFO - 股票 002677: 截图已保存为: /Users/chenyiyun/PycharmProjects/Chenyiyun2087/Sina/bs_detection/SinaAppBS/config_1/20260209/002677_20260209.png
2026-02-09 16:16:15,892 - INFO - 股票 002747: 点击全屏查看按钮(CSS)
2026-02-09 16:16:15,965 - INFO - 股票 002677 处理成功: /Users/chenyiyun/PycharmProjects/Chenyiyun2087/Sina/bs_detection/SinaAppBS/config_1/20260209/002677_20260209.png
2026-02-09 16:16:17,178 - INFO - 访问股票 002756 行情页面
2026-02-09 16:16:17,407 - INFO - 访问股票 002795 行情页面
2026-02-09 16:16:17,985 - INFO - 股票 002747: 截图已保存为: /Users/chenyiyun/PycharmProjects/Chenyiyun2087/Sina/bs_detection/SinaAppBS/config_1/20260209/002747_20260209.png
2026-02-09 16:16:18,071 - INFO - 股票 002747 处理成功: /Users/chenyiyun/PycharmProjects/Chenyiyun2087/Sina/bs_detection/SinaAppBS/config_1/20260209/002747_20260209.png
2026-02-09 16:16:19,468 - INFO - 访问股票 002812 行情页面
2026-02-09 16:16:20,021 - INFO - 股票 002795: 关闭弹窗
2026-02-09 16:16:20,783 - INFO - 股票 002756: 关闭弹窗
2026-02-09 16:16:21,051 - INFO - 股票 002795: 关闭弹窗
2026-02-09 16:16:21,821 - INFO - 股票 002756: 关闭弹窗
2026-02-09 16:16:22,063 - INFO - 股票 002812: 关闭弹窗
2026-02-09 16:16:22,088 - INFO - 股票 002795: 切换到B/S点标签页
2026-02-09 16:16:22,865 - INFO - 股票 002756: 切换到B/S点标签页
2026-02-09 16:16:23,100 - INFO - 股票 002812: 关闭弹窗
2026-02-09 16:16:24,142 - INFO - 股票 002812: 切换到B/S点标签页
2026-02-09 16:16:29,268 - INFO - 股票 002795: 点击全屏查看按钮(CSS)
2026-02-09 16:16:30,050 - INFO - 股票 002756: 点击全屏查看按钮(CSS)
2026-02-09 16:16:31,319 - INFO - 股票 002812: 点击全屏查看按钮(CSS)
2026-02-09 16:16:31,347 - INFO - 股票 002795: 截图已保存为: /Users/chenyiyun/PycharmProjects/Chenyiyun2087/Sina/bs_detection/SinaAppBS/config_1/20260209/002795_20260209.png
2026-02-09 16:16:31,433 - INFO - 股票 002795 处理成功: /Users/chenyiyun/PycharmProjects/Chenyiyun2087/Sina/bs_detection/SinaAppBS/config_1/20260209/002795_20260209.png
2026-02-09 16:16:32,137 - INFO - 股票 002756: 截图已保存为: /Users/chenyiyun/PycharmProjects/Chenyiyun2087/Sina/bs_detection/SinaAppBS/config_1/20260209/002756_20260209.png
2026-02-09 16:16:32,221 - INFO - 股票 002756 处理成功: /Users/chenyiyun/PycharmProjects/Chenyiyun2087/Sina/bs_detection/SinaAppBS/config_1/20260209/002756_20260209.png
2026-02-09 16:16:33,391 - INFO - 股票 002812: 截图已保存为: /Users/chenyiyun/PycharmProjects/Chenyiyun2087/Sina/bs_detection/SinaAppBS/config_1/20260209/002812_20260209.png
2026-02-09 16:16:33,478 - INFO - 股票 002812 处理成功: /Users/chenyiyun/PycharmProjects/Chenyiyun2087/Sina/bs_detection/SinaAppBS/config_1/20260209/002812_20260209.png
2026-02-09 16:16:35,394 - INFO - 访问股票 002821 行情页面
2026-02-09 16:16:35,519 - INFO - 访问股票 002903 行情页面
2026-02-09 16:16:35,641 - INFO - 访问股票 002843 行情页面
2026-02-09 16:16:37,627 - INFO - 股票 002903: 关闭弹窗
2026-02-09 16:16:37,756 - INFO - 股票 002843: 关闭弹窗
2026-02-09 16:16:37,984 - INFO - 股票 002821: 关闭弹窗
2026-02-09 16:16:38,663 - INFO - 股票 002903: 关闭弹窗
2026-02-09 16:16:38,782 - INFO - 股票 002843: 关闭弹窗
2026-02-09 16:16:39,020 - INFO - 股票 002821: 关闭弹窗
2026-02-09 16:16:39,712 - INFO - 股票 002903: 切换到B/S点标签页
2026-02-09 16:16:39,821 - INFO - 股票 002843: 切换到B/S点标签页
2026-02-09 16:16:40,058 - INFO - 股票 002821: 切换到B/S点标签页
2026-02-09 16:16:46,884 - INFO - 股票 002903: 点击全屏查看按钮(CSS)
2026-02-09 16:16:46,986 - INFO - 股票 002843: 点击全屏查看按钮(CSS)
2026-02-09 16:16:47,236 - INFO - 股票 002821: 点击全屏查看按钮(CSS)
2026-02-09 16:16:48,973 - INFO - 股票 002903: 截图已保存为: /Users/chenyiyun/PycharmProjects/Chenyiyun2087/Sina/bs_detection/SinaAppBS/config_1/20260209/002903_20260209.png
2026-02-09 16:16:49,057 - INFO - 股票 002903 处理成功: /Users/chenyiyun/PycharmProjects/Chenyiyun2087/Sina/bs_detection/SinaAppBS/config_1/20260209/002903_20260209.png
2026-02-09 16:16:49,073 - INFO - 股票 002843: 截图已保存为: /Users/chenyiyun/PycharmProjects/Chenyiyun2087/Sina/bs_detection/SinaAppBS/config_1/20260209/002843_20260209.png
2026-02-09 16:16:49,160 - INFO - 股票 002843 处理成功: /Users/chenyiyun/PycharmProjects/Chenyiyun2087/Sina/bs_detection/SinaAppBS/config_1/20260209/002843_20260209.png
2026-02-09 16:16:49,330 - INFO - 股票 002821: 截图已保存为: /Users/chenyiyun/PycharmProjects/Chenyiyun2087/Sina/bs_detection/SinaAppBS/config_1/20260209/002821_20260209.png
2026-02-09 16:16:49,418 - INFO - 股票 002821 处理成功: /Users/chenyiyun/PycharmProjects/Chenyiyun2087/Sina/bs_detection/SinaAppBS/config_1/20260209/002821_20260209.png
2026-02-09 16:16:51,221 - INFO - 访问股票 002908 行情页面
2026-02-09 16:16:51,415 - INFO - 访问股票 002909 行情页面
2026-02-09 16:16:51,652 - INFO - 访问股票 002932 行情页面
2026-02-09 16:16:53,786 - INFO - 股票 002932: 关闭弹窗
2026-02-09 16:16:53,898 - INFO - 股票 002908: 关闭弹窗
2026-02-09 16:16:54,033 - INFO - 股票 002909: 关闭弹窗
2026-02-09 16:16:54,820 - INFO - 股票 002932: 关闭弹窗
2026-02-09 16:16:54,925 - INFO - 股票 002908: 关闭弹窗
2026-02-09 16:16:55,061 - INFO - 股票 002909: 关闭弹窗
2026-02-09 16:16:55,865 - INFO - 股票 002932: 切换到B/S点标签页
2026-02-09 16:16:55,962 - INFO - 股票 002908: 切换到B/S点标签页
2026-02-09 16:16:56,109 - INFO - 股票 002909: 切换到B/S点标签页
2026-02-09 16:17:03,059 - INFO - 股票 002932: 点击全屏查看按钮(CSS)
2026-02-09 16:17:03,121 - INFO - 股票 002908: 点击全屏查看按钮(CSS)
2026-02-09 16:17:03,287 - INFO - 股票 002909: 点击全屏查看按钮(CSS)
2026-02-09 16:17:05,152 - INFO - 股票 002932: 截图已保存为: /Users/chenyiyun/PycharmProjects/Chenyiyun2087/Sina/bs_detection/SinaAppBS/config_1/20260209/002932_20260209.png
2026-02-09 16:17:05,191 - INFO - 股票 002908: 截图已保存为: /Users/chenyiyun/PycharmProjects/Chenyiyun2087/Sina/bs_detection/SinaAppBS/config_1/20260209/002908_20260209.png
2026-02-09 16:17:05,236 - INFO - 股票 002932 处理成功: /Users/chenyiyun/PycharmProjects/Chenyiyun2087/Sina/bs_detection/SinaAppBS/config_1/20260209/002932_20260209.png
2026-02-09 16:17:05,298 - INFO - 股票 002908 处理成功: /Users/chenyiyun/PycharmProjects/Chenyiyun2087/Sina/bs_detection/SinaAppBS/config_1/20260209/002908_20260209.png
2026-02-09 16:17:05,403 - INFO - 股票 002909: 截图已保存为: /Users/chenyiyun/PycharmProjects/Chenyiyun2087/Sina/bs_detection/SinaAppBS/config_1/20260209/002909_20260209.png
2026-02-09 16:17:05,487 - INFO - 股票 002909 处理成功: /Users/chenyiyun/PycharmProjects/Chenyiyun2087/Sina/bs_detection/SinaAppBS/config_1/20260209/002909_20260209.png
2026-02-09 16:17:06,285 - INFO - 访问股票 002940 行情页面
2026-02-09 16:17:06,766 - INFO - 访问股票 002936 行情页面
2026-02-09 16:17:07,469 - INFO - 访问股票 002943 行情页面
2026-02-09 16:17:08,366 - INFO - 股票 002940: 关闭弹窗
2026-02-09 16:17:09,397 - INFO - 股票 002940: 关闭弹窗
2026-02-09 16:17:10,094 - INFO - 股票 002943: 关闭弹窗
2026-02-09 16:17:10,389 - INFO - 股票 002936: 关闭弹窗
2026-02-09 16:17:10,437 - INFO - 股票 002940: 切换到B/S点标签页
2026-02-09 16:17:11,132 - INFO - 股票 002943: 关闭弹窗
2026-02-09 16:17:11,423 - INFO - 股票 002936: 关闭弹窗
2026-02-09 16:17:12,181 - INFO - 股票 002943: 切换到B/S点标签页
2026-02-09 16:17:12,461 - INFO - 股票 002936: 切换到B/S点标签页
2026-02-09 16:17:17,590 - INFO - 股票 002940: 点击全屏查看按钮(CSS)
2026-02-09 16:17:19,374 - INFO - 股票 002943: 点击全屏查看按钮(CSS)
2026-02-09 16:17:19,647 - INFO - 股票 002936: 点击全屏查看按钮(CSS)
2026-02-09 16:17:19,690 - INFO - 股票 002940: 截图已保存为: /Users/chenyiyun/PycharmProjects/Chenyiyun2087/Sina/bs_detection/SinaAppBS/config_1/20260209/002940_20260209.png
2026-02-09 16:17:19,773 - INFO - 股票 002940 处理成功: /Users/chenyiyun/PycharmProjects/Chenyiyun2087/Sina/bs_detection/SinaAppBS/config_1/20260209/002940_20260209.png
2026-02-09 16:17:21,082 - INFO - 访问股票 002959 行情页面
2026-02-09 16:17:21,458 - INFO - 股票 002943: 截图已保存为: /Users/chenyiyun/PycharmProjects/Chenyiyun2087/Sina/bs_detection/SinaAppBS/config_1/20260209/002943_20260209.png
2026-02-09 16:17:21,543 - INFO - 股票 002943 处理成功: /Users/chenyiyun/PycharmProjects/Chenyiyun2087/Sina/bs_detection/SinaAppBS/config_1/20260209/002943_20260209.png
2026-02-09 16:17:21,737 - INFO - 股票 002936: 截图已保存为: /Users/chenyiyun/PycharmProjects/Chenyiyun2087/Sina/bs_detection/SinaAppBS/config_1/20260209/002936_20260209.png
2026-02-09 16:17:21,820 - INFO - 股票 002936 处理成功: /Users/chenyiyun/PycharmProjects/Chenyiyun2087/Sina/bs_detection/SinaAppBS/config_1/20260209/002936_20260209.png
2026-02-09 16:17:22,899 - INFO - 访问股票 002965 行情页面
2026-02-09 16:17:23,176 - INFO - 访问股票 002972 行情页面
2026-02-09 16:17:23,743 - INFO - 股票 002959: 关闭弹窗
2026-02-09 16:17:24,778 - INFO - 股票 002959: 关闭弹窗
2026-02-09 16:17:25,508 - INFO - 股票 002965: 关闭弹窗
2026-02-09 16:17:25,767 - INFO - 股票 002972: 关闭弹窗
2026-02-09 16:17:25,814 - INFO - 股票 002959: 切换到B/S点标签页
2026-02-09 16:17:26,537 - INFO - 股票 002965: 关闭弹窗
2026-02-09 16:17:26,800 - INFO - 股票 002972: 关闭弹窗
2026-02-09 16:17:27,584 - INFO - 股票 002965: 切换到B/S点标签页
2026-02-09 16:17:27,845 - INFO - 股票 002972: 切换到B/S点标签页
2026-02-09 16:17:32,983 - INFO - 股票 002959: 点击全屏查看按钮(CSS)
2026-02-09 16:17:34,762 - INFO - 股票 002965: 点击全屏查看按钮(CSS)
2026-02-09 16:17:35,023 - INFO - 股票 002972: 点击全屏查看按钮(CSS)
2026-02-09 16:17:35,071 - INFO - 股票 002959: 截图已保存为: /Users/chenyiyun/PycharmProjects/Chenyiyun2087/Sina/bs_detection/SinaAppBS/config_1/20260209/002959_20260209.png
2026-02-09 16:17:35,155 - INFO - 股票 002959 处理成功: /Users/chenyiyun/PycharmProjects/Chenyiyun2087/Sina/bs_detection/SinaAppBS/config_1/20260209/002959_20260209.png
2026-02-09 16:17:36,851 - INFO - 股票 002965: 截图已保存为: /Users/chenyiyun/PycharmProjects/Chenyiyun2087/Sina/bs_detection/SinaAppBS/config_1/20260209/002965_20260209.png
2026-02-09 16:17:36,938 - INFO - 股票 002965 处理成功: /Users/chenyiyun/PycharmProjects/Chenyiyun2087/Sina/bs_detection/SinaAppBS/config_1/20260209/002965_20260209.png
2026-02-09 16:17:37,121 - INFO - 股票 002972: 截图已保存为: /Users/chenyiyun/PycharmProjects/Chenyiyun2087/Sina/bs_detection/SinaAppBS/config_1/20260209/002972_20260209.png
2026-02-09 16:17:37,213 - INFO - 股票 002972 处理成功: /Users/chenyiyun/PycharmProjects/Chenyiyun2087/Sina/bs_detection/SinaAppBS/config_1/20260209/002972_20260209.png
2026-02-09 16:17:39,562 - INFO - 访问股票 002985 行情页面
2026-02-09 16:17:39,644 - INFO - 访问股票 003001 行情页面
2026-02-09 16:17:39,796 - INFO - 访问股票 003025 行情页面
2026-02-09 16:17:41,668 - INFO - 股票 002985: 关闭弹窗
2026-02-09 16:17:41,755 - INFO - 股票 003001: 关闭弹窗
2026-02-09 16:17:41,901 - INFO - 股票 003025: 关闭弹窗
2026-02-09 16:17:42,701 - INFO - 股票 002985: 关闭弹窗
2026-02-09 16:17:42,790 - INFO - 股票 003001: 关闭弹窗
2026-02-09 16:17:42,933 - INFO - 股票 003025: 关闭弹窗
2026-02-09 16:17:43,747 - INFO - 股票 002985: 切换到B/S点标签页
2026-02-09 16:17:43,821 - INFO - 股票 003001: 切换到B/S点标签页
2026-02-09 16:17:43,978 - INFO - 股票 003025: 切换到B/S点标签页
2026-02-09 16:17:50,938 - INFO - 股票 002985: 点击全屏查看按钮(CSS)
2026-02-09 16:17:50,980 - INFO - 股票 003001: 点击全屏查看按钮(CSS)
2026-02-09 16:17:51,132 - INFO - 股票 003025: 点击全屏查看按钮(CSS)
2026-02-09 16:17:53,014 - INFO - 股票 002985: 截图已保存为: /Users/chenyiyun/PycharmProjects/Chenyiyun2087/Sina/bs_detection/SinaAppBS/config_1/20260209/002985_20260209.png
2026-02-09 16:17:53,067 - INFO - 股票 003001: 截图已保存为: /Users/chenyiyun/PycharmProjects/Chenyiyun2087/Sina/bs_detection/SinaAppBS/config_1/20260209/003001_20260209.png
2026-02-09 16:17:53,105 - INFO - 股票 002985 处理成功: /Users/chenyiyun/PycharmProjects/Chenyiyun2087/Sina/bs_detection/SinaAppBS/config_1/20260209/002985_20260209.png
2026-02-09 16:17:53,146 - INFO - 股票 003001 处理成功: /Users/chenyiyun/PycharmProjects/Chenyiyun2087/Sina/bs_detection/SinaAppBS/config_1/20260209/003001_20260209.png
2026-02-09 16:17:53,222 - INFO - 股票 003025: 截图已保存为: /Users/chenyiyun/PycharmProjects/Chenyiyun2087/Sina/bs_detection/SinaAppBS/config_1/20260209/003025_20260209.png
2026-02-09 16:17:53,304 - INFO - 股票 003025 处理成功: /Users/chenyiyun/PycharmProjects/Chenyiyun2087/Sina/bs_detection/SinaAppBS/config_1/20260209/003025_20260209.png
2026-02-09 16:17:54,397 - INFO - 访问股票 300001 行情页面
2026-02-09 16:17:55,554 - INFO - 访问股票 300008 行情页面
2026-02-09 16:17:55,876 - INFO - 访问股票 300017 行情页面
2026-02-09 16:17:57,533 - INFO - 股票 300001: 关闭弹窗
2026-02-09 16:17:58,509 - INFO - 股票 300017: 关闭弹窗
2026-02-09 16:17:58,562 - INFO - 股票 300001: 关闭弹窗
2026-02-09 16:17:58,678 - INFO - 股票 300008: 关闭弹窗
2026-02-09 16:17:59,543 - INFO - 股票 300017: 关闭弹窗
2026-02-09 16:17:59,604 - INFO - 股票 300001: 切换到B/S点标签页
2026-02-09 16:17:59,705 - INFO - 股票 300008: 关闭弹窗
2026-02-09 16:18:00,589 - INFO - 股票 300017: 切换到B/S点标签页
2026-02-09 16:18:00,744 - INFO - 股票 300008: 切换到B/S点标签页
2026-02-09 16:18:06,768 - INFO - 股票 300001: 点击全屏查看按钮(CSS)
2026-02-09 16:18:07,783 - INFO - 股票 300017: 点击全屏查看按钮(CSS)
2026-02-09 16:18:07,901 - INFO - 股票 300008: 点击全屏查看按钮(CSS)
2026-02-09 16:18:08,848 - INFO - 股票 300001: 截图已保存为: /Users/chenyiyun/PycharmProjects/Chenyiyun2087/Sina/bs_detection/SinaAppBS/config_1/20260209/300001_20260209.png
2026-02-09 16:18:08,933 - INFO - 股票 300001 处理成功: /Users/chenyiyun/PycharmProjects/Chenyiyun2087/Sina/bs_detection/SinaAppBS/config_1/20260209/300001_20260209.png
2026-02-09 16:18:09,866 - INFO - 股票 300017: 截图已保存为: /Users/chenyiyun/PycharmProjects/Chenyiyun2087/Sina/bs_detection/SinaAppBS/config_1/20260209/300017_20260209.png
2026-02-09 16:18:09,952 - INFO - 股票 300017 处理成功: /Users/chenyiyun/PycharmProjects/Chenyiyun2087/Sina/bs_detection/SinaAppBS/config_1/20260209/300017_20260209.png
2026-02-09 16:18:09,986 - INFO - 股票 300008: 截图已保存为: /Users/chenyiyun/PycharmProjects/Chenyiyun2087/Sina/bs_detection/SinaAppBS/config_1/20260209/300008_20260209.png
2026-02-09 16:18:10,072 - INFO - 股票 300008 处理成功: /Users/chenyiyun/PycharmProjects/Chenyiyun2087/Sina/bs_detection/SinaAppBS/config_1/20260209/300008_20260209.png
2026-02-09 16:18:10,601 - INFO - 访问股票 300024 行情页面
2026-02-09 16:18:10,685 - INFO - 访问股票 300020 行情页面
2026-02-09 16:18:11,878 - INFO - 访问股票 300051 行情页面
2026-02-09 16:18:13,318 - INFO - 股票 300020: 关闭弹窗
2026-02-09 16:18:14,255 - INFO - 股票 300024: 关闭弹窗
2026-02-09 16:18:14,345 - INFO - 股票 300020: 关闭弹窗
2026-02-09 16:18:14,502 - INFO - 股票 300051: 关闭弹窗
2026-02-09 16:18:15,289 - INFO - 股票 300024: 关闭弹窗
2026-02-09 16:18:15,387 - INFO - 股票 300020: 切换到B/S点标签页
2026-02-09 16:18:15,534 - INFO - 股票 300051: 关闭弹窗
2026-02-09 16:18:16,334 - INFO - 股票 300024: 切换到B/S点标签页
2026-02-09 16:18:16,583 - INFO - 股票 300051: 切换到B/S点标签页
2026-02-09 16:18:22,559 - INFO - 股票 300020: 点击全屏查看按钮(CSS)
2026-02-09 16:18:23,514 - INFO - 股票 300024: 点击全屏查看按钮(CSS)
2026-02-09 16:18:23,753 - INFO - 股票 300051: 点击全屏查看按钮(CSS)
2026-02-09 16:18:24,654 - INFO - 股票 300020: 截图已保存为: /Users/chenyiyun/PycharmProjects/Chenyiyun2087/Sina/bs_detection/SinaAppBS/config_1/20260209/300020_20260209.png
2026-02-09 16:18:24,741 - INFO - 股票 300020 处理成功: /Users/chenyiyun/PycharmProjects/Chenyiyun2087/Sina/bs_detection/SinaAppBS/config_1/20260209/300020_20260209.png
2026-02-09 16:18:25,599 - INFO - 股票 300024: 截图已保存为: /Users/chenyiyun/PycharmProjects/Chenyiyun2087/Sina/bs_detection/SinaAppBS/config_1/20260209/300024_20260209.png
2026-02-09 16:18:25,687 - INFO - 股票 300024 处理成功: /Users/chenyiyun/PycharmProjects/Chenyiyun2087/Sina/bs_detection/SinaAppBS/config_1/20260209/300024_20260209.png
2026-02-09 16:18:25,846 - INFO - 股票 300051: 截图已保存为: /Users/chenyiyun/PycharmProjects/Chenyiyun2087/Sina/bs_detection/SinaAppBS/config_1/20260209/300051_20260209.png
2026-02-09 16:18:25,928 - INFO - 股票 300051 处理成功: /Users/chenyiyun/PycharmProjects/Chenyiyun2087/Sina/bs_detection/SinaAppBS/config_1/20260209/300051_20260209.png
2026-02-09 16:18:26,202 - INFO - 访问股票 300055 行情页面
2026-02-09 16:18:27,084 - INFO - 访问股票 300056 行情页面
2026-02-09 16:18:28,089 - INFO - 访问股票 300061 行情页面
2026-02-09 16:18:28,793 - INFO - 股票 300055: 关闭弹窗
2026-02-09 16:18:29,701 - INFO - 股票 300056: 关闭弹窗
2026-02-09 16:18:29,821 - INFO - 股票 300055: 关闭弹窗
2026-02-09 16:18:30,734 - INFO - 股票 300056: 关闭弹窗
2026-02-09 16:18:30,862 - INFO - 股票 300055: 切换到B/S点标签页
2026-02-09 16:18:31,723 - INFO - 股票 300061: 关闭弹窗
2026-02-09 16:18:31,770 - INFO - 股票 300056: 切换到B/S点标签页
2026-02-09 16:18:32,760 - INFO - 股票 300061: 关闭弹窗
2026-02-09 16:18:33,810 - INFO - 股票 300061: 切换到B/S点标签页
2026-02-09 16:18:38,041 - INFO - 股票 300055: 点击全屏查看按钮(CSS)
2026-02-09 16:18:38,947 - INFO - 股票 300056: 点击全屏查看按钮(CSS)
2026-02-09 16:18:40,128 - INFO - 股票 300055: 截图已保存为: /Users/chenyiyun/PycharmProjects/Chenyiyun2087/Sina/bs_detection/SinaAppBS/config_1/20260209/300055_20260209.png
2026-02-09 16:18:40,216 - INFO - 股票 300055 处理成功: /Users/chenyiyun/PycharmProjects/Chenyiyun2087/Sina/bs_detection/SinaAppBS/config_1/20260209/300055_20260209.png
2026-02-09 16:18:41,005 - INFO - 股票 300061: 点击全屏查看按钮(CSS)
2026-02-09 16:18:41,037 - INFO - 股票 300056: 截图已保存为: /Users/chenyiyun/PycharmProjects/Chenyiyun2087/Sina/bs_detection/SinaAppBS/config_1/20260209/300056_20260209.png
2026-02-09 16:18:41,136 - INFO - 股票 300056 处理成功: /Users/chenyiyun/PycharmProjects/Chenyiyun2087/Sina/bs_detection/SinaAppBS/config_1/20260209/300056_20260209.png
2026-02-09 16:18:43,116 - INFO - 股票 300061: 截图已保存为: /Users/chenyiyun/PycharmProjects/Chenyiyun2087/Sina/bs_detection/SinaAppBS/config_1/20260209/300061_20260209.png
2026-02-09 16:18:43,203 - INFO - 股票 300061 处理成功: /Users/chenyiyun/PycharmProjects/Chenyiyun2087/Sina/bs_detection/SinaAppBS/config_1/20260209/300061_20260209.png
2026-02-09 16:18:44,567 - INFO - 访问股票 300084 行情页面
2026-02-09 16:18:44,624 - INFO - 访问股票 300083 行情页面
2026-02-09 16:18:44,999 - INFO - 访问股票 300122 行情页面
2026-02-09 16:18:46,708 - INFO - 股票 300083: 关闭弹窗
2026-02-09 16:18:46,708 - INFO - 股票 300084: 关闭弹窗
2026-02-09 16:18:47,617 - INFO - 股票 300122: 关闭弹窗
2026-02-09 16:18:47,736 - INFO - 股票 300084: 关闭弹窗
2026-02-09 16:18:47,736 - INFO - 股票 300083: 关闭弹窗
2026-02-09 16:18:48,653 - INFO - 股票 300122: 关闭弹窗
2026-02-09 16:18:48,778 - INFO - 股票 300084: 切换到B/S点标签页
2026-02-09 16:18:48,780 - INFO - 股票 300083: 切换到B/S点标签页
2026-02-09 16:18:49,697 - INFO - 股票 300122: 切换到B/S点标签页
2026-02-09 16:18:55,964 - INFO - 股票 300084: 点击全屏查看按钮(CSS)
2026-02-09 16:18:55,965 - INFO - 股票 300083: 点击全屏查看按钮(CSS)
2026-02-09 16:18:56,880 - INFO - 股票 300122: 点击全屏查看按钮(CSS)
2026-02-09 16:18:58,040 - INFO - 股票 300084: 截图已保存为: /Users/chenyiyun/PycharmProjects/Chenyiyun2087/Sina/bs_detection/SinaAppBS/config_1/20260209/300084_20260209.png
2026-02-09 16:18:58,044 - INFO - 股票 300083: 截图已保存为: /Users/chenyiyun/PycharmProjects/Chenyiyun2087/Sina/bs_detection/SinaAppBS/config_1/20260209/300083_20260209.png
2026-02-09 16:18:58,139 - INFO - 股票 300083 处理成功: /Users/chenyiyun/PycharmProjects/Chenyiyun2087/Sina/bs_detection/SinaAppBS/config_1/20260209/300083_20260209.png
2026-02-09 16:18:58,141 - INFO - 股票 300084 处理成功: /Users/chenyiyun/PycharmProjects/Chenyiyun2087/Sina/bs_detection/SinaAppBS/config_1/20260209/300084_20260209.png
2026-02-09 16:18:58,972 - INFO - 股票 300122: 截图已保存为: /Users/chenyiyun/PycharmProjects/Chenyiyun2087/Sina/bs_detection/SinaAppBS/config_1/20260209/300122_20260209.png
2026-02-09 16:18:59,086 - INFO - 股票 300122 处理成功: /Users/chenyiyun/PycharmProjects/Chenyiyun2087/Sina/bs_detection/SinaAppBS/config_1/20260209/300122_20260209.png
2026-02-09 16:18:59,459 - INFO - 访问股票 300146 行情页面
2026-02-09 16:18:59,857 - INFO - 访问股票 300149 行情页面
2026-02-09 16:19:00,282 - INFO - 访问股票 300145 行情页面
2026-02-09 16:19:02,494 - INFO - 股票 300149: 关闭弹窗
2026-02-09 16:19:02,556 - INFO - 股票 300146: 关闭弹窗
2026-02-09 16:19:02,905 - INFO - 股票 300145: 关闭弹窗
2026-02-09 16:19:03,527 - INFO - 股票 300149: 关闭弹窗
2026-02-09 16:19:03,591 - INFO - 股票 300146: 关闭弹窗
2026-02-09 16:19:03,941 - INFO - 股票 300145: 关闭弹窗
2026-02-09 16:19:04,581 - INFO - 股票 300149: 切换到B/S点标签页
2026-02-09 16:19:04,633 - INFO - 股票 300146: 切换到B/S点标签页
2026-02-09 16:19:04,985 - INFO - 股票 300145: 切换到B/S点标签页
2026-02-09 16:19:11,785 - INFO - 股票 300149: 点击全屏查看按钮(CSS)
2026-02-09 16:19:11,826 - INFO - 股票 300146: 点击全屏查看按钮(CSS)
2026-02-09 16:19:12,187 - INFO - 股票 300145: 点击全屏查看按钮(CSS)
2026-02-09 16:19:13,890 - INFO - 股票 300149: 截图已保存为: /Users/chenyiyun/PycharmProjects/Chenyiyun2087/Sina/bs_detection/SinaAppBS/config_1/20260209/300149_20260209.png
2026-02-09 16:19:13,926 - INFO - 股票 300146: 截图已保存为: /Users/chenyiyun/PycharmProjects/Chenyiyun2087/Sina/bs_detection/SinaAppBS/config_1/20260209/300146_20260209.png
2026-02-09 16:19:13,980 - INFO - 股票 300149 处理成功: /Users/chenyiyun/PycharmProjects/Chenyiyun2087/Sina/bs_detection/SinaAppBS/config_1/20260209/300149_20260209.png
2026-02-09 16:19:14,012 - INFO - 股票 300146 处理成功: /Users/chenyiyun/PycharmProjects/Chenyiyun2087/Sina/bs_detection/SinaAppBS/config_1/20260209/300146_20260209.png
2026-02-09 16:19:14,270 - INFO - 股票 300145: 截图已保存为: /Users/chenyiyun/PycharmProjects/Chenyiyun2087/Sina/bs_detection/SinaAppBS/config_1/20260209/300145_20260209.png
2026-02-09 16:19:14,363 - INFO - 股票 300145 处理成功: /Users/chenyiyun/PycharmProjects/Chenyiyun2087/Sina/bs_detection/SinaAppBS/config_1/20260209/300145_20260209.png
2026-02-09 16:19:15,458 - INFO - 访问股票 300166 行情页面
2026-02-09 16:19:16,180 - INFO - 访问股票 300175 行情页面
2026-02-09 16:19:16,854 - INFO - 访问股票 300180 行情页面
2026-02-09 16:19:18,285 - INFO - 股票 300175: 关闭弹窗
2026-02-09 16:19:18,575 - INFO - 股票 300166: 关闭弹窗
2026-02-09 16:19:18,991 - INFO - 股票 300180: 关闭弹窗
2026-02-09 16:19:19,322 - INFO - 股票 300175: 关闭弹窗
2026-02-09 16:19:19,609 - INFO - 股票 300166: 关闭弹窗
2026-02-09 16:19:20,023 - INFO - 股票 300180: 关闭弹窗
2026-02-09 16:19:20,365 - INFO - 股票 300175: 切换到B/S点标签页
2026-02-09 16:19:20,656 - INFO - 股票 300166: 切换到B/S点标签页
2026-02-09 16:19:21,061 - INFO - 股票 300180: 切换到B/S点标签页
2026-02-09 16:19:27,569 - INFO - 股票 300175: 点击全屏查看按钮(CSS)
2026-02-09 16:19:27,864 - INFO - 股票 300166: 点击全屏查看按钮(CSS)
2026-02-09 16:19:28,269 - INFO - 股票 300180: 点击全屏查看按钮(CSS)
2026-02-09 16:19:29,652 - INFO - 股票 300175: 截图已保存为: /Users/chenyiyun/PycharmProjects/Chenyiyun2087/Sina/bs_detection/SinaAppBS/config_1/20260209/300175_20260209.png
2026-02-09 16:19:29,735 - INFO - 股票 300175 处理成功: /Users/chenyiyun/PycharmProjects/Chenyiyun2087/Sina/bs_detection/SinaAppBS/config_1/20260209/300175_20260209.png
2026-02-09 16:19:29,984 - INFO - 股票 300166: 截图已保存为: /Users/chenyiyun/PycharmProjects/Chenyiyun2087/Sina/bs_detection/SinaAppBS/config_1/20260209/300166_20260209.png
2026-02-09 16:19:30,077 - INFO - 股票 300166 处理成功: /Users/chenyiyun/PycharmProjects/Chenyiyun2087/Sina/bs_detection/SinaAppBS/config_1/20260209/300166_20260209.png
2026-02-09 16:19:30,372 - INFO - 股票 300180: 截图已保存为: /Users/chenyiyun/PycharmProjects/Chenyiyun2087/Sina/bs_detection/SinaAppBS/config_1/20260209/300180_20260209.png
2026-02-09 16:19:30,464 - INFO - 股票 300180 处理成功: /Users/chenyiyun/PycharmProjects/Chenyiyun2087/Sina/bs_detection/SinaAppBS/config_1/20260209/300180_20260209.png
2026-02-09 16:19:31,535 - INFO - 访问股票 300212 行情页面
2026-02-09 16:19:31,878 - INFO - 访问股票 300198 行情页面
2026-02-09 16:19:31,897 - INFO - 访问股票 300221 行情页面
2026-02-09 16:19:34,532 - INFO - 股票 300198: 关闭弹窗
2026-02-09 16:19:34,552 - INFO - 股票 300221: 关闭弹窗
2026-02-09 16:19:35,165 - INFO - 股票 300212: 关闭弹窗
2026-02-09 16:19:35,575 - INFO - 股票 300198: 关闭弹窗
2026-02-09 16:19:35,588 - INFO - 股票 300221: 关闭弹窗
2026-02-09 16:19:36,212 - INFO - 股票 300212: 关闭弹窗
2026-02-09 16:19:36,620 - INFO - 股票 300198: 切换到B/S点标签页
2026-02-09 16:19:36,625 - INFO - 股票 300221: 切换到B/S点标签页
2026-02-09 16:19:37,253 - INFO - 股票 300212: 切换到B/S点标签页
2026-02-09 16:19:43,828 - INFO - 股票 300198: 点击全屏查看按钮(CSS)
2026-02-09 16:19:43,832 - INFO - 股票 300221: 点击全屏查看按钮(CSS)
2026-02-09 16:19:44,457 - INFO - 股票 300212: 点击全屏查看按钮(CSS)
2026-02-09 16:19:45,920 - INFO - 股票 300198: 截图已保存为: /Users/chenyiyun/PycharmProjects/Chenyiyun2087/Sina/bs_detection/SinaAppBS/config_1/20260209/300198_20260209.png
2026-02-09 16:19:45,922 - INFO - 股票 300221: 截图已保存为: /Users/chenyiyun/PycharmProjects/Chenyiyun2087/Sina/bs_detection/SinaAppBS/config_1/20260209/300221_20260209.png
2026-02-09 16:19:46,014 - INFO - 股票 300198 处理成功: /Users/chenyiyun/PycharmProjects/Chenyiyun2087/Sina/bs_detection/SinaAppBS/config_1/20260209/300198_20260209.png
2026-02-09 16:19:46,018 - INFO - 股票 300221 处理成功: /Users/chenyiyun/PycharmProjects/Chenyiyun2087/Sina/bs_detection/SinaAppBS/config_1/20260209/300221_20260209.png
2026-02-09 16:19:46,559 - INFO - 股票 300212: 截图已保存为: /Users/chenyiyun/PycharmProjects/Chenyiyun2087/Sina/bs_detection/SinaAppBS/config_1/20260209/300212_20260209.png
2026-02-09 16:19:46,649 - INFO - 股票 300212 处理成功: /Users/chenyiyun/PycharmProjects/Chenyiyun2087/Sina/bs_detection/SinaAppBS/config_1/20260209/300212_20260209.png
2026-02-09 16:19:50,497 - INFO - 访问股票 300243 行情页面
2026-02-09 16:19:50,508 - INFO - 访问股票 300271 行情页面
2026-02-09 16:19:50,715 - INFO - 访问股票 300278 行情页面
2026-02-09 16:19:52,613 - INFO - 股票 300271: 关闭弹窗
2026-02-09 16:19:52,614 - INFO - 股票 300243: 关闭弹窗
2026-02-09 16:19:52,881 - INFO - 股票 300278: 关闭弹窗
2026-02-09 16:19:53,645 - INFO - 股票 300271: 关闭弹窗
2026-02-09 16:19:53,652 - INFO - 股票 300243: 关闭弹窗
2026-02-09 16:19:53,910 - INFO - 股票 300278: 关闭弹窗
2026-02-09 16:19:54,696 - INFO - 股票 300271: 切换到B/S点标签页
2026-02-09 16:19:54,701 - INFO - 股票 300243: 切换到B/S点标签页
2026-02-09 16:19:54,958 - INFO - 股票 300278: 切换到B/S点标签页
2026-02-09 16:20:01,939 - INFO - 股票 300243: 点击全屏查看按钮(CSS)
2026-02-09 16:20:01,942 - INFO - 股票 300271: 点击全屏查看按钮(CSS)
2026-02-09 16:20:02,167 - INFO - 股票 300278: 点击全屏查看按钮(CSS)
2026-02-09 16:20:04,025 - INFO - 股票 300243: 截图已保存为: /Users/chenyiyun/PycharmProjects/Chenyiyun2087/Sina/bs_detection/SinaAppBS/config_1/20260209/300243_20260209.png
2026-02-09 16:20:04,050 - INFO - 股票 300271: 截图已保存为: /Users/chenyiyun/PycharmProjects/Chenyiyun2087/Sina/bs_detection/SinaAppBS/config_1/20260209/300271_20260209.png
2026-02-09 16:20:04,108 - INFO - 股票 300243 处理成功: /Users/chenyiyun/PycharmProjects/Chenyiyun2087/Sina/bs_detection/SinaAppBS/config_1/20260209/300243_20260209.png
2026-02-09 16:20:04,137 - INFO - 股票 300271 处理成功: /Users/chenyiyun/PycharmProjects/Chenyiyun2087/Sina/bs_detection/SinaAppBS/config_1/20260209/300271_20260209.png
2026-02-09 16:20:04,258 - INFO - 股票 300278: 截图已保存为: /Users/chenyiyun/PycharmProjects/Chenyiyun2087/Sina/bs_detection/SinaAppBS/config_1/20260209/300278_20260209.png
2026-02-09 16:20:04,344 - INFO - 股票 300278 处理成功: /Users/chenyiyun/PycharmProjects/Chenyiyun2087/Sina/bs_detection/SinaAppBS/config_1/20260209/300278_20260209.png
2026-02-09 16:20:05,614 - INFO - 访问股票 300285 行情页面
2026-02-09 16:20:06,163 - INFO - 访问股票 300315 行情页面
2026-02-09 16:20:06,776 - INFO - 访问股票 300316 行情页面
2026-02-09 16:20:08,780 - INFO - 股票 300285: 关闭弹窗
2026-02-09 16:20:08,829 - INFO - 股票 300315: 关闭弹窗
2026-02-09 16:20:09,810 - INFO - 股票 300285: 关闭弹窗
2026-02-09 16:20:09,867 - INFO - 股票 300315: 关闭弹窗
2026-02-09 16:20:09,888 - INFO - 股票 300316: 关闭弹窗
2026-02-09 16:20:10,858 - INFO - 股票 300285: 切换到B/S点标签页
2026-02-09 16:20:10,904 - INFO - 股票 300315: 切换到B/S点标签页
2026-02-09 16:20:10,914 - INFO - 股票 300316: 关闭弹窗
2026-02-09 16:20:11,967 - INFO - 股票 300316: 切换到B/S点标签页
2026-02-09 16:20:18,065 - INFO - 股票 300285: 点击全屏查看按钮(CSS)
2026-02-09 16:20:18,094 - INFO - 股票 300315: 点击全屏查看按钮(CSS)
2026-02-09 16:20:19,166 - INFO - 股票 300316: 点击全屏查看按钮(CSS)
2026-02-09 16:20:20,148 - INFO - 股票 300285: 截图已保存为: /Users/chenyiyun/PycharmProjects/Chenyiyun2087/Sina/bs_detection/SinaAppBS/config_1/20260209/300285_20260209.png
2026-02-09 16:20:20,196 - INFO - 股票 300315: 截图已保存为: /Users/chenyiyun/PycharmProjects/Chenyiyun2087/Sina/bs_detection/SinaAppBS/config_1/20260209/300315_20260209.png
2026-02-09 16:20:20,242 - INFO - 股票 300285 处理成功: /Users/chenyiyun/PycharmProjects/Chenyiyun2087/Sina/bs_detection/SinaAppBS/config_1/20260209/300285_20260209.png
2026-02-09 16:20:20,281 - INFO - 股票 300315 处理成功: /Users/chenyiyun/PycharmProjects/Chenyiyun2087/Sina/bs_detection/SinaAppBS/config_1/20260209/300315_20260209.png
2026-02-09 16:20:21,255 - INFO - 股票 300316: 截图已保存为: /Users/chenyiyun/PycharmProjects/Chenyiyun2087/Sina/bs_detection/SinaAppBS/config_1/20260209/300316_20260209.png
2026-02-09 16:20:21,374 - INFO - 访问股票 300339 行情页面
2026-02-09 16:20:21,390 - INFO - 股票 300316 处理成功: /Users/chenyiyun/PycharmProjects/Chenyiyun2087/Sina/bs_detection/SinaAppBS/config_1/20260209/300316_20260209.png
2026-02-09 16:20:21,616 - INFO - 访问股票 300322 行情页面
2026-02-09 16:20:22,659 - INFO - 访问股票 300343 行情页面
2026-02-09 16:20:23,964 - INFO - 股票 300339: 关闭弹窗
2026-02-09 16:20:24,215 - INFO - 股票 300322: 关闭弹窗
2026-02-09 16:20:25,002 - INFO - 股票 300339: 关闭弹窗
2026-02-09 16:20:25,253 - INFO - 股票 300322: 关闭弹窗
2026-02-09 16:20:25,293 - INFO - 股票 300343: 关闭弹窗
2026-02-09 16:20:26,049 - INFO - 股票 300339: 切换到B/S点标签页
2026-02-09 16:20:26,313 - INFO - 股票 300322: 切换到B/S点标签页
2026-02-09 16:20:26,336 - INFO - 股票 300343: 关闭弹窗
2026-02-09 16:20:27,387 - INFO - 股票 300343: 切换到B/S点标签页
2026-02-09 16:20:33,261 - INFO - 股票 300339: 点击全屏查看按钮(CSS)
2026-02-09 16:20:33,512 - INFO - 股票 300322: 点击全屏查看按钮(CSS)
2026-02-09 16:20:34,594 - INFO - 股票 300343: 点击全屏查看按钮(CSS)
2026-02-09 16:20:35,335 - INFO - 股票 300339: 截图已保存为: /Users/chenyiyun/PycharmProjects/Chenyiyun2087/Sina/bs_detection/SinaAppBS/config_1/20260209/300339_20260209.png
2026-02-09 16:20:35,425 - INFO - 股票 300339 处理成功: /Users/chenyiyun/PycharmProjects/Chenyiyun2087/Sina/bs_detection/SinaAppBS/config_1/20260209/300339_20260209.png
2026-02-09 16:20:35,617 - INFO - 股票 300322: 截图已保存为: /Users/chenyiyun/PycharmProjects/Chenyiyun2087/Sina/bs_detection/SinaAppBS/config_1/20260209/300322_20260209.png
2026-02-09 16:20:35,703 - INFO - 股票 300322 处理成功: /Users/chenyiyun/PycharmProjects/Chenyiyun2087/Sina/bs_detection/SinaAppBS/config_1/20260209/300322_20260209.png
2026-02-09 16:20:36,673 - INFO - 股票 300343: 截图已保存为: /Users/chenyiyun/PycharmProjects/Chenyiyun2087/Sina/bs_detection/SinaAppBS/config_1/20260209/300343_20260209.png
2026-02-09 16:20:36,827 - INFO - 访问股票 300346 行情页面
2026-02-09 16:20:36,848 - INFO - 股票 300343 处理成功: /Users/chenyiyun/PycharmProjects/Chenyiyun2087/Sina/bs_detection/SinaAppBS/config_1/20260209/300343_20260209.png
2026-02-09 16:20:36,868 - INFO - 访问股票 300355 行情页面
2026-02-09 16:20:38,094 - INFO - 访问股票 300383 行情页面
2026-02-09 16:20:39,479 - INFO - 股票 300346: 关闭弹窗
2026-02-09 16:20:39,527 - INFO - 股票 300355: 关闭弹窗
2026-02-09 16:20:40,512 - INFO - 股票 300346: 关闭弹窗
2026-02-09 16:20:40,554 - INFO - 股票 300355: 关闭弹窗
2026-02-09 16:20:41,556 - INFO - 股票 300346: 切换到B/S点标签页
2026-02-09 16:20:41,591 - INFO - 股票 300355: 切换到B/S点标签页
2026-02-09 16:20:41,837 - INFO - 股票 300383: 关闭弹窗
2026-02-09 16:20:42,888 - INFO - 股票 300383: 关闭弹窗
2026-02-09 16:20:43,941 - INFO - 股票 300383: 切换到B/S点标签页
2026-02-09 16:20:48,769 - INFO - 股票 300346: 点击全屏查看按钮(CSS)
2026-02-09 16:20:48,781 - INFO - 股票 300355: 点击全屏查看按钮(CSS)
2026-02-09 16:20:50,861 - INFO - 股票 300355: 截图已保存为: /Users/chenyiyun/PycharmProjects/Chenyiyun2087/Sina/bs_detection/SinaAppBS/config_1/20260209/300355_20260209.png
2026-02-09 16:20:50,863 - INFO - 股票 300346: 截图已保存为: /Users/chenyiyun/PycharmProjects/Chenyiyun2087/Sina/bs_detection/SinaAppBS/config_1/20260209/300346_20260209.png
2026-02-09 16:20:50,949 - INFO - 股票 300346 处理成功: /Users/chenyiyun/PycharmProjects/Chenyiyun2087/Sina/bs_detection/SinaAppBS/config_1/20260209/300346_20260209.png
2026-02-09 16:20:50,954 - INFO - 股票 300355 处理成功: /Users/chenyiyun/PycharmProjects/Chenyiyun2087/Sina/bs_detection/SinaAppBS/config_1/20260209/300355_20260209.png
2026-02-09 16:20:51,147 - INFO - 股票 300383: 点击全屏查看按钮(CSS)
2026-02-09 16:20:53,229 - INFO - 股票 300383: 截图已保存为: /Users/chenyiyun/PycharmProjects/Chenyiyun2087/Sina/bs_detection/SinaAppBS/config_1/20260209/300383_20260209.png
2026-02-09 16:20:53,316 - INFO - 股票 300383 处理成功: /Users/chenyiyun/PycharmProjects/Chenyiyun2087/Sina/bs_detection/SinaAppBS/config_1/20260209/300383_20260209.png
2026-02-09 16:20:56,077 - INFO - 访问股票 300416 行情页面
2026-02-09 16:20:56,323 - INFO - 访问股票 300407 行情页面
2026-02-09 16:20:56,324 - INFO - 访问股票 300397 行情页面
2026-02-09 16:20:58,189 - INFO - 股票 300416: 关闭弹窗
2026-02-09 16:20:58,403 - INFO - 股票 300397: 关闭弹窗
2026-02-09 16:20:58,450 - INFO - 股票 300407: 关闭弹窗
2026-02-09 16:20:59,225 - INFO - 股票 300416: 关闭弹窗
2026-02-09 16:20:59,438 - INFO - 股票 300397: 关闭弹窗
2026-02-09 16:20:59,479 - INFO - 股票 300407: 关闭弹窗
2026-02-09 16:21:00,279 - INFO - 股票 300416: 切换到B/S点标签页
2026-02-09 16:21:00,478 - INFO - 股票 300397: 切换到B/S点标签页
2026-02-09 16:21:00,524 - INFO - 股票 300407: 切换到B/S点标签页
2026-02-09 16:21:07,487 - INFO - 股票 300416: 点击全屏查看按钮(CSS)
2026-02-09 16:21:07,686 - INFO - 股票 300397: 点击全屏查看按钮(CSS)
2026-02-09 16:21:07,747 - INFO - 股票 300407: 点击全屏查看按钮(CSS)
2026-02-09 16:21:09,565 - INFO - 股票 300416: 截图已保存为: /Users/chenyiyun/PycharmProjects/Chenyiyun2087/Sina/bs_detection/SinaAppBS/config_1/20260209/300416_20260209.png
2026-02-09 16:21:09,652 - INFO - 股票 300416 处理成功: /Users/chenyiyun/PycharmProjects/Chenyiyun2087/Sina/bs_detection/SinaAppBS/config_1/20260209/300416_20260209.png
2026-02-09 16:21:09,787 - INFO - 股票 300397: 截图已保存为: /Users/chenyiyun/PycharmProjects/Chenyiyun2087/Sina/bs_detection/SinaAppBS/config_1/20260209/300397_20260209.png
2026-02-09 16:21:09,828 - INFO - 股票 300407: 截图已保存为: /Users/chenyiyun/PycharmProjects/Chenyiyun2087/Sina/bs_detection/SinaAppBS/config_1/20260209/300407_20260209.png
2026-02-09 16:21:09,873 - INFO - 股票 300397 处理成功: /Users/chenyiyun/PycharmProjects/Chenyiyun2087/Sina/bs_detection/SinaAppBS/config_1/20260209/300397_20260209.png
2026-02-09 16:21:09,906 - INFO - 股票 300407 处理成功: /Users/chenyiyun/PycharmProjects/Chenyiyun2087/Sina/bs_detection/SinaAppBS/config_1/20260209/300407_20260209.png
2026-02-09 16:21:11,062 - INFO - 访问股票 300424 行情页面
2026-02-09 16:21:12,316 - INFO - 访问股票 300430 行情页面
2026-02-09 16:21:13,318 - INFO - 访问股票 300444 行情页面
2026-02-09 16:21:13,715 - INFO - 股票 300424: 关闭弹窗
2026-02-09 16:21:14,750 - INFO - 股票 300424: 关闭弹窗
2026-02-09 16:21:15,461 - INFO - 股票 300430: 关闭弹窗
2026-02-09 16:21:15,790 - INFO - 股票 300424: 切换到B/S点标签页
2026-02-09 16:21:15,941 - INFO - 股票 300444: 关闭弹窗
2026-02-09 16:21:16,493 - INFO - 股票 300430: 关闭弹窗
2026-02-09 16:21:16,982 - INFO - 股票 300444: 关闭弹窗
2026-02-09 16:21:17,545 - INFO - 股票 300430: 切换到B/S点标签页
2026-02-09 16:21:18,029 - INFO - 股票 300444: 切换到B/S点标签页
2026-02-09 16:21:22,997 - INFO - 股票 300424: 点击全屏查看按钮(CSS)
2026-02-09 16:21:24,739 - INFO - 股票 300430: 点击全屏查看按钮(CSS)
2026-02-09 16:21:25,084 - INFO - 股票 300424: 截图已保存为: /Users/chenyiyun/PycharmProjects/Chenyiyun2087/Sina/bs_detection/SinaAppBS/config_1/20260209/300424_20260209.png
2026-02-09 16:21:25,170 - INFO - 股票 300424 处理成功: /Users/chenyiyun/PycharmProjects/Chenyiyun2087/Sina/bs_detection/SinaAppBS/config_1/20260209/300424_20260209.png
2026-02-09 16:21:25,223 - INFO - 股票 300444: 点击全屏查看按钮(CSS)
2026-02-09 16:21:26,610 - INFO - 访问股票 300450 行情页面
2026-02-09 16:21:26,823 - INFO - 股票 300430: 截图已保存为: /Users/chenyiyun/PycharmProjects/Chenyiyun2087/Sina/bs_detection/SinaAppBS/config_1/20260209/300430_20260209.png
2026-02-09 16:21:26,911 - INFO - 股票 300430 处理成功: /Users/chenyiyun/PycharmProjects/Chenyiyun2087/Sina/bs_detection/SinaAppBS/config_1/20260209/300430_20260209.png
2026-02-09 16:21:27,291 - INFO - 股票 300444: 截图已保存为: /Users/chenyiyun/PycharmProjects/Chenyiyun2087/Sina/bs_detection/SinaAppBS/config_1/20260209/300444_20260209.png
2026-02-09 16:21:27,379 - INFO - 股票 300444 处理成功: /Users/chenyiyun/PycharmProjects/Chenyiyun2087/Sina/bs_detection/SinaAppBS/config_1/20260209/300444_20260209.png
2026-02-09 16:21:27,621 - INFO - 访问股票 300454 行情页面
2026-02-09 16:21:28,586 - INFO - 访问股票 300458 行情页面
2026-02-09 16:21:29,768 - INFO - 股票 300450: 关闭弹窗
2026-02-09 16:21:30,800 - INFO - 股票 300454: 关闭弹窗
2026-02-09 16:21:30,800 - INFO - 股票 300450: 关闭弹窗
2026-02-09 16:21:31,203 - INFO - 股票 300458: 关闭弹窗
2026-02-09 16:21:31,841 - INFO - 股票 300454: 关闭弹窗
2026-02-09 16:21:31,854 - INFO - 股票 300450: 切换到B/S点标签页
2026-02-09 16:21:32,228 - INFO - 股票 300458: 关闭弹窗
2026-02-09 16:21:32,896 - INFO - 股票 300454: 切换到B/S点标签页
2026-02-09 16:21:33,269 - INFO - 股票 300458: 切换到B/S点标签页
2026-02-09 16:21:39,072 - INFO - 股票 300450: 点击全屏查看按钮(CSS)
2026-02-09 16:21:40,107 - INFO - 股票 300454: 点击全屏查看按钮(CSS)
2026-02-09 16:21:40,472 - INFO - 股票 300458: 点击全屏查看按钮(CSS)
2026-02-09 16:21:41,158 - INFO - 股票 300450: 截图已保存为: /Users/chenyiyun/PycharmProjects/Chenyiyun2087/Sina/bs_detection/SinaAppBS/config_1/20260209/300450_20260209.png
2026-02-09 16:21:41,240 - INFO - 股票 300450 处理成功: /Users/chenyiyun/PycharmProjects/Chenyiyun2087/Sina/bs_detection/SinaAppBS/config_1/20260209/300450_20260209.png
2026-02-09 16:21:42,207 - INFO - 股票 300454: 截图已保存为: /Users/chenyiyun/PycharmProjects/Chenyiyun2087/Sina/bs_detection/SinaAppBS/config_1/20260209/300454_20260209.png
2026-02-09 16:21:42,300 - INFO - 股票 300454 处理成功: /Users/chenyiyun/PycharmProjects/Chenyiyun2087/Sina/bs_detection/SinaAppBS/config_1/20260209/300454_20260209.png
2026-02-09 16:21:42,576 - INFO - 股票 300458: 截图已保存为: /Users/chenyiyun/PycharmProjects/Chenyiyun2087/Sina/bs_detection/SinaAppBS/config_1/20260209/300458_20260209.png
2026-02-09 16:21:42,658 - INFO - 股票 300458 处理成功: /Users/chenyiyun/PycharmProjects/Chenyiyun2087/Sina/bs_detection/SinaAppBS/config_1/20260209/300458_20260209.png
2026-02-09 16:21:43,458 - INFO - 访问股票 300461 行情页面
2026-02-09 16:21:44,501 - INFO - 访问股票 300467 行情页面
2026-02-09 16:21:45,902 - INFO - 访问股票 300469 行情页面
2026-02-09 16:21:47,088 - INFO - 股票 300461: 关闭弹窗
2026-02-09 16:21:47,141 - INFO - 股票 300467: 关闭弹窗
2026-02-09 16:21:48,123 - INFO - 股票 300461: 关闭弹窗
2026-02-09 16:21:48,166 - INFO - 股票 300467: 关闭弹窗
2026-02-09 16:21:48,551 - INFO - 股票 300469: 关闭弹窗
2026-02-09 16:21:49,170 - INFO - 股票 300461: 切换到B/S点标签页
2026-02-09 16:21:49,202 - INFO - 股票 300467: 切换到B/S点标签页
2026-02-09 16:21:49,580 - INFO - 股票 300469: 关闭弹窗
2026-02-09 16:21:50,625 - INFO - 股票 300469: 切换到B/S点标签页
2026-02-09 16:21:56,367 - INFO - 股票 300461: 点击全屏查看按钮(CSS)
2026-02-09 16:21:56,402 - INFO - 股票 300467: 点击全屏查看按钮(CSS)
2026-02-09 16:21:57,844 - INFO - 股票 300469: 点击全屏查看按钮(CSS)
2026-02-09 16:21:58,455 - INFO - 股票 300461: 截图已保存为: /Users/chenyiyun/PycharmProjects/Chenyiyun2087/Sina/bs_detection/SinaAppBS/config_1/20260209/300461_20260209.png
2026-02-09 16:21:58,494 - INFO - 股票 300467: 截图已保存为: /Users/chenyiyun/PycharmProjects/Chenyiyun2087/Sina/bs_detection/SinaAppBS/config_1/20260209/300467_20260209.png
2026-02-09 16:21:58,544 - INFO - 股票 300461 处理成功: /Users/chenyiyun/PycharmProjects/Chenyiyun2087/Sina/bs_detection/SinaAppBS/config_1/20260209/300461_20260209.png
2026-02-09 16:21:58,575 - INFO - 股票 300467 处理成功: /Users/chenyiyun/PycharmProjects/Chenyiyun2087/Sina/bs_detection/SinaAppBS/config_1/20260209/300467_20260209.png
2026-02-09 16:21:59,935 - INFO - 股票 300469: 截图已保存为: /Users/chenyiyun/PycharmProjects/Chenyiyun2087/Sina/bs_detection/SinaAppBS/config_1/20260209/300469_20260209.png
2026-02-09 16:22:00,026 - INFO - 股票 300469 处理成功: /Users/chenyiyun/PycharmProjects/Chenyiyun2087/Sina/bs_detection/SinaAppBS/config_1/20260209/300469_20260209.png
2026-02-09 16:22:03,206 - INFO - 访问股票 300496 行情页面
2026-02-09 16:22:03,244 - INFO - 访问股票 300491 行情页面
2026-02-09 16:22:03,289 - INFO - 访问股票 300471 行情页面
2026-02-09 16:22:05,370 - INFO - 股票 300496: 关闭弹窗
2026-02-09 16:22:05,402 - INFO - 股票 300491: 关闭弹窗
2026-02-09 16:22:05,408 - INFO - 股票 300471: 关闭弹窗
2026-02-09 16:22:06,402 - INFO - 股票 300496: 关闭弹窗
2026-02-09 16:22:06,432 - INFO - 股票 300491: 关闭弹窗
2026-02-09 16:22:06,439 - INFO - 股票 300471: 关闭弹窗
2026-02-09 16:22:07,456 - INFO - 股票 300496: 切换到B/S点标签页
2026-02-09 16:22:07,475 - INFO - 股票 300491: 切换到B/S点标签页
2026-02-09 16:22:07,480 - INFO - 股票 300471: 切换到B/S点标签页
2026-02-09 16:22:14,692 - INFO - 股票 300496: 点击全屏查看按钮(CSS)
2026-02-09 16:22:14,693 - INFO - 股票 300471: 点击全屏查看按钮(CSS)
2026-02-09 16:22:14,694 - INFO - 股票 300491: 点击全屏查看按钮(CSS)
2026-02-09 16:22:16,793 - INFO - 股票 300491: 截图已保存为: /Users/chenyiyun/PycharmProjects/Chenyiyun2087/Sina/bs_detection/SinaAppBS/config_1/20260209/300491_20260209.png
2026-02-09 16:22:16,795 - INFO - 股票 300496: 截图已保存为: /Users/chenyiyun/PycharmProjects/Chenyiyun2087/Sina/bs_detection/SinaAppBS/config_1/20260209/300496_20260209.png
2026-02-09 16:22:16,799 - INFO - 股票 300471: 截图已保存为: /Users/chenyiyun/PycharmProjects/Chenyiyun2087/Sina/bs_detection/SinaAppBS/config_1/20260209/300471_20260209.png
2026-02-09 16:22:16,894 - INFO - 股票 300496 处理成功: /Users/chenyiyun/PycharmProjects/Chenyiyun2087/Sina/bs_detection/SinaAppBS/config_1/20260209/300496_20260209.png
2026-02-09 16:22:16,897 - INFO - 股票 300491 处理成功: /Users/chenyiyun/PycharmProjects/Chenyiyun2087/Sina/bs_detection/SinaAppBS/config_1/20260209/300491_20260209.png
2026-02-09 16:22:16,899 - INFO - 股票 300471 处理成功: /Users/chenyiyun/PycharmProjects/Chenyiyun2087/Sina/bs_detection/SinaAppBS/config_1/20260209/300471_20260209.png
2026-02-09 16:22:17,740 - INFO - 访问股票 300506 行情页面
2026-02-09 16:22:17,944 - INFO - 访问股票 300503 行情页面
2026-02-09 16:22:18,025 - INFO - 访问股票 300525 行情页面
2026-02-09 16:22:20,357 - INFO - 股票 300506: 关闭弹窗
2026-02-09 16:22:20,553 - INFO - 股票 300503: 关闭弹窗
2026-02-09 16:22:21,386 - INFO - 股票 300506: 关闭弹窗
2026-02-09 16:22:21,597 - INFO - 股票 300503: 关闭弹窗
2026-02-09 16:22:22,155 - INFO - 股票 300525: 关闭弹窗
2026-02-09 16:22:22,428 - INFO - 股票 300506: 切换到B/S点标签页
2026-02-09 16:22:22,640 - INFO - 股票 300503: 切换到B/S点标签页
2026-02-09 16:22:23,185 - INFO - 股票 300525: 关闭弹窗
2026-02-09 16:22:24,237 - INFO - 股票 300525: 切换到B/S点标签页
2026-02-09 16:22:29,646 - INFO - 股票 300506: 点击全屏查看按钮(CSS)
2026-02-09 16:22:29,845 - INFO - 股票 300503: 点击全屏查看按钮(CSS)
2026-02-09 16:22:31,441 - INFO - 股票 300525: 点击全屏查看按钮(CSS)
2026-02-09 16:22:31,729 - INFO - 股票 300506: 截图已保存为: /Users/chenyiyun/PycharmProjects/Chenyiyun2087/Sina/bs_detection/SinaAppBS/config_1/20260209/300506_20260209.png
2026-02-09 16:22:31,811 - INFO - 股票 300506 处理成功: /Users/chenyiyun/PycharmProjects/Chenyiyun2087/Sina/bs_detection/SinaAppBS/config_1/20260209/300506_20260209.png
2026-02-09 16:22:31,917 - INFO - 股票 300503: 截图已保存为: /Users/chenyiyun/PycharmProjects/Chenyiyun2087/Sina/bs_detection/SinaAppBS/config_1/20260209/300503_20260209.png
2026-02-09 16:22:31,998 - INFO - 股票 300503 处理成功: /Users/chenyiyun/PycharmProjects/Chenyiyun2087/Sina/bs_detection/SinaAppBS/config_1/20260209/300503_20260209.png
2026-02-09 16:22:33,528 - INFO - 股票 300525: 截图已保存为: /Users/chenyiyun/PycharmProjects/Chenyiyun2087/Sina/bs_detection/SinaAppBS/config_1/20260209/300525_20260209.png
2026-02-09 16:22:33,611 - INFO - 股票 300525 处理成功: /Users/chenyiyun/PycharmProjects/Chenyiyun2087/Sina/bs_detection/SinaAppBS/config_1/20260209/300525_20260209.png
2026-02-09 16:22:34,484 - INFO - 访问股票 300542 行情页面
2026-02-09 16:22:34,577 - INFO - 访问股票 300564 行情页面
2026-02-09 16:22:35,336 - INFO - 访问股票 300529 行情页面
2026-02-09 16:22:37,258 - INFO - 股票 300564: 关闭弹窗
2026-02-09 16:22:37,460 - INFO - 股票 300529: 关闭弹窗
2026-02-09 16:22:37,663 - INFO - 股票 300542: 关闭弹窗
2026-02-09 16:22:38,292 - INFO - 股票 300564: 关闭弹窗
2026-02-09 16:22:38,497 - INFO - 股票 300529: 关闭弹窗
2026-02-09 16:22:38,703 - INFO - 股票 300542: 关闭弹窗
2026-02-09 16:22:39,342 - INFO - 股票 300564: 切换到B/S点标签页
2026-02-09 16:22:39,534 - INFO - 股票 300529: 切换到B/S点标签页
2026-02-09 16:22:39,742 - INFO - 股票 300542: 切换到B/S点标签页
2026-02-09 16:22:46,570 - INFO - 股票 300564: 点击全屏查看按钮(CSS)
2026-02-09 16:22:46,736 - INFO - 股票 300529: 点击全屏查看按钮(CSS)
2026-02-09 16:22:46,962 - INFO - 股票 300542: 点击全屏查看按钮(CSS)
2026-02-09 16:22:48,652 - INFO - 股票 300564: 截图已保存为: /Users/chenyiyun/PycharmProjects/Chenyiyun2087/Sina/bs_detection/SinaAppBS/config_1/20260209/300564_20260209.png
2026-02-09 16:22:48,739 - INFO - 股票 300564 处理成功: /Users/chenyiyun/PycharmProjects/Chenyiyun2087/Sina/bs_detection/SinaAppBS/config_1/20260209/300564_20260209.png
2026-02-09 16:22:48,838 - INFO - 股票 300529: 截图已保存为: /Users/chenyiyun/PycharmProjects/Chenyiyun2087/Sina/bs_detection/SinaAppBS/config_1/20260209/300529_20260209.png
2026-02-09 16:22:48,926 - INFO - 股票 300529 处理成功: /Users/chenyiyun/PycharmProjects/Chenyiyun2087/Sina/bs_detection/SinaAppBS/config_1/20260209/300529_20260209.png
2026-02-09 16:22:49,060 - INFO - 股票 300542: 截图已保存为: /Users/chenyiyun/PycharmProjects/Chenyiyun2087/Sina/bs_detection/SinaAppBS/config_1/20260209/300542_20260209.png
2026-02-09 16:22:49,144 - INFO - 股票 300542 处理成功: /Users/chenyiyun/PycharmProjects/Chenyiyun2087/Sina/bs_detection/SinaAppBS/config_1/20260209/300542_20260209.png
2026-02-09 16:22:49,879 - INFO - 访问股票 300569 行情页面
2026-02-09 16:22:50,022 - INFO - 访问股票 300596 行情页面
2026-02-09 16:22:50,540 - INFO - 访问股票 300579 行情页面
2026-02-09 16:22:53,093 - INFO - 股票 300569: 关闭弹窗
2026-02-09 16:22:53,191 - INFO - 股票 300579: 关闭弹窗
2026-02-09 16:22:54,131 - INFO - 股票 300569: 关闭弹窗
2026-02-09 16:22:54,223 - INFO - 股票 300579: 关闭弹窗
2026-02-09 16:22:54,236 - INFO - 股票 300596: 关闭弹窗
2026-02-09 16:22:55,178 - INFO - 股票 300569: 切换到B/S点标签页
2026-02-09 16:22:55,264 - INFO - 股票 300579: 切换到B/S点标签页
2026-02-09 16:22:55,267 - INFO - 股票 300596: 关闭弹窗
2026-02-09 16:22:56,321 - INFO - 股票 300596: 切换到B/S点标签页
2026-02-09 16:23:02,392 - INFO - 股票 300569: 点击全屏查看按钮(CSS)
2026-02-09 16:23:02,447 - INFO - 股票 300579: 点击全屏查看按钮(CSS)
2026-02-09 16:23:03,497 - INFO - 股票 300596: 点击全屏查看按钮(CSS)
2026-02-09 16:23:04,505 - INFO - 股票 300569: 截图已保存为: /Users/chenyiyun/PycharmProjects/Chenyiyun2087/Sina/bs_detection/SinaAppBS/config_1/20260209/300569_20260209.png
2026-02-09 16:23:04,539 - INFO - 股票 300579: 截图已保存为: /Users/chenyiyun/PycharmProjects/Chenyiyun2087/Sina/bs_detection/SinaAppBS/config_1/20260209/300579_20260209.png
2026-02-09 16:23:04,589 - INFO - 股票 300569 处理成功: /Users/chenyiyun/PycharmProjects/Chenyiyun2087/Sina/bs_detection/SinaAppBS/config_1/20260209/300569_20260209.png
2026-02-09 16:23:04,622 - INFO - 股票 300579 处理成功: /Users/chenyiyun/PycharmProjects/Chenyiyun2087/Sina/bs_detection/SinaAppBS/config_1/20260209/300579_20260209.png
2026-02-09 16:23:05,574 - INFO - 股票 300596: 截图已保存为: /Users/chenyiyun/PycharmProjects/Chenyiyun2087/Sina/bs_detection/SinaAppBS/config_1/20260209/300596_20260209.png
2026-02-09 16:23:05,696 - INFO - 股票 300596 处理成功: /Users/chenyiyun/PycharmProjects/Chenyiyun2087/Sina/bs_detection/SinaAppBS/config_1/20260209/300596_20260209.png
2026-02-09 16:23:05,885 - INFO - 访问股票 300601 行情页面
2026-02-09 16:23:05,903 - INFO - 访问股票 300618 行情页面
2026-02-09 16:23:06,695 - INFO - 访问股票 300624 行情页面
2026-02-09 16:23:08,483 - INFO - 股票 300601: 关闭弹窗
2026-02-09 16:23:08,523 - INFO - 股票 300618: 关闭弹窗
2026-02-09 16:23:08,793 - INFO - 股票 300624: 关闭弹窗
2026-02-09 16:23:09,519 - INFO - 股票 300601: 关闭弹窗
2026-02-09 16:23:09,551 - INFO - 股票 300618: 关闭弹窗
2026-02-09 16:23:09,831 - INFO - 股票 300624: 关闭弹窗
2026-02-09 16:23:10,566 - INFO - 股票 300601: 切换到B/S点标签页
2026-02-09 16:23:10,593 - INFO - 股票 300618: 切换到B/S点标签页
2026-02-09 16:23:10,872 - INFO - 股票 300624: 切换到B/S点标签页
2026-02-09 16:23:17,783 - INFO - 股票 300601: 点击全屏查看按钮(CSS)
2026-02-09 16:23:17,798 - INFO - 股票 300618: 点击全屏查看按钮(CSS)
2026-02-09 16:23:18,063 - INFO - 股票 300624: 点击全屏查看按钮(CSS)
2026-02-09 16:23:19,864 - INFO - 股票 300601: 截图已保存为: /Users/chenyiyun/PycharmProjects/Chenyiyun2087/Sina/bs_detection/SinaAppBS/config_1/20260209/300601_20260209.png
2026-02-09 16:23:19,883 - INFO - 股票 300618: 截图已保存为: /Users/chenyiyun/PycharmProjects/Chenyiyun2087/Sina/bs_detection/SinaAppBS/config_1/20260209/300618_20260209.png
2026-02-09 16:23:19,958 - INFO - 股票 300601 处理成功: /Users/chenyiyun/PycharmProjects/Chenyiyun2087/Sina/bs_detection/SinaAppBS/config_1/20260209/300601_20260209.png
2026-02-09 16:23:19,975 - INFO - 股票 300618 处理成功: /Users/chenyiyun/PycharmProjects/Chenyiyun2087/Sina/bs_detection/SinaAppBS/config_1/20260209/300618_20260209.png
2026-02-09 16:23:20,152 - INFO - 股票 300624: 截图已保存为: /Users/chenyiyun/PycharmProjects/Chenyiyun2087/Sina/bs_detection/SinaAppBS/config_1/20260209/300624_20260209.png
2026-02-09 16:23:20,241 - INFO - 股票 300624 处理成功: /Users/chenyiyun/PycharmProjects/Chenyiyun2087/Sina/bs_detection/SinaAppBS/config_1/20260209/300624_20260209.png
2026-02-09 16:23:21,123 - INFO - 访问股票 300625 行情页面
2026-02-09 16:23:21,340 - INFO - 访问股票 300628 行情页面
2026-02-09 16:23:22,181 - INFO - 访问股票 300636 行情页面
2026-02-09 16:23:23,967 - INFO - 股票 300628: 关闭弹窗
2026-02-09 16:23:24,750 - INFO - 股票 300625: 关闭弹窗
2026-02-09 16:23:25,000 - INFO - 股票 300628: 关闭弹窗
2026-02-09 16:23:25,785 - INFO - 股票 300625: 关闭弹窗
2026-02-09 16:23:26,039 - INFO - 股票 300628: 切换到B/S点标签页
2026-02-09 16:23:26,837 - INFO - 股票 300625: 切换到B/S点标签页
2026-02-09 16:23:27,343 - INFO - 股票 300636: 关闭弹窗
2026-02-09 16:23:28,379 - INFO - 股票 300636: 关闭弹窗
2026-02-09 16:23:29,428 - INFO - 股票 300636: 切换到B/S点标签页
2026-02-09 16:23:33,230 - INFO - 股票 300628: 点击全屏查看按钮(CSS)
2026-02-09 16:23:34,041 - INFO - 股票 300625: 点击全屏查看按钮(CSS)
2026-02-09 16:23:35,293 - INFO - 股票 300628: 截图已保存为: /Users/chenyiyun/PycharmProjects/Chenyiyun2087/Sina/bs_detection/SinaAppBS/config_1/20260209/300628_20260209.png
2026-02-09 16:23:35,381 - INFO - 股票 300628 处理成功: /Users/chenyiyun/PycharmProjects/Chenyiyun2087/Sina/bs_detection/SinaAppBS/config_1/20260209/300628_20260209.png
2026-02-09 16:23:36,142 - INFO - 股票 300625: 截图已保存为: /Users/chenyiyun/PycharmProjects/Chenyiyun2087/Sina/bs_detection/SinaAppBS/config_1/20260209/300625_20260209.png
2026-02-09 16:23:36,232 - INFO - 股票 300625 处理成功: /Users/chenyiyun/PycharmProjects/Chenyiyun2087/Sina/bs_detection/SinaAppBS/config_1/20260209/300625_20260209.png
2026-02-09 16:23:36,368 - INFO - 访问股票 300648 行情页面
2026-02-09 16:23:36,629 - INFO - 股票 300636: 点击全屏查看按钮(CSS)
2026-02-09 16:23:36,980 - INFO - 访问股票 300664 行情页面
2026-02-09 16:23:38,473 - INFO - 股票 300648: 关闭弹窗
2026-02-09 16:23:38,711 - INFO - 股票 300636: 截图已保存为: /Users/chenyiyun/PycharmProjects/Chenyiyun2087/Sina/bs_detection/SinaAppBS/config_1/20260209/300636_20260209.png
2026-02-09 16:23:38,803 - INFO - 股票 300636 处理成功: /Users/chenyiyun/PycharmProjects/Chenyiyun2087/Sina/bs_detection/SinaAppBS/config_1/20260209/300636_20260209.png
2026-02-09 16:23:39,505 - INFO - 股票 300648: 关闭弹窗
2026-02-09 16:23:39,616 - INFO - 股票 300664: 关闭弹窗
2026-02-09 16:23:39,878 - INFO - 访问股票 300671 行情页面
2026-02-09 16:23:40,545 - INFO - 股票 300648: 切换到B/S点标签页
2026-02-09 16:23:40,647 - INFO - 股票 300664: 关闭弹窗
2026-02-09 16:23:41,696 - INFO - 股票 300664: 切换到B/S点标签页
2026-02-09 16:23:43,511 - INFO - 股票 300671: 关闭弹窗
2026-02-09 16:23:44,565 - INFO - 股票 300671: 关闭弹窗
2026-02-09 16:23:45,621 - INFO - 股票 300671: 切换到B/S点标签页
2026-02-09 16:23:47,750 - INFO - 股票 300648: 点击全屏查看按钮(CSS)
2026-02-09 16:23:48,899 - INFO - 股票 300664: 点击全屏查看按钮(CSS)
2026-02-09 16:23:49,859 - INFO - 股票 300648: 截图已保存为: /Users/chenyiyun/PycharmProjects/Chenyiyun2087/Sina/bs_detection/SinaAppBS/config_1/20260209/300648_20260209.png
2026-02-09 16:23:49,952 - INFO - 股票 300648 处理成功: /Users/chenyiyun/PycharmProjects/Chenyiyun2087/Sina/bs_detection/SinaAppBS/config_1/20260209/300648_20260209.png
2026-02-09 16:23:50,985 - INFO - 股票 300664: 截图已保存为: /Users/chenyiyun/PycharmProjects/Chenyiyun2087/Sina/bs_detection/SinaAppBS/config_1/20260209/300664_20260209.png
2026-02-09 16:23:51,071 - INFO - 股票 300664 处理成功: /Users/chenyiyun/PycharmProjects/Chenyiyun2087/Sina/bs_detection/SinaAppBS/config_1/20260209/300664_20260209.png
2026-02-09 16:23:51,285 - INFO - 访问股票 300674 行情页面
2026-02-09 16:23:52,153 - INFO - 访问股票 300676 行情页面
2026-02-09 16:23:52,798 - INFO - 股票 300671: 点击全屏查看按钮(CSS)
2026-02-09 16:23:54,409 - INFO - 股票 300674: 关闭弹窗
2026-02-09 16:23:54,778 - INFO - 股票 300676: 关闭弹窗
2026-02-09 16:23:54,897 - INFO - 股票 300671: 截图已保存为: /Users/chenyiyun/PycharmProjects/Chenyiyun2087/Sina/bs_detection/SinaAppBS/config_1/20260209/300671_20260209.png
2026-02-09 16:23:54,979 - INFO - 股票 300671 处理成功: /Users/chenyiyun/PycharmProjects/Chenyiyun2087/Sina/bs_detection/SinaAppBS/config_1/20260209/300671_20260209.png
2026-02-09 16:23:55,442 - INFO - 股票 300674: 关闭弹窗
2026-02-09 16:23:55,637 - INFO - 访问股票 300677 行情页面
2026-02-09 16:23:55,808 - INFO - 股票 300676: 关闭弹窗
2026-02-09 16:23:56,483 - INFO - 股票 300674: 切换到B/S点标签页
2026-02-09 16:23:56,849 - INFO - 股票 300676: 切换到B/S点标签页
2026-02-09 16:23:58,819 - INFO - 股票 300677: 关闭弹窗
2026-02-09 16:23:59,865 - INFO - 股票 300677: 关闭弹窗
2026-02-09 16:24:00,915 - INFO - 股票 300677: 切换到B/S点标签页
2026-02-09 16:24:03,691 - INFO - 股票 300674: 点击全屏查看按钮(CSS)
2026-02-09 16:24:04,047 - INFO - 股票 300676: 点击全屏查看按钮(CSS)
2026-02-09 16:24:05,800 - INFO - 股票 300674: 截图已保存为: /Users/chenyiyun/PycharmProjects/Chenyiyun2087/Sina/bs_detection/SinaAppBS/config_1/20260209/300674_20260209.png
2026-02-09 16:24:05,892 - INFO - 股票 300674 处理成功: /Users/chenyiyun/PycharmProjects/Chenyiyun2087/Sina/bs_detection/SinaAppBS/config_1/20260209/300674_20260209.png
2026-02-09 16:24:06,131 - INFO - 股票 300676: 截图已保存为: /Users/chenyiyun/PycharmProjects/Chenyiyun2087/Sina/bs_detection/SinaAppBS/config_1/20260209/300676_20260209.png
2026-02-09 16:24:06,219 - INFO - 股票 300676 处理成功: /Users/chenyiyun/PycharmProjects/Chenyiyun2087/Sina/bs_detection/SinaAppBS/config_1/20260209/300676_20260209.png
2026-02-09 16:24:07,028 - INFO - 访问股票 300686 行情页面
2026-02-09 16:24:07,086 - INFO - 访问股票 300682 行情页面
2026-02-09 16:24:08,134 - INFO - 股票 300677: 点击全屏查看按钮(CSS)
2026-02-09 16:24:09,689 - INFO - 股票 300682: 关闭弹窗
2026-02-09 16:24:10,234 - INFO - 股票 300677: 截图已保存为: /Users/chenyiyun/PycharmProjects/Chenyiyun2087/Sina/bs_detection/SinaAppBS/config_1/20260209/300677_20260209.png
2026-02-09 16:24:10,317 - INFO - 股票 300677 处理成功: /Users/chenyiyun/PycharmProjects/Chenyiyun2087/Sina/bs_detection/SinaAppBS/config_1/20260209/300677_20260209.png
2026-02-09 16:24:10,710 - INFO - 股票 300686: 关闭弹窗
2026-02-09 16:24:10,720 - INFO - 股票 300682: 关闭弹窗
2026-02-09 16:24:11,405 - INFO - 访问股票 300693 行情页面
2026-02-09 16:24:11,739 - INFO - 股票 300686: 关闭弹窗
2026-02-09 16:24:11,753 - INFO - 股票 300682: 切换到B/S点标签页
2026-02-09 16:24:12,787 - INFO - 股票 300686: 切换到B/S点标签页
2026-02-09 16:24:14,009 - INFO - 股票 300693: 关闭弹窗
2026-02-09 16:24:15,043 - INFO - 股票 300693: 关闭弹窗
2026-02-09 16:24:16,095 - INFO - 股票 300693: 切换到B/S点标签页
2026-02-09 16:24:18,957 - INFO - 股票 300682: 点击全屏查看按钮(CSS)
2026-02-09 16:24:19,995 - INFO - 股票 300686: 点击全屏查看按钮(CSS)
2026-02-09 16:24:21,062 - INFO - 股票 300682: 截图已保存为: /Users/chenyiyun/PycharmProjects/Chenyiyun2087/Sina/bs_detection/SinaAppBS/config_1/20260209/300682_20260209.png
2026-02-09 16:24:21,151 - INFO - 股票 300682 处理成功: /Users/chenyiyun/PycharmProjects/Chenyiyun2087/Sina/bs_detection/SinaAppBS/config_1/20260209/300682_20260209.png
2026-02-09 16:24:21,956 - INFO - 访问股票 300705 行情页面
2026-02-09 16:24:22,083 - INFO - 股票 300686: 截图已保存为: /Users/chenyiyun/PycharmProjects/Chenyiyun2087/Sina/bs_detection/SinaAppBS/config_1/20260209/300686_20260209.png
2026-02-09 16:24:22,171 - INFO - 股票 300686 处理成功: /Users/chenyiyun/PycharmProjects/Chenyiyun2087/Sina/bs_detection/SinaAppBS/config_1/20260209/300686_20260209.png
2026-02-09 16:24:23,280 - INFO - 股票 300693: 点击全屏查看按钮(CSS)
2026-02-09 16:24:23,765 - INFO - 访问股票 300710 行情页面
2026-02-09 16:24:24,618 - INFO - 股票 300705: 关闭弹窗
2026-02-09 16:24:25,372 - INFO - 股票 300693: 截图已保存为: /Users/chenyiyun/PycharmProjects/Chenyiyun2087/Sina/bs_detection/SinaAppBS/config_1/20260209/300693_20260209.png
2026-02-09 16:24:25,461 - INFO - 股票 300693 处理成功: /Users/chenyiyun/PycharmProjects/Chenyiyun2087/Sina/bs_detection/SinaAppBS/config_1/20260209/300693_20260209.png
2026-02-09 16:24:25,646 - INFO - 股票 300705: 关闭弹窗
2026-02-09 16:24:26,692 - INFO - 股票 300705: 切换到B/S点标签页
2026-02-09 16:24:26,797 - INFO - 访问股票 300711 行情页面
2026-02-09 16:24:27,384 - INFO - 股票 300710: 关闭弹窗
2026-02-09 16:24:28,424 - INFO - 股票 300710: 关闭弹窗
2026-02-09 16:24:29,410 - INFO - 股票 300711: 关闭弹窗
2026-02-09 16:24:29,460 - INFO - 股票 300710: 切换到B/S点标签页
2026-02-09 16:24:30,455 - INFO - 股票 300711: 关闭弹窗
2026-02-09 16:24:31,497 - INFO - 股票 300711: 切换到B/S点标签页
2026-02-09 16:24:33,896 - INFO - 股票 300705: 点击全屏查看按钮(CSS)
2026-02-09 16:24:35,994 - INFO - 股票 300705: 截图已保存为: /Users/chenyiyun/PycharmProjects/Chenyiyun2087/Sina/bs_detection/SinaAppBS/config_1/20260209/300705_20260209.png
2026-02-09 16:24:36,085 - INFO - 股票 300705 处理成功: /Users/chenyiyun/PycharmProjects/Chenyiyun2087/Sina/bs_detection/SinaAppBS/config_1/20260209/300705_20260209.png
2026-02-09 16:24:36,649 - INFO - 股票 300710: 点击全屏查看按钮(CSS)
2026-02-09 16:24:37,142 - INFO - 访问股票 300713 行情页面
2026-02-09 16:24:38,695 - INFO - 股票 300711: 点击全屏查看按钮(CSS)
2026-02-09 16:24:38,760 - INFO - 股票 300710: 截图已保存为: /Users/chenyiyun/PycharmProjects/Chenyiyun2087/Sina/bs_detection/SinaAppBS/config_1/20260209/300710_20260209.png
2026-02-09 16:24:38,849 - INFO - 股票 300710 处理成功: /Users/chenyiyun/PycharmProjects/Chenyiyun2087/Sina/bs_detection/SinaAppBS/config_1/20260209/300710_20260209.png
2026-02-09 16:24:39,408 - INFO - 访问股票 300735 行情页面
2026-02-09 16:24:39,750 - INFO - 股票 300713: 关闭弹窗
2026-02-09 16:24:40,783 - INFO - 股票 300713: 关闭弹窗
2026-02-09 16:24:40,795 - INFO - 股票 300711: 截图已保存为: /Users/chenyiyun/PycharmProjects/Chenyiyun2087/Sina/bs_detection/SinaAppBS/config_1/20260209/300711_20260209.png
2026-02-09 16:24:40,880 - INFO - 股票 300711 处理成功: /Users/chenyiyun/PycharmProjects/Chenyiyun2087/Sina/bs_detection/SinaAppBS/config_1/20260209/300711_20260209.png
2026-02-09 16:24:41,815 - INFO - 股票 300713: 切换到B/S点标签页
2026-02-09 16:24:41,989 - INFO - 访问股票 300741 行情页面
2026-02-09 16:24:43,065 - INFO - 股票 300735: 关闭弹窗
2026-02-09 16:24:44,094 - INFO - 股票 300735: 关闭弹窗
2026-02-09 16:24:44,639 - INFO - 股票 300741: 关闭弹窗
2026-02-09 16:24:45,145 - INFO - 股票 300735: 切换到B/S点标签页
2026-02-09 16:24:45,671 - INFO - 股票 300741: 关闭弹窗
2026-02-09 16:24:46,721 - INFO - 股票 300741: 切换到B/S点标签页
2026-02-09 16:24:49,030 - INFO - 股票 300713: 点击全屏查看按钮(CSS)
2026-02-09 16:24:51,131 - INFO - 股票 300713: 截图已保存为: /Users/chenyiyun/PycharmProjects/Chenyiyun2087/Sina/bs_detection/SinaAppBS/config_1/20260209/300713_20260209.png
2026-02-09 16:24:51,222 - INFO - 股票 300713 处理成功: /Users/chenyiyun/PycharmProjects/Chenyiyun2087/Sina/bs_detection/SinaAppBS/config_1/20260209/300713_20260209.png
2026-02-09 16:24:52,347 - INFO - 股票 300735: 点击全屏查看按钮(CSS)
2026-02-09 16:24:52,360 - INFO - 访问股票 300747 行情页面
2026-02-09 16:24:53,913 - INFO - 股票 300741: 点击全屏查看按钮(CSS)
2026-02-09 16:24:54,434 - INFO - 股票 300735: 截图已保存为: /Users/chenyiyun/PycharmProjects/Chenyiyun2087/Sina/bs_detection/SinaAppBS/config_1/20260209/300735_20260209.png
2026-02-09 16:24:54,524 - INFO - 股票 300735 处理成功: /Users/chenyiyun/PycharmProjects/Chenyiyun2087/Sina/bs_detection/SinaAppBS/config_1/20260209/300735_20260209.png
2026-02-09 16:24:54,995 - INFO - 股票 300747: 关闭弹窗
2026-02-09 16:24:55,229 - INFO - 访问股票 300751 行情页面
2026-02-09 16:24:56,008 - INFO - 股票 300741: 截图已保存为: /Users/chenyiyun/PycharmProjects/Chenyiyun2087/Sina/bs_detection/SinaAppBS/config_1/20260209/300741_20260209.png
2026-02-09 16:24:56,036 - INFO - 股票 300747: 关闭弹窗
2026-02-09 16:24:56,099 - INFO - 股票 300741 处理成功: /Users/chenyiyun/PycharmProjects/Chenyiyun2087/Sina/bs_detection/SinaAppBS/config_1/20260209/300741_20260209.png
2026-02-09 16:24:57,074 - INFO - 股票 300747: 切换到B/S点标签页
2026-02-09 16:24:57,374 - INFO - 访问股票 300767 行情页面
2026-02-09 16:24:57,914 - INFO - 股票 300751: 关闭弹窗
2026-02-09 16:24:58,955 - INFO - 股票 300751: 关闭弹窗
2026-02-09 16:24:59,997 - INFO - 股票 300751: 切换到B/S点标签页
2026-02-09 16:25:00,022 - INFO - 股票 300767: 关闭弹窗
2026-02-09 16:25:01,066 - INFO - 股票 300767: 关闭弹窗
2026-02-09 16:25:02,116 - INFO - 股票 300767: 切换到B/S点标签页
2026-02-09 16:25:04,286 - INFO - 股票 300747: 点击全屏查看按钮(CSS)
2026-02-09 16:25:06,377 - INFO - 股票 300747: 截图已保存为: /Users/chenyiyun/PycharmProjects/Chenyiyun2087/Sina/bs_detection/SinaAppBS/config_1/20260209/300747_20260209.png
2026-02-09 16:25:06,470 - INFO - 股票 300747 处理成功: /Users/chenyiyun/PycharmProjects/Chenyiyun2087/Sina/bs_detection/SinaAppBS/config_1/20260209/300747_20260209.png
2026-02-09 16:25:07,211 - INFO - 股票 300751: 点击全屏查看按钮(CSS)
2026-02-09 16:25:07,276 - INFO - 访问股票 300769 行情页面
2026-02-09 16:25:09,315 - INFO - 股票 300751: 截图已保存为: /Users/chenyiyun/PycharmProjects/Chenyiyun2087/Sina/bs_detection/SinaAppBS/config_1/20260209/300751_20260209.png
2026-02-09 16:25:09,334 - INFO - 股票 300767: 点击全屏查看按钮(CSS)
2026-02-09 16:25:09,396 - INFO - 股票 300769: 关闭弹窗
2026-02-09 16:25:09,401 - INFO - 股票 300751 处理成功: /Users/chenyiyun/PycharmProjects/Chenyiyun2087/Sina/bs_detection/SinaAppBS/config_1/20260209/300751_20260209.png
2026-02-09 16:25:10,431 - INFO - 股票 300769: 关闭弹窗
2026-02-09 16:25:10,565 - INFO - 访问股票 300773 行情页面
2026-02-09 16:25:11,414 - INFO - 股票 300767: 截图已保存为: /Users/chenyiyun/PycharmProjects/Chenyiyun2087/Sina/bs_detection/SinaAppBS/config_1/20260209/300767_20260209.png
2026-02-09 16:25:11,477 - INFO - 股票 300769: 切换到B/S点标签页
2026-02-09 16:25:11,502 - INFO - 股票 300767 处理成功: /Users/chenyiyun/PycharmProjects/Chenyiyun2087/Sina/bs_detection/SinaAppBS/config_1/20260209/300767_20260209.png
2026-02-09 16:25:12,408 - INFO - 访问股票 300796 行情页面
2026-02-09 16:25:14,186 - INFO - 股票 300773: 关闭弹窗
2026-02-09 16:25:15,010 - INFO - 股票 300796: 关闭弹窗
2026-02-09 16:25:15,218 - INFO - 股票 300773: 关闭弹窗
2026-02-09 16:25:16,046 - INFO - 股票 300796: 关闭弹窗
2026-02-09 16:25:16,273 - INFO - 股票 300773: 切换到B/S点标签页
2026-02-09 16:25:17,100 - INFO - 股票 300796: 切换到B/S点标签页
2026-02-09 16:25:18,669 - INFO - 股票 300769: 点击全屏查看按钮(CSS)
2026-02-09 16:25:20,775 - INFO - 股票 300769: 截图已保存为: /Users/chenyiyun/PycharmProjects/Chenyiyun2087/Sina/bs_detection/SinaAppBS/config_1/20260209/300769_20260209.png
2026-02-09 16:25:20,865 - INFO - 股票 300769 处理成功: /Users/chenyiyun/PycharmProjects/Chenyiyun2087/Sina/bs_detection/SinaAppBS/config_1/20260209/300769_20260209.png
2026-02-09 16:25:21,947 - INFO - 访问股票 300807 行情页面
2026-02-09 16:25:23,484 - INFO - 股票 300773: 点击全屏查看按钮(CSS)
2026-02-09 16:25:24,306 - INFO - 股票 300796: 点击全屏查看按钮(CSS)
2026-02-09 16:25:25,565 - INFO - 股票 300773: 截图已保存为: /Users/chenyiyun/PycharmProjects/Chenyiyun2087/Sina/bs_detection/SinaAppBS/config_1/20260209/300773_20260209.png
2026-02-09 16:25:25,608 - INFO - 股票 300807: 关闭弹窗
2026-02-09 16:25:25,648 - INFO - 股票 300773 处理成功: /Users/chenyiyun/PycharmProjects/Chenyiyun2087/Sina/bs_detection/SinaAppBS/config_1/20260209/300773_20260209.png
2026-02-09 16:25:26,401 - INFO - 股票 300796: 截图已保存为: /Users/chenyiyun/PycharmProjects/Chenyiyun2087/Sina/bs_detection/SinaAppBS/config_1/20260209/300796_20260209.png
2026-02-09 16:25:26,489 - INFO - 股票 300796 处理成功: /Users/chenyiyun/PycharmProjects/Chenyiyun2087/Sina/bs_detection/SinaAppBS/config_1/20260209/300796_20260209.png
2026-02-09 16:25:26,637 - INFO - 股票 300807: 关闭弹窗
2026-02-09 16:25:26,807 - INFO - 访问股票 300809 行情页面
2026-02-09 16:25:27,676 - INFO - 股票 300807: 切换到B/S点标签页
2026-02-09 16:25:27,894 - INFO - 访问股票 300829 行情页面
2026-02-09 16:25:29,432 - INFO - 股票 300809: 关闭弹窗
2026-02-09 16:25:30,468 - INFO - 股票 300809: 关闭弹窗
2026-02-09 16:25:30,559 - INFO - 股票 300829: 关闭弹窗
2026-02-09 16:25:31,509 - INFO - 股票 300809: 切换到B/S点标签页
2026-02-09 16:25:31,585 - INFO - 股票 300829: 关闭弹窗
2026-02-09 16:25:32,641 - INFO - 股票 300829: 切换到B/S点标签页
2026-02-09 16:25:34,877 - INFO - 股票 300807: 点击全屏查看按钮(CSS)
2026-02-09 16:25:36,950 - INFO - 股票 300807: 截图已保存为: /Users/chenyiyun/PycharmProjects/Chenyiyun2087/Sina/bs_detection/SinaAppBS/config_1/20260209/300807_20260209.png
2026-02-09 16:25:37,041 - INFO - 股票 300807 处理成功: /Users/chenyiyun/PycharmProjects/Chenyiyun2087/Sina/bs_detection/SinaAppBS/config_1/20260209/300807_20260209.png
2026-02-09 16:25:38,714 - INFO - 股票 300809: 点击全屏查看按钮(CSS)
2026-02-09 16:25:39,844 - INFO - 股票 300829: 点击全屏查看按钮(CSS)
2026-02-09 16:25:40,814 - INFO - 股票 300809: 截图已保存为: /Users/chenyiyun/PycharmProjects/Chenyiyun2087/Sina/bs_detection/SinaAppBS/config_1/20260209/300809_20260209.png
2026-02-09 16:25:40,907 - INFO - 股票 300809 处理成功: /Users/chenyiyun/PycharmProjects/Chenyiyun2087/Sina/bs_detection/SinaAppBS/config_1/20260209/300809_20260209.png
2026-02-09 16:25:41,546 - INFO - 访问股票 300832 行情页面
2026-02-09 16:25:41,660 - INFO - 访问股票 300833 行情页面
2026-02-09 16:25:41,920 - INFO - 股票 300829: 截图已保存为: /Users/chenyiyun/PycharmProjects/Chenyiyun2087/Sina/bs_detection/SinaAppBS/config_1/20260209/300829_20260209.png
2026-02-09 16:25:42,006 - INFO - 股票 300829 处理成功: /Users/chenyiyun/PycharmProjects/Chenyiyun2087/Sina/bs_detection/SinaAppBS/config_1/20260209/300829_20260209.png
2026-02-09 16:25:43,303 - INFO - 访问股票 300836 行情页面
2026-02-09 16:25:43,660 - INFO - 股票 300832: 关闭弹窗
2026-02-09 16:25:44,273 - INFO - 股票 300833: 关闭弹窗
2026-02-09 16:25:44,694 - INFO - 股票 300832: 关闭弹窗
2026-02-09 16:25:45,313 - INFO - 股票 300833: 关闭弹窗
2026-02-09 16:25:45,741 - INFO - 股票 300832: 切换到B/S点标签页
2026-02-09 16:25:46,361 - INFO - 股票 300833: 切换到B/S点标签页
2026-02-09 16:25:47,481 - INFO - 股票 300836: 关闭弹窗
2026-02-09 16:25:48,519 - INFO - 股票 300836: 关闭弹窗
2026-02-09 16:25:49,566 - INFO - 股票 300836: 切换到B/S点标签页
2026-02-09 16:25:52,954 - INFO - 股票 300832: 点击全屏查看按钮(CSS)
2026-02-09 16:25:53,557 - INFO - 股票 300833: 点击全屏查看按钮(CSS)
2026-02-09 16:25:55,051 - INFO - 股票 300832: 截图已保存为: /Users/chenyiyun/PycharmProjects/Chenyiyun2087/Sina/bs_detection/SinaAppBS/config_1/20260209/300832_20260209.png
2026-02-09 16:25:55,137 - INFO - 股票 300832 处理成功: /Users/chenyiyun/PycharmProjects/Chenyiyun2087/Sina/bs_detection/SinaAppBS/config_1/20260209/300832_20260209.png
2026-02-09 16:25:55,633 - INFO - 股票 300833: 截图已保存为: /Users/chenyiyun/PycharmProjects/Chenyiyun2087/Sina/bs_detection/SinaAppBS/config_1/20260209/300833_20260209.png
2026-02-09 16:25:55,725 - INFO - 访问股票 300842 行情页面
2026-02-09 16:25:55,761 - INFO - 股票 300833 处理成功: /Users/chenyiyun/PycharmProjects/Chenyiyun2087/Sina/bs_detection/SinaAppBS/config_1/20260209/300833_20260209.png
2026-02-09 16:25:56,781 - INFO - 股票 300836: 点击全屏查看按钮(CSS)
2026-02-09 16:25:57,250 - INFO - 访问股票 300869 行情页面
2026-02-09 16:25:58,884 - INFO - 股票 300836: 截图已保存为: /Users/chenyiyun/PycharmProjects/Chenyiyun2087/Sina/bs_detection/SinaAppBS/config_1/20260209/300836_20260209.png
2026-02-09 16:25:58,971 - INFO - 股票 300836 处理成功: /Users/chenyiyun/PycharmProjects/Chenyiyun2087/Sina/bs_detection/SinaAppBS/config_1/20260209/300836_20260209.png
2026-02-09 16:25:59,339 - INFO - 股票 300869: 关闭弹窗
2026-02-09 16:25:59,357 - INFO - 股票 300842: 关闭弹窗
2026-02-09 16:26:00,100 - INFO - 访问股票 300943 行情页面
2026-02-09 16:26:00,381 - INFO - 股票 300869: 关闭弹窗
2026-02-09 16:26:00,405 - INFO - 股票 300842: 关闭弹窗
2026-02-09 16:26:01,425 - INFO - 股票 300869: 切换到B/S点标签页
2026-02-09 16:26:01,445 - INFO - 股票 300842: 切换到B/S点标签页
2026-02-09 16:26:03,229 - INFO - 股票 300943: 关闭弹窗
2026-02-09 16:26:04,269 - INFO - 股票 300943: 关闭弹窗
2026-02-09 16:26:05,367 - INFO - 股票 300943: 切换到B/S点标签页
2026-02-09 16:26:08,646 - INFO - 股票 300869: 点击全屏查看按钮(CSS)
2026-02-09 16:26:08,646 - INFO - 股票 300842: 点击全屏查看按钮(CSS)
2026-02-09 16:26:10,725 - INFO - 股票 300842: 截图已保存为: /Users/chenyiyun/PycharmProjects/Chenyiyun2087/Sina/bs_detection/SinaAppBS/config_1/20260209/300842_20260209.png
2026-02-09 16:26:10,741 - INFO - 股票 300869: 截图已保存为: /Users/chenyiyun/PycharmProjects/Chenyiyun2087/Sina/bs_detection/SinaAppBS/config_1/20260209/300869_20260209.png
2026-02-09 16:26:10,813 - INFO - 股票 300842 处理成功: /Users/chenyiyun/PycharmProjects/Chenyiyun2087/Sina/bs_detection/SinaAppBS/config_1/20260209/300842_20260209.png
2026-02-09 16:26:10,829 - INFO - 股票 300869 处理成功: /Users/chenyiyun/PycharmProjects/Chenyiyun2087/Sina/bs_detection/SinaAppBS/config_1/20260209/300869_20260209.png
2026-02-09 16:26:11,656 - INFO - 访问股票 300995 行情页面
2026-02-09 16:26:11,909 - INFO - 访问股票 300963 行情页面
2026-02-09 16:26:12,526 - INFO - 股票 300943: 点击全屏查看按钮(CSS)
2026-02-09 16:26:14,285 - INFO - 股票 300995: 关闭弹窗
2026-02-09 16:26:14,597 - INFO - 股票 300943: 截图已保存为: /Users/chenyiyun/PycharmProjects/Chenyiyun2087/Sina/bs_detection/SinaAppBS/config_1/20260209/300943_20260209.png
2026-02-09 16:26:14,685 - INFO - 股票 300943 处理成功: /Users/chenyiyun/PycharmProjects/Chenyiyun2087/Sina/bs_detection/SinaAppBS/config_1/20260209/300943_20260209.png
2026-02-09 16:26:15,310 - INFO - 股票 300995: 关闭弹窗
2026-02-09 16:26:15,542 - INFO - 股票 300963: 关闭弹窗
2026-02-09 16:26:15,809 - INFO - 访问股票 301107 行情页面
2026-02-09 16:26:16,351 - INFO - 股票 300995: 切换到B/S点标签页
2026-02-09 16:26:16,571 - INFO - 股票 300963: 关闭弹窗
2026-02-09 16:26:17,608 - INFO - 股票 300963: 切换到B/S点标签页
2026-02-09 16:26:19,451 - INFO - 股票 301107: 关闭弹窗
2026-02-09 16:26:20,480 - INFO - 股票 301107: 关闭弹窗
2026-02-09 16:26:21,564 - INFO - 股票 301107: 切换到B/S点标签页
2026-02-09 16:26:23,581 - INFO - 股票 300995: 点击全屏查看按钮(CSS)
2026-02-09 16:26:24,804 - INFO - 股票 300963: 点击全屏查看按钮(CSS)
2026-02-09 16:26:25,688 - INFO - 股票 300995: 截图已保存为: /Users/chenyiyun/PycharmProjects/Chenyiyun2087/Sina/bs_detection/SinaAppBS/config_1/20260209/300995_20260209.png
2026-02-09 16:26:25,773 - INFO - 股票 300995 处理成功: /Users/chenyiyun/PycharmProjects/Chenyiyun2087/Sina/bs_detection/SinaAppBS/config_1/20260209/300995_20260209.png
2026-02-09 16:26:26,934 - INFO - 股票 300963: 截图已保存为: /Users/chenyiyun/PycharmProjects/Chenyiyun2087/Sina/bs_detection/SinaAppBS/config_1/20260209/300963_20260209.png
2026-02-09 16:26:27,025 - INFO - 股票 300963 处理成功: /Users/chenyiyun/PycharmProjects/Chenyiyun2087/Sina/bs_detection/SinaAppBS/config_1/20260209/300963_20260209.png
2026-02-09 16:26:27,099 - INFO - 访问股票 301227 行情页面
2026-02-09 16:26:28,509 - INFO - 访问股票 301234 行情页面
2026-02-09 16:26:28,777 - INFO - 股票 301107: 点击全屏查看按钮(CSS)
2026-02-09 16:26:29,727 - INFO - 股票 301227: 关闭弹窗
2026-02-09 16:26:30,751 - INFO - 股票 301227: 关闭弹窗
2026-02-09 16:26:30,851 - INFO - 股票 301107: 截图已保存为: /Users/chenyiyun/PycharmProjects/Chenyiyun2087/Sina/bs_detection/SinaAppBS/config_1/20260209/301107_20260209.png
2026-02-09 16:26:30,934 - INFO - 股票 301107 处理成功: /Users/chenyiyun/PycharmProjects/Chenyiyun2087/Sina/bs_detection/SinaAppBS/config_1/20260209/301107_20260209.png
2026-02-09 16:26:31,101 - INFO - 股票 301234: 关闭弹窗
2026-02-09 16:26:31,738 - INFO - 访问股票 301251 行情页面
2026-02-09 16:26:31,822 - INFO - 股票 301227: 切换到B/S点标签页
2026-02-09 16:26:32,129 - INFO - 股票 301234: 关闭弹窗
2026-02-09 16:26:33,190 - INFO - 股票 301234: 切换到B/S点标签页
2026-02-09 16:26:34,409 - INFO - 股票 301251: 关闭弹窗
2026-02-09 16:26:35,439 - INFO - 股票 301251: 关闭弹窗
2026-02-09 16:26:36,485 - INFO - 股票 301251: 切换到B/S点标签页
2026-02-09 16:26:38,972 - INFO - 股票 301227: 点击全屏查看按钮(CSS)
2026-02-09 16:26:40,369 - INFO - 股票 301234: 点击全屏查看按钮(CSS)
2026-02-09 16:26:41,054 - INFO - 股票 301227: 截图已保存为: /Users/chenyiyun/PycharmProjects/Chenyiyun2087/Sina/bs_detection/SinaAppBS/config_1/20260209/301227_20260209.png
2026-02-09 16:26:41,140 - INFO - 股票 301227 处理成功: /Users/chenyiyun/PycharmProjects/Chenyiyun2087/Sina/bs_detection/SinaAppBS/config_1/20260209/301227_20260209.png
2026-02-09 16:26:42,435 - INFO - 股票 301234: 截图已保存为: /Users/chenyiyun/PycharmProjects/Chenyiyun2087/Sina/bs_detection/SinaAppBS/config_1/20260209/301234_20260209.png
2026-02-09 16:26:42,536 - INFO - 股票 301234 处理成功: /Users/chenyiyun/PycharmProjects/Chenyiyun2087/Sina/bs_detection/SinaAppBS/config_1/20260209/301234_20260209.png
2026-02-09 16:26:43,645 - INFO - 股票 301251: 点击全屏查看按钮(CSS)
2026-02-09 16:26:45,743 - INFO - 股票 301251: 截图已保存为: /Users/chenyiyun/PycharmProjects/Chenyiyun2087/Sina/bs_detection/SinaAppBS/config_1/20260209/301251_20260209.png
2026-02-09 16:26:46,002 - INFO - 股票 301251 处理成功: /Users/chenyiyun/PycharmProjects/Chenyiyun2087/Sina/bs_detection/SinaAppBS/config_1/20260209/301251_20260209.png
2026-02-09 16:26:46,060 - INFO - 访问股票 301287 行情页面
2026-02-09 16:26:46,062 - INFO - 访问股票 301257 行情页面
2026-02-09 16:26:47,579 - INFO - 访问股票 301359 行情页面
2026-02-09 16:26:48,198 - INFO - 股票 301287: 关闭弹窗
2026-02-09 16:26:48,727 - INFO - 股票 301257: 关闭弹窗
2026-02-09 16:26:49,226 - INFO - 股票 301287: 关闭弹窗
2026-02-09 16:26:49,753 - INFO - 股票 301257: 关闭弹窗
2026-02-09 16:26:50,262 - INFO - 股票 301359: 关闭弹窗
2026-02-09 16:26:50,270 - INFO - 股票 301287: 切换到B/S点标签页
2026-02-09 16:26:50,798 - INFO - 股票 301257: 切换到B/S点标签页
2026-02-09 16:26:51,291 - INFO - 股票 301359: 关闭弹窗
2026-02-09 16:26:52,326 - INFO - 股票 301359: 切换到B/S点标签页
2026-02-09 16:26:57,416 - INFO - 股票 301287: 点击全屏查看按钮(CSS)
2026-02-09 16:26:57,931 - INFO - 股票 301257: 点击全屏查看按钮(CSS)
2026-02-09 16:26:59,471 - INFO - 股票 301359: 点击全屏查看按钮(CSS)
2026-02-09 16:26:59,512 - INFO - 股票 301287: 截图已保存为: /Users/chenyiyun/PycharmProjects/Chenyiyun2087/Sina/bs_detection/SinaAppBS/config_1/20260209/301287_20260209.png
2026-02-09 16:26:59,599 - INFO - 股票 301287 处理成功: /Users/chenyiyun/PycharmProjects/Chenyiyun2087/Sina/bs_detection/SinaAppBS/config_1/20260209/301287_20260209.png
2026-02-09 16:27:00,041 - INFO - 股票 301257: 截图已保存为: /Users/chenyiyun/PycharmProjects/Chenyiyun2087/Sina/bs_detection/SinaAppBS/config_1/20260209/301257_20260209.png
2026-02-09 16:27:00,127 - INFO - 股票 301257 处理成功: /Users/chenyiyun/PycharmProjects/Chenyiyun2087/Sina/bs_detection/SinaAppBS/config_1/20260209/301257_20260209.png
2026-02-09 16:27:00,490 - INFO - 访问股票 301388 行情页面
2026-02-09 16:27:01,563 - INFO - 股票 301359: 截图已保存为: /Users/chenyiyun/PycharmProjects/Chenyiyun2087/Sina/bs_detection/SinaAppBS/config_1/20260209/301359_20260209.png
2026-02-09 16:27:01,657 - INFO - 股票 301359 处理成功: /Users/chenyiyun/PycharmProjects/Chenyiyun2087/Sina/bs_detection/SinaAppBS/config_1/20260209/301359_20260209.png
2026-02-09 16:27:01,983 - INFO - 访问股票 301503 行情页面
2026-02-09 16:27:03,729 - INFO - 访问股票 301512 行情页面
2026-02-09 16:27:03,729 - INFO - 股票 301388: 关闭弹窗
2026-02-09 16:27:04,622 - INFO - 股票 301503: 关闭弹窗
2026-02-09 16:27:04,759 - INFO - 股票 301388: 关闭弹窗
2026-02-09 16:27:05,655 - INFO - 股票 301503: 关闭弹窗
2026-02-09 16:27:05,805 - INFO - 股票 301388: 切换到B/S点标签页
2026-02-09 16:27:06,327 - INFO - 股票 301512: 关闭弹窗
2026-02-09 16:27:06,701 - INFO - 股票 301503: 切换到B/S点标签页
2026-02-09 16:27:07,367 - INFO - 股票 301512: 关闭弹窗
2026-02-09 16:27:08,414 - INFO - 股票 301512: 切换到B/S点标签页
2026-02-09 16:27:12,982 - INFO - 股票 301388: 点击全屏查看按钮(CSS)
2026-02-09 16:27:13,876 - INFO - 股票 301503: 点击全屏查看按钮(CSS)
2026-02-09 16:27:15,077 - INFO - 股票 301388: 截图已保存为: /Users/chenyiyun/PycharmProjects/Chenyiyun2087/Sina/bs_detection/SinaAppBS/config_1/20260209/301388_20260209.png
2026-02-09 16:27:15,161 - INFO - 股票 301388 处理成功: /Users/chenyiyun/PycharmProjects/Chenyiyun2087/Sina/bs_detection/SinaAppBS/config_1/20260209/301388_20260209.png
2026-02-09 16:27:15,584 - INFO - 股票 301512: 点击全屏查看按钮(CSS)
2026-02-09 16:27:15,988 - INFO - 股票 301503: 截图已保存为: /Users/chenyiyun/PycharmProjects/Chenyiyun2087/Sina/bs_detection/SinaAppBS/config_1/20260209/301503_20260209.png
2026-02-09 16:27:16,081 - INFO - 股票 301503 处理成功: /Users/chenyiyun/PycharmProjects/Chenyiyun2087/Sina/bs_detection/SinaAppBS/config_1/20260209/301503_20260209.png
2026-02-09 16:27:16,589 - INFO - 访问股票 301525 行情页面
2026-02-09 16:27:17,669 - INFO - 股票 301512: 截图已保存为: /Users/chenyiyun/PycharmProjects/Chenyiyun2087/Sina/bs_detection/SinaAppBS/config_1/20260209/301512_20260209.png
2026-02-09 16:27:17,752 - INFO - 股票 301512 处理成功: /Users/chenyiyun/PycharmProjects/Chenyiyun2087/Sina/bs_detection/SinaAppBS/config_1/20260209/301512_20260209.png
2026-02-09 16:27:20,219 - INFO - 股票 301525: 关闭弹窗
2026-02-09 16:27:21,271 - INFO - 股票 301525: 关闭弹窗
2026-02-09 16:27:22,335 - INFO - 股票 301525: 切换到B/S点标签页
2026-02-09 16:27:29,563 - INFO - 股票 301525: 点击全屏查看按钮(CSS)
2026-02-09 16:27:31,656 - INFO - 股票 301525: 截图已保存为: /Users/chenyiyun/PycharmProjects/Chenyiyun2087/Sina/bs_detection/SinaAppBS/config_1/20260209/301525_20260209.png
2026-02-09 16:27:31,743 - INFO - 股票 301525 处理成功: /Users/chenyiyun/PycharmProjects/Chenyiyun2087/Sina/bs_detection/SinaAppBS/config_1/20260209/301525_20260209.png
2026-02-09 16:27:31,744 - INFO - 处理完成，耗时: 2498.74秒
2026-02-09 16:27:31,744 - INFO - 总计: 436 个股票代码
2026-02-09 16:27:31,744 - INFO - 成功: 433 个
2026-02-09 16:27:31,744 - INFO - 失败: 3 个
2026-02-09 16:27:31,744 - INFO - 失败的股票代码:
2026-02-09 16:27:31,744 - INFO -   - 600006: 截图耗时超过60秒，提前结束
2026-02-09 16:27:31,744 - INFO -   - 000012: 截图耗时超过60秒，提前结束
2026-02-09 16:27:31,744 - INFO -   - 000001: 截图耗时超过60秒，提前结束
2026-02-09 16:27:31,744 - INFO - 截图阶段耗时: 2498.86 秒
2026-02-09 16:27:31,744 - INFO - 开始检测日期文件夹: config_1/20260209
2026-02-09 16:32:16,641 - INFO - 检测阶段耗时: 284.90 秒
2026-02-09 16:32:16,641 - INFO - 归档阶段耗时: 0.00 秒
