2026-02-10 00:47:43,231 - INFO - Scheduler started.
2026-02-10 00:47:43,231 - INFO - Triggering task: daily_pipeline
2026-02-10 00:47:43,232 - INFO - Waiting for TuShare data readiness...
2026-02-10 00:47:43,232 - INFO - Data is ready! Starting pipeline tasks...
2026-02-10 00:47:43,232 - INFO - Daily Pipeline completed successfully.
2026-02-10 00:49:29,149 - INFO - Scheduler started.
2026-02-10 02:05:01,943 - ERROR - Error checking trade day: (pymysql.err.OperationalError) (1040, 'Too many connections')
(Background on this error at: https://sqlalche.me/e/20/e3q8)
2026-02-10 02:05:31,958 - ERROR - Error checking trade day: (pymysql.err.OperationalError) (1040, 'Too many connections')
(Background on this error at: https://sqlalche.me/e/20/e3q8)
2026-02-10 02:06:01,976 - ERROR - Error checking trade day: (pymysql.err.OperationalError) (1040, 'Too many connections')
(Background on this error at: https://sqlalche.me/e/20/e3q8)
2026-02-10 02:06:31,990 - ERROR - Error checking trade day: (pymysql.err.OperationalError) (1040, 'Too many connections')
(Background on this error at: https://sqlalche.me/e/20/e3q8)
2026-02-10 02:07:01,999 - ERROR - Error checking trade day: (pymysql.err.OperationalError) (1040, 'Too many connections')
(Background on this error at: https://sqlalche.me/e/20/e3q8)
2026-02-10 02:07:32,015 - ERROR - Error checking trade day: (pymysql.err.OperationalError) (1040, 'Too many connections')
(Background on this error at: https://sqlalche.me/e/20/e3q8)
2026-02-10 02:08:02,028 - ERROR - Error checking trade day: (pymysql.err.OperationalError) (1040, 'Too many connections')
(Background on this error at: https://sqlalche.me/e/20/e3q8)
2026-02-10 02:08:32,040 - ERROR - Error checking trade day: (pymysql.err.OperationalError) (1040, 'Too many connections')
(Background on this error at: https://sqlalche.me/e/20/e3q8)
2026-02-10 02:09:02,046 - ERROR - Error checking trade day: (pymysql.err.OperationalError) (1040, 'Too many connections')
(Background on this error at: https://sqlalche.me/e/20/e3q8)
2026-02-10 02:09:32,054 - ERROR - Error checking trade day: (pymysql.err.OperationalError) (1040, 'Too many connections')
(Background on this error at: https://sqlalche.me/e/20/e3q8)
2026-02-10 02:10:02,070 - ERROR - Error checking trade day: (pymysql.err.OperationalError) (1040, 'Too many connections')
(Background on this error at: https://sqlalche.me/e/20/e3q8)
2026-02-10 02:10:32,078 - ERROR - Error checking trade day: (pymysql.err.OperationalError) (1040, 'Too many connections')
(Background on this error at: https://sqlalche.me/e/20/e3q8)
2026-02-10 02:11:02,087 - ERROR - Error checking trade day: (pymysql.err.OperationalError) (1040, 'Too many connections')
(Background on this error at: https://sqlalche.me/e/20/e3q8)
2026-02-10 02:11:32,093 - ERROR - Error checking trade day: (pymysql.err.OperationalError) (1040, 'Too many connections')
(Background on this error at: https://sqlalche.me/e/20/e3q8)
2026-02-10 02:12:02,103 - ERROR - Error checking trade day: (pymysql.err.OperationalError) (1040, 'Too many connections')
(Background on this error at: https://sqlalche.me/e/20/e3q8)
2026-02-10 02:12:32,112 - ERROR - Error checking trade day: (pymysql.err.OperationalError) (1040, 'Too many connections')
(Background on this error at: https://sqlalche.me/e/20/e3q8)
2026-02-10 02:13:02,128 - ERROR - Error checking trade day: (pymysql.err.OperationalError) (1040, 'Too many connections')
(Background on this error at: https://sqlalche.me/e/20/e3q8)
2026-02-10 02:13:32,136 - ERROR - Error checking trade day: (pymysql.err.OperationalError) (1040, 'Too many connections')
(Background on this error at: https://sqlalche.me/e/20/e3q8)
2026-02-10 02:14:02,149 - ERROR - Error checking trade day: (pymysql.err.OperationalError) (1040, 'Too many connections')
(Background on this error at: https://sqlalche.me/e/20/e3q8)
2026-02-10 02:14:32,155 - ERROR - Error checking trade day: (pymysql.err.OperationalError) (1040, 'Too many connections')
(Background on this error at: https://sqlalche.me/e/20/e3q8)
2026-02-10 02:15:02,165 - ERROR - Error checking trade day: (pymysql.err.OperationalError) (1040, 'Too many connections')
(Background on this error at: https://sqlalche.me/e/20/e3q8)
2026-02-10 02:15:32,181 - ERROR - Error checking trade day: (pymysql.err.OperationalError) (1040, 'Too many connections')
(Background on this error at: https://sqlalche.me/e/20/e3q8)
2026-02-10 02:16:02,196 - ERROR - Error checking trade day: (pymysql.err.OperationalError) (1040, 'Too many connections')
(Background on this error at: https://sqlalche.me/e/20/e3q8)
2026-02-10 02:16:32,205 - ERROR - Error checking trade day: (pymysql.err.OperationalError) (1040, 'Too many connections')
(Background on this error at: https://sqlalche.me/e/20/e3q8)
2026-02-10 02:17:02,221 - ERROR - Error checking trade day: (pymysql.err.OperationalError) (1040, 'Too many connections')
(Background on this error at: https://sqlalche.me/e/20/e3q8)
2026-02-10 02:17:32,233 - ERROR - Error checking trade day: (pymysql.err.OperationalError) (1040, 'Too many connections')
(Background on this error at: https://sqlalche.me/e/20/e3q8)
2026-02-10 02:18:02,248 - ERROR - Error checking trade day: (pymysql.err.OperationalError) (1040, 'Too many connections')
(Background on this error at: https://sqlalche.me/e/20/e3q8)
2026-02-10 02:18:32,263 - ERROR - Error checking trade day: (pymysql.err.OperationalError) (1040, 'Too many connections')
(Background on this error at: https://sqlalche.me/e/20/e3q8)
2026-02-10 02:19:02,275 - ERROR - Error checking trade day: (pymysql.err.OperationalError) (1040, 'Too many connections')
(Background on this error at: https://sqlalche.me/e/20/e3q8)
2026-02-10 02:19:32,284 - ERROR - Error checking trade day: (pymysql.err.OperationalError) (1040, 'Too many connections')
(Background on this error at: https://sqlalche.me/e/20/e3q8)
2026-02-10 02:20:02,300 - ERROR - Error checking trade day: (pymysql.err.OperationalError) (1040, 'Too many connections')
(Background on this error at: https://sqlalche.me/e/20/e3q8)
2026-02-10 02:20:32,316 - ERROR - Error checking trade day: (pymysql.err.OperationalError) (1040, 'Too many connections')
(Background on this error at: https://sqlalche.me/e/20/e3q8)
2026-02-10 02:21:02,325 - ERROR - Error checking trade day: (pymysql.err.OperationalError) (1040, 'Too many connections')
(Background on this error at: https://sqlalche.me/e/20/e3q8)
2026-02-10 02:21:32,341 - ERROR - Error checking trade day: (pymysql.err.OperationalError) (1040, 'Too many connections')
(Background on this error at: https://sqlalche.me/e/20/e3q8)
2026-02-10 02:22:02,353 - ERROR - Error checking trade day: (pymysql.err.OperationalError) (1040, 'Too many connections')
(Background on this error at: https://sqlalche.me/e/20/e3q8)
2026-02-10 02:22:32,363 - ERROR - Error checking trade day: (pymysql.err.OperationalError) (1040, 'Too many connections')
(Background on this error at: https://sqlalche.me/e/20/e3q8)
2026-02-10 02:23:02,379 - ERROR - Error checking trade day: (pymysql.err.OperationalError) (1040, 'Too many connections')
(Background on this error at: https://sqlalche.me/e/20/e3q8)
2026-02-10 02:23:32,390 - ERROR - Error checking trade day: (pymysql.err.OperationalError) (1040, 'Too many connections')
(Background on this error at: https://sqlalche.me/e/20/e3q8)
2026-02-10 02:24:02,403 - ERROR - Error checking trade day: (pymysql.err.OperationalError) (1040, 'Too many connections')
(Background on this error at: https://sqlalche.me/e/20/e3q8)
2026-02-10 02:24:32,412 - ERROR - Error checking trade day: (pymysql.err.OperationalError) (1040, 'Too many connections')
(Background on this error at: https://sqlalche.me/e/20/e3q8)
2026-02-10 02:25:02,426 - ERROR - Error checking trade day: (pymysql.err.OperationalError) (1040, 'Too many connections')
(Background on this error at: https://sqlalche.me/e/20/e3q8)
2026-02-10 02:25:32,440 - ERROR - Error checking trade day: (pymysql.err.OperationalError) (1040, 'Too many connections')
(Background on this error at: https://sqlalche.me/e/20/e3q8)
2026-02-10 02:26:02,451 - ERROR - Error checking trade day: (pymysql.err.OperationalError) (1040, 'Too many connections')
(Background on this error at: https://sqlalche.me/e/20/e3q8)
2026-02-10 03:42:05,208 - ERROR - Error checking trade day: (pymysql.err.OperationalError) (1040, 'Too many connections')
(Background on this error at: https://sqlalche.me/e/20/e3q8)
2026-02-10 03:42:35,224 - ERROR - Error checking trade day: (pymysql.err.OperationalError) (1040, 'Too many connections')
(Background on this error at: https://sqlalche.me/e/20/e3q8)
2026-02-10 03:43:05,238 - ERROR - Error checking trade day: (pymysql.err.OperationalError) (1040, 'Too many connections')
(Background on this error at: https://sqlalche.me/e/20/e3q8)
2026-02-10 03:43:35,252 - ERROR - Error checking trade day: (pymysql.err.OperationalError) (1040, 'Too many connections')
(Background on this error at: https://sqlalche.me/e/20/e3q8)
2026-02-10 03:44:05,264 - ERROR - Error checking trade day: (pymysql.err.OperationalError) (1040, 'Too many connections')
(Background on this error at: https://sqlalche.me/e/20/e3q8)
2026-02-10 03:44:35,279 - ERROR - Error checking trade day: (pymysql.err.OperationalError) (1040, 'Too many connections')
(Background on this error at: https://sqlalche.me/e/20/e3q8)
2026-02-10 03:45:05,290 - ERROR - Error checking trade day: (pymysql.err.OperationalError) (1040, 'Too many connections')
(Background on this error at: https://sqlalche.me/e/20/e3q8)
2026-02-10 03:45:35,298 - ERROR - Error checking trade day: (pymysql.err.OperationalError) (1040, 'Too many connections')
(Background on this error at: https://sqlalche.me/e/20/e3q8)
2026-02-10 03:46:05,309 - ERROR - Error checking trade day: (pymysql.err.OperationalError) (1040, 'Too many connections')
(Background on this error at: https://sqlalche.me/e/20/e3q8)
2026-02-10 03:46:35,318 - ERROR - Error checking trade day: (pymysql.err.OperationalError) (1040, 'Too many connections')
(Background on this error at: https://sqlalche.me/e/20/e3q8)
2026-02-10 03:47:05,327 - ERROR - Error checking trade day: (pymysql.err.OperationalError) (1040, 'Too many connections')
(Background on this error at: https://sqlalche.me/e/20/e3q8)
2026-02-10 03:47:35,333 - ERROR - Error checking trade day: (pymysql.err.OperationalError) (1040, 'Too many connections')
(Background on this error at: https://sqlalche.me/e/20/e3q8)
2026-02-10 03:48:05,347 - ERROR - Error checking trade day: (pymysql.err.OperationalError) (1040, 'Too many connections')
(Background on this error at: https://sqlalche.me/e/20/e3q8)
2026-02-10 03:48:35,359 - ERROR - Error checking trade day: (pymysql.err.OperationalError) (1040, 'Too many connections')
(Background on this error at: https://sqlalche.me/e/20/e3q8)
2026-02-10 03:49:05,364 - ERROR - Error checking trade day: (pymysql.err.OperationalError) (1040, 'Too many connections')
(Background on this error at: https://sqlalche.me/e/20/e3q8)
2026-02-10 03:49:35,372 - ERROR - Error checking trade day: (pymysql.err.OperationalError) (1040, 'Too many connections')
(Background on this error at: https://sqlalche.me/e/20/e3q8)
2026-02-10 03:50:05,382 - ERROR - Error checking trade day: (pymysql.err.OperationalError) (1040, 'Too many connections')
(Background on this error at: https://sqlalche.me/e/20/e3q8)
2026-02-10 03:50:35,395 - ERROR - Error checking trade day: (pymysql.err.OperationalError) (1040, 'Too many connections')
(Background on this error at: https://sqlalche.me/e/20/e3q8)
2026-02-10 03:51:05,401 - ERROR - Error checking trade day: (pymysql.err.OperationalError) (1040, 'Too many connections')
(Background on this error at: https://sqlalche.me/e/20/e3q8)
2026-02-10 03:51:35,409 - ERROR - Error checking trade day: (pymysql.err.OperationalError) (1040, 'Too many connections')
(Background on this error at: https://sqlalche.me/e/20/e3q8)
2026-02-10 03:52:05,423 - ERROR - Error checking trade day: (pymysql.err.OperationalError) (1040, 'Too many connections')
(Background on this error at: https://sqlalche.me/e/20/e3q8)
2026-02-10 03:52:35,435 - ERROR - Error checking trade day: (pymysql.err.OperationalError) (1040, 'Too many connections')
(Background on this error at: https://sqlalche.me/e/20/e3q8)
2026-02-10 03:53:05,447 - ERROR - Error checking trade day: (pymysql.err.OperationalError) (1040, 'Too many connections')
(Background on this error at: https://sqlalche.me/e/20/e3q8)
2026-02-10 03:53:35,463 - ERROR - Error checking trade day: (pymysql.err.OperationalError) (1040, 'Too many connections')
(Background on this error at: https://sqlalche.me/e/20/e3q8)
2026-02-10 03:54:05,473 - ERROR - Error checking trade day: (pymysql.err.OperationalError) (1040, 'Too many connections')
(Background on this error at: https://sqlalche.me/e/20/e3q8)
2026-02-10 03:54:35,480 - ERROR - Error checking trade day: (pymysql.err.OperationalError) (1040, 'Too many connections')
(Background on this error at: https://sqlalche.me/e/20/e3q8)
2026-02-10 03:55:05,488 - ERROR - Error checking trade day: (pymysql.err.OperationalError) (1040, 'Too many connections')
(Background on this error at: https://sqlalche.me/e/20/e3q8)
2026-02-10 03:55:35,501 - ERROR - Error checking trade day: (pymysql.err.OperationalError) (1040, 'Too many connections')
(Background on this error at: https://sqlalche.me/e/20/e3q8)
2026-02-10 03:56:05,514 - ERROR - Error checking trade day: (pymysql.err.OperationalError) (1040, 'Too many connections')
(Background on this error at: https://sqlalche.me/e/20/e3q8)
2026-02-10 03:56:35,528 - ERROR - Error checking trade day: (pymysql.err.OperationalError) (1040, 'Too many connections')
(Background on this error at: https://sqlalche.me/e/20/e3q8)
2026-02-10 03:57:05,539 - ERROR - Error checking trade day: (pymysql.err.OperationalError) (1040, 'Too many connections')
(Background on this error at: https://sqlalche.me/e/20/e3q8)
2026-02-10 03:57:35,550 - ERROR - Error checking trade day: (pymysql.err.OperationalError) (1040, 'Too many connections')
(Background on this error at: https://sqlalche.me/e/20/e3q8)
2026-02-10 03:58:05,561 - ERROR - Error checking trade day: (pymysql.err.OperationalError) (1040, 'Too many connections')
(Background on this error at: https://sqlalche.me/e/20/e3q8)
2026-02-10 03:58:35,575 - ERROR - Error checking trade day: (pymysql.err.OperationalError) (1040, 'Too many connections')
(Background on this error at: https://sqlalche.me/e/20/e3q8)
2026-02-10 03:59:05,589 - ERROR - Error checking trade day: (pymysql.err.OperationalError) (1040, 'Too many connections')
(Background on this error at: https://sqlalche.me/e/20/e3q8)
2026-02-10 03:59:35,599 - ERROR - Error checking trade day: (pymysql.err.OperationalError) (1040, 'Too many connections')
(Background on this error at: https://sqlalche.me/e/20/e3q8)
2026-02-10 04:00:05,610 - ERROR - Error checking trade day: (pymysql.err.OperationalError) (1040, 'Too many connections')
(Background on this error at: https://sqlalche.me/e/20/e3q8)
2026-02-10 04:00:05,610 - INFO - 2026-02-10 is not a trading day. Idling...
2026-02-10 04:00:35,621 - ERROR - Error checking trade day: (pymysql.err.OperationalError) (1040, 'Too many connections')
(Background on this error at: https://sqlalche.me/e/20/e3q8)
2026-02-10 04:01:05,637 - ERROR - Error checking trade day: (pymysql.err.OperationalError) (1040, 'Too many connections')
(Background on this error at: https://sqlalche.me/e/20/e3q8)
2026-02-10 04:01:35,645 - ERROR - Error checking trade day: (pymysql.err.OperationalError) (1040, 'Too many connections')
(Background on this error at: https://sqlalche.me/e/20/e3q8)
2026-02-10 04:02:05,652 - ERROR - Error checking trade day: (pymysql.err.OperationalError) (1040, 'Too many connections')
(Background on this error at: https://sqlalche.me/e/20/e3q8)
2026-02-10 04:02:35,664 - ERROR - Error checking trade day: (pymysql.err.OperationalError) (1040, 'Too many connections')
(Background on this error at: https://sqlalche.me/e/20/e3q8)
2026-02-10 04:03:05,679 - ERROR - Error checking trade day: (pymysql.err.OperationalError) (1040, 'Too many connections')
(Background on this error at: https://sqlalche.me/e/20/e3q8)
2026-02-10 04:03:35,691 - ERROR - Error checking trade day: (pymysql.err.OperationalError) (1040, 'Too many connections')
(Background on this error at: https://sqlalche.me/e/20/e3q8)
2026-02-10 04:04:05,699 - ERROR - Error checking trade day: (pymysql.err.OperationalError) (1040, 'Too many connections')
(Background on this error at: https://sqlalche.me/e/20/e3q8)
2026-02-10 04:04:35,705 - ERROR - Error checking trade day: (pymysql.err.OperationalError) (1040, 'Too many connections')
(Background on this error at: https://sqlalche.me/e/20/e3q8)
2026-02-10 04:05:05,712 - ERROR - Error checking trade day: (pymysql.err.OperationalError) (1040, 'Too many connections')
(Background on this error at: https://sqlalche.me/e/20/e3q8)
2026-02-10 04:05:35,718 - ERROR - Error checking trade day: (pymysql.err.OperationalError) (1040, 'Too many connections')
(Background on this error at: https://sqlalche.me/e/20/e3q8)
2026-02-10 04:06:05,732 - ERROR - Error checking trade day: (pymysql.err.OperationalError) (1040, 'Too many connections')
(Background on this error at: https://sqlalche.me/e/20/e3q8)
2026-02-10 04:06:35,743 - ERROR - Error checking trade day: (pymysql.err.OperationalError) (1040, 'Too many connections')
(Background on this error at: https://sqlalche.me/e/20/e3q8)
2026-02-10 04:07:05,750 - ERROR - Error checking trade day: (pymysql.err.OperationalError) (1040, 'Too many connections')
(Background on this error at: https://sqlalche.me/e/20/e3q8)
2026-02-10 04:07:35,765 - ERROR - Error checking trade day: (pymysql.err.OperationalError) (1040, 'Too many connections')
(Background on this error at: https://sqlalche.me/e/20/e3q8)
2026-02-10 04:08:05,777 - ERROR - Error checking trade day: (pymysql.err.OperationalError) (1040, 'Too many connections')
(Background on this error at: https://sqlalche.me/e/20/e3q8)
2026-02-10 04:08:35,791 - ERROR - Error checking trade day: (pymysql.err.OperationalError) (1040, 'Too many connections')
(Background on this error at: https://sqlalche.me/e/20/e3q8)
2026-02-10 04:09:05,804 - ERROR - Error checking trade day: (pymysql.err.OperationalError) (1040, 'Too many connections')
(Background on this error at: https://sqlalche.me/e/20/e3q8)
2026-02-10 04:09:35,818 - ERROR - Error checking trade day: (pymysql.err.OperationalError) (1040, 'Too many connections')
(Background on this error at: https://sqlalche.me/e/20/e3q8)
2026-02-10 04:10:05,824 - ERROR - Error checking trade day: (pymysql.err.OperationalError) (1040, 'Too many connections')
(Background on this error at: https://sqlalche.me/e/20/e3q8)
2026-02-10 04:10:35,835 - ERROR - Error checking trade day: (pymysql.err.OperationalError) (1040, 'Too many connections')
(Background on this error at: https://sqlalche.me/e/20/e3q8)
2026-02-10 04:11:05,850 - ERROR - Error checking trade day: (pymysql.err.OperationalError) (1040, 'Too many connections')
(Background on this error at: https://sqlalche.me/e/20/e3q8)
2026-02-10 04:11:35,867 - ERROR - Error checking trade day: (pymysql.err.OperationalError) (1040, 'Too many connections')
(Background on this error at: https://sqlalche.me/e/20/e3q8)
2026-02-10 04:12:05,883 - ERROR - Error checking trade day: (pymysql.err.OperationalError) (1040, 'Too many connections')
(Background on this error at: https://sqlalche.me/e/20/e3q8)
2026-02-10 04:12:35,892 - ERROR - Error checking trade day: (pymysql.err.OperationalError) (1040, 'Too many connections')
(Background on this error at: https://sqlalche.me/e/20/e3q8)
2026-02-10 04:13:05,907 - ERROR - Error checking trade day: (pymysql.err.OperationalError) (1040, 'Too many connections')
(Background on this error at: https://sqlalche.me/e/20/e3q8)
2026-02-10 04:13:35,923 - ERROR - Error checking trade day: (pymysql.err.OperationalError) (1040, 'Too many connections')
(Background on this error at: https://sqlalche.me/e/20/e3q8)
2026-02-10 04:14:05,940 - ERROR - Error checking trade day: (pymysql.err.OperationalError) (1040, 'Too many connections')
(Background on this error at: https://sqlalche.me/e/20/e3q8)
2026-02-10 04:14:35,956 - ERROR - Error checking trade day: (pymysql.err.OperationalError) (1040, 'Too many connections')
(Background on this error at: https://sqlalche.me/e/20/e3q8)
2026-02-10 04:15:05,969 - ERROR - Error checking trade day: (pymysql.err.OperationalError) (1040, 'Too many connections')
(Background on this error at: https://sqlalche.me/e/20/e3q8)
2026-02-10 04:15:35,987 - ERROR - Error checking trade day: (pymysql.err.OperationalError) (1040, 'Too many connections')
(Background on this error at: https://sqlalche.me/e/20/e3q8)
2026-02-10 04:16:05,996 - ERROR - Error checking trade day: (pymysql.err.OperationalError) (1040, 'Too many connections')
(Background on this error at: https://sqlalche.me/e/20/e3q8)
2026-02-10 04:16:36,014 - ERROR - Error checking trade day: (pymysql.err.OperationalError) (1040, 'Too many connections')
(Background on this error at: https://sqlalche.me/e/20/e3q8)
2026-02-10 04:17:06,020 - ERROR - Error checking trade day: (pymysql.err.OperationalError) (1040, 'Too many connections')
(Background on this error at: https://sqlalche.me/e/20/e3q8)
2026-02-10 04:17:36,027 - ERROR - Error checking trade day: (pymysql.err.OperationalError) (1040, 'Too many connections')
(Background on this error at: https://sqlalche.me/e/20/e3q8)
2026-02-10 04:18:06,043 - ERROR - Error checking trade day: (pymysql.err.OperationalError) (1040, 'Too many connections')
(Background on this error at: https://sqlalche.me/e/20/e3q8)
2026-02-10 04:18:36,059 - ERROR - Error checking trade day: (pymysql.err.OperationalError) (1040, 'Too many connections')
(Background on this error at: https://sqlalche.me/e/20/e3q8)
2026-02-10 04:19:06,073 - ERROR - Error checking trade day: (pymysql.err.OperationalError) (1040, 'Too many connections')
(Background on this error at: https://sqlalche.me/e/20/e3q8)
2026-02-10 04:19:36,090 - ERROR - Error checking trade day: (pymysql.err.OperationalError) (1040, 'Too many connections')
(Background on this error at: https://sqlalche.me/e/20/e3q8)
2026-02-10 04:20:06,105 - ERROR - Error checking trade day: (pymysql.err.OperationalError) (1040, 'Too many connections')
(Background on this error at: https://sqlalche.me/e/20/e3q8)
2026-02-10 04:20:36,118 - ERROR - Error checking trade day: (pymysql.err.OperationalError) (1040, 'Too many connections')
(Background on this error at: https://sqlalche.me/e/20/e3q8)
2026-02-10 04:21:06,134 - ERROR - Error checking trade day: (pymysql.err.OperationalError) (1040, 'Too many connections')
(Background on this error at: https://sqlalche.me/e/20/e3q8)
2026-02-10 04:21:36,152 - ERROR - Error checking trade day: (pymysql.err.OperationalError) (1040, 'Too many connections')
(Background on this error at: https://sqlalche.me/e/20/e3q8)
2026-02-10 04:22:06,162 - ERROR - Error checking trade day: (pymysql.err.OperationalError) (1040, 'Too many connections')
(Background on this error at: https://sqlalche.me/e/20/e3q8)
2026-02-10 04:22:36,178 - ERROR - Error checking trade day: (pymysql.err.OperationalError) (1040, 'Too many connections')
(Background on this error at: https://sqlalche.me/e/20/e3q8)
2026-02-10 04:23:06,193 - ERROR - Error checking trade day: (pymysql.err.OperationalError) (1040, 'Too many connections')
(Background on this error at: https://sqlalche.me/e/20/e3q8)
2026-02-10 04:23:36,203 - ERROR - Error checking trade day: (pymysql.err.OperationalError) (1040, 'Too many connections')
(Background on this error at: https://sqlalche.me/e/20/e3q8)
2026-02-10 04:24:06,218 - ERROR - Error checking trade day: (pymysql.err.OperationalError) (1040, 'Too many connections')
(Background on this error at: https://sqlalche.me/e/20/e3q8)
2026-02-10 04:24:36,231 - ERROR - Error checking trade day: (pymysql.err.OperationalError) (1040, 'Too many connections')
(Background on this error at: https://sqlalche.me/e/20/e3q8)
2026-02-10 04:25:06,238 - ERROR - Error checking trade day: (pymysql.err.OperationalError) (1040, 'Too many connections')
(Background on this error at: https://sqlalche.me/e/20/e3q8)
2026-02-10 04:25:36,248 - ERROR - Error checking trade day: (pymysql.err.OperationalError) (1040, 'Too many connections')
(Background on this error at: https://sqlalche.me/e/20/e3q8)
2026-02-10 04:26:06,264 - ERROR - Error checking trade day: (pymysql.err.OperationalError) (1040, 'Too many connections')
(Background on this error at: https://sqlalche.me/e/20/e3q8)
2026-02-10 04:26:36,277 - ERROR - Error checking trade day: (pymysql.err.OperationalError) (1040, 'Too many connections')
(Background on this error at: https://sqlalche.me/e/20/e3q8)
2026-02-10 04:27:06,291 - ERROR - Error checking trade day: (pymysql.err.OperationalError) (1040, 'Too many connections')
(Background on this error at: https://sqlalche.me/e/20/e3q8)
2026-02-10 04:27:36,300 - ERROR - Error checking trade day: (pymysql.err.OperationalError) (1040, 'Too many connections')
(Background on this error at: https://sqlalche.me/e/20/e3q8)
2026-02-10 04:28:06,314 - ERROR - Error checking trade day: (pymysql.err.OperationalError) (1040, 'Too many connections')
(Background on this error at: https://sqlalche.me/e/20/e3q8)
2026-02-10 04:28:36,320 - ERROR - Error checking trade day: (pymysql.err.OperationalError) (1040, 'Too many connections')
(Background on this error at: https://sqlalche.me/e/20/e3q8)
2026-02-10 04:29:06,331 - ERROR - Error checking trade day: (pymysql.err.OperationalError) (1040, 'Too many connections')
(Background on this error at: https://sqlalche.me/e/20/e3q8)
2026-02-10 04:29:36,342 - ERROR - Error checking trade day: (pymysql.err.OperationalError) (1040, 'Too many connections')
(Background on this error at: https://sqlalche.me/e/20/e3q8)
2026-02-10 04:30:06,350 - ERROR - Error checking trade day: (pymysql.err.OperationalError) (1040, 'Too many connections')
(Background on this error at: https://sqlalche.me/e/20/e3q8)
2026-02-10 04:30:36,366 - ERROR - Error checking trade day: (pymysql.err.OperationalError) (1040, 'Too many connections')
(Background on this error at: https://sqlalche.me/e/20/e3q8)
2026-02-10 04:31:06,378 - ERROR - Error checking trade day: (pymysql.err.OperationalError) (1040, 'Too many connections')
(Background on this error at: https://sqlalche.me/e/20/e3q8)
2026-02-10 04:31:36,386 - ERROR - Error checking trade day: (pymysql.err.OperationalError) (1040, 'Too many connections')
(Background on this error at: https://sqlalche.me/e/20/e3q8)
2026-02-10 04:32:06,399 - ERROR - Error checking trade day: (pymysql.err.OperationalError) (1040, 'Too many connections')
(Background on this error at: https://sqlalche.me/e/20/e3q8)
2026-02-10 04:32:36,411 - ERROR - Error checking trade day: (pymysql.err.OperationalError) (1040, 'Too many connections')
(Background on this error at: https://sqlalche.me/e/20/e3q8)
2026-02-10 05:48:09,162 - ERROR - Error checking trade day: (pymysql.err.OperationalError) (1040, 'Too many connections')
(Background on this error at: https://sqlalche.me/e/20/e3q8)
2026-02-10 05:48:39,176 - ERROR - Error checking trade day: (pymysql.err.OperationalError) (1040, 'Too many connections')
(Background on this error at: https://sqlalche.me/e/20/e3q8)
2026-02-10 05:49:09,189 - ERROR - Error checking trade day: (pymysql.err.OperationalError) (1040, 'Too many connections')
(Background on this error at: https://sqlalche.me/e/20/e3q8)
2026-02-10 05:49:39,204 - ERROR - Error checking trade day: (pymysql.err.OperationalError) (1040, 'Too many connections')
(Background on this error at: https://sqlalche.me/e/20/e3q8)
2026-02-10 05:50:09,218 - ERROR - Error checking trade day: (pymysql.err.OperationalError) (1040, 'Too many connections')
(Background on this error at: https://sqlalche.me/e/20/e3q8)
2026-02-10 05:50:39,227 - ERROR - Error checking trade day: (pymysql.err.OperationalError) (1040, 'Too many connections')
(Background on this error at: https://sqlalche.me/e/20/e3q8)
2026-02-10 05:51:09,244 - ERROR - Error checking trade day: (pymysql.err.OperationalError) (1040, 'Too many connections')
(Background on this error at: https://sqlalche.me/e/20/e3q8)
2026-02-10 05:51:39,256 - ERROR - Error checking trade day: (pymysql.err.OperationalError) (1040, 'Too many connections')
(Background on this error at: https://sqlalche.me/e/20/e3q8)
2026-02-10 05:52:09,266 - ERROR - Error checking trade day: (pymysql.err.OperationalError) (1040, 'Too many connections')
(Background on this error at: https://sqlalche.me/e/20/e3q8)
2026-02-10 10:43:49,599 - ERROR - Error checking trade day: (pymysql.err.OperationalError) (1040, 'Too many connections')
(Background on this error at: https://sqlalche.me/e/20/e3q8)
2026-02-10 10:44:19,608 - ERROR - Error checking trade day: (pymysql.err.OperationalError) (1040, 'Too many connections')
(Background on this error at: https://sqlalche.me/e/20/e3q8)
2026-02-10 10:44:49,618 - ERROR - Error checking trade day: (pymysql.err.OperationalError) (1040, 'Too many connections')
(Background on this error at: https://sqlalche.me/e/20/e3q8)
2026-02-10 10:45:19,627 - ERROR - Error checking trade day: (pymysql.err.OperationalError) (1040, 'Too many connections')
(Background on this error at: https://sqlalche.me/e/20/e3q8)
2026-02-10 10:45:49,635 - ERROR - Error checking trade day: (pymysql.err.OperationalError) (1040, 'Too many connections')
(Background on this error at: https://sqlalche.me/e/20/e3q8)
2026-02-10 10:46:19,647 - ERROR - Error checking trade day: (pymysql.err.OperationalError) (1040, 'Too many connections')
(Background on this error at: https://sqlalche.me/e/20/e3q8)
2026-02-10 10:46:49,656 - ERROR - Error checking trade day: (pymysql.err.OperationalError) (1040, 'Too many connections')
(Background on this error at: https://sqlalche.me/e/20/e3q8)
2026-02-10 10:47:19,667 - ERROR - Error checking trade day: (pymysql.err.OperationalError) (1040, 'Too many connections')
(Background on this error at: https://sqlalche.me/e/20/e3q8)
2026-02-10 10:47:49,678 - ERROR - Error checking trade day: (pymysql.err.OperationalError) (1040, 'Too many connections')
(Background on this error at: https://sqlalche.me/e/20/e3q8)
2026-02-10 10:48:19,685 - ERROR - Error checking trade day: (pymysql.err.OperationalError) (1040, 'Too many connections')
(Background on this error at: https://sqlalche.me/e/20/e3q8)
2026-02-10 10:48:49,694 - ERROR - Error checking trade day: (pymysql.err.OperationalError) (1040, 'Too many connections')
(Background on this error at: https://sqlalche.me/e/20/e3q8)
2026-02-10 10:49:19,697 - ERROR - Error checking trade day: (pymysql.err.OperationalError) (1040, 'Too many connections')
(Background on this error at: https://sqlalche.me/e/20/e3q8)
2026-02-10 10:49:49,710 - ERROR - Error checking trade day: (pymysql.err.OperationalError) (1040, 'Too many connections')
(Background on this error at: https://sqlalche.me/e/20/e3q8)
2026-02-10 10:50:19,719 - ERROR - Error checking trade day: (pymysql.err.OperationalError) (1040, 'Too many connections')
(Background on this error at: https://sqlalche.me/e/20/e3q8)
2026-02-10 10:50:49,728 - ERROR - Error checking trade day: (pymysql.err.OperationalError) (1040, 'Too many connections')
(Background on this error at: https://sqlalche.me/e/20/e3q8)
2026-02-10 10:51:19,736 - ERROR - Error checking trade day: (pymysql.err.OperationalError) (1040, 'Too many connections')
(Background on this error at: https://sqlalche.me/e/20/e3q8)
2026-02-10 10:51:49,745 - ERROR - Error checking trade day: (pymysql.err.OperationalError) (1040, 'Too many connections')
(Background on this error at: https://sqlalche.me/e/20/e3q8)
2026-02-10 10:52:19,754 - ERROR - Error checking trade day: (pymysql.err.OperationalError) (1040, 'Too many connections')
(Background on this error at: https://sqlalche.me/e/20/e3q8)
2026-02-10 10:52:49,765 - ERROR - Error checking trade day: (pymysql.err.OperationalError) (1040, 'Too many connections')
(Background on this error at: https://sqlalche.me/e/20/e3q8)
2026-02-10 10:53:19,769 - ERROR - Error checking trade day: (pymysql.err.OperationalError) (1040, 'Too many connections')
(Background on this error at: https://sqlalche.me/e/20/e3q8)
2026-02-10 10:53:49,776 - ERROR - Error checking trade day: (pymysql.err.OperationalError) (1040, 'Too many connections')
(Background on this error at: https://sqlalche.me/e/20/e3q8)
2026-02-10 10:54:19,789 - ERROR - Error checking trade day: (pymysql.err.OperationalError) (1040, 'Too many connections')
(Background on this error at: https://sqlalche.me/e/20/e3q8)
2026-02-10 10:55:19,828 - ERROR - Error checking trade day: (pymysql.err.OperationalError) (1040, 'Too many connections')
(Background on this error at: https://sqlalche.me/e/20/e3q8)
2026-02-10 10:55:49,838 - ERROR - Error checking trade day: (pymysql.err.OperationalError) (1040, 'Too many connections')
(Background on this error at: https://sqlalche.me/e/20/e3q8)
2026-02-10 10:56:19,852 - ERROR - Error checking trade day: (pymysql.err.OperationalError) (1040, 'Too many connections')
(Background on this error at: https://sqlalche.me/e/20/e3q8)
2026-02-10 10:56:49,861 - ERROR - Error checking trade day: (pymysql.err.OperationalError) (1040, 'Too many connections')
(Background on this error at: https://sqlalche.me/e/20/e3q8)
2026-02-10 10:57:19,871 - ERROR - Error checking trade day: (pymysql.err.OperationalError) (1040, 'Too many connections')
(Background on this error at: https://sqlalche.me/e/20/e3q8)
2026-02-10 10:57:49,883 - ERROR - Error checking trade day: (pymysql.err.OperationalError) (1040, 'Too many connections')
(Background on this error at: https://sqlalche.me/e/20/e3q8)
2026-02-10 10:58:19,893 - ERROR - Error checking trade day: (pymysql.err.OperationalError) (1040, 'Too many connections')
(Background on this error at: https://sqlalche.me/e/20/e3q8)
2026-02-10 10:58:49,902 - ERROR - Error checking trade day: (pymysql.err.OperationalError) (1040, 'Too many connections')
(Background on this error at: https://sqlalche.me/e/20/e3q8)
2026-02-10 10:59:19,912 - ERROR - Error checking trade day: (pymysql.err.OperationalError) (1040, 'Too many connections')
(Background on this error at: https://sqlalche.me/e/20/e3q8)
2026-02-10 10:59:49,922 - ERROR - Error checking trade day: (pymysql.err.OperationalError) (1040, 'Too many connections')
(Background on this error at: https://sqlalche.me/e/20/e3q8)
2026-02-10 11:00:19,930 - ERROR - Error checking trade day: (pymysql.err.OperationalError) (1040, 'Too many connections')
(Background on this error at: https://sqlalche.me/e/20/e3q8)
2026-02-10 11:00:19,930 - INFO - 2026-02-10 is not a trading day. Idling...
2026-02-10 11:00:49,940 - ERROR - Error checking trade day: (pymysql.err.OperationalError) (1040, 'Too many connections')
(Background on this error at: https://sqlalche.me/e/20/e3q8)
2026-02-10 11:01:19,945 - ERROR - Error checking trade day: (pymysql.err.OperationalError) (1040, 'Too many connections')
(Background on this error at: https://sqlalche.me/e/20/e3q8)
2026-02-10 11:01:49,954 - ERROR - Error checking trade day: (pymysql.err.OperationalError) (1040, 'Too many connections')
(Background on this error at: https://sqlalche.me/e/20/e3q8)
2026-02-10 11:02:19,960 - ERROR - Error checking trade day: (pymysql.err.OperationalError) (1040, 'Too many connections')
(Background on this error at: https://sqlalche.me/e/20/e3q8)
2026-02-10 11:02:49,965 - ERROR - Error checking trade day: (pymysql.err.OperationalError) (1040, 'Too many connections')
(Background on this error at: https://sqlalche.me/e/20/e3q8)
2026-02-10 11:03:19,971 - ERROR - Error checking trade day: (pymysql.err.OperationalError) (1040, 'Too many connections')
(Background on this error at: https://sqlalche.me/e/20/e3q8)
2026-02-10 11:03:49,983 - ERROR - Error checking trade day: (pymysql.err.OperationalError) (1040, 'Too many connections')
(Background on this error at: https://sqlalche.me/e/20/e3q8)
2026-02-10 11:04:19,995 - ERROR - Error checking trade day: (pymysql.err.OperationalError) (1040, 'Too many connections')
(Background on this error at: https://sqlalche.me/e/20/e3q8)
2026-02-10 11:04:50,006 - ERROR - Error checking trade day: (pymysql.err.OperationalError) (1040, 'Too many connections')
(Background on this error at: https://sqlalche.me/e/20/e3q8)
2026-02-10 11:05:20,017 - ERROR - Error checking trade day: (pymysql.err.OperationalError) (1040, 'Too many connections')
(Background on this error at: https://sqlalche.me/e/20/e3q8)
2026-02-10 11:05:50,026 - ERROR - Error checking trade day: (pymysql.err.OperationalError) (1040, 'Too many connections')
(Background on this error at: https://sqlalche.me/e/20/e3q8)
2026-02-10 11:06:20,036 - ERROR - Error checking trade day: (pymysql.err.OperationalError) (1040, 'Too many connections')
(Background on this error at: https://sqlalche.me/e/20/e3q8)
2026-02-10 11:06:50,043 - ERROR - Error checking trade day: (pymysql.err.OperationalError) (1040, 'Too many connections')
(Background on this error at: https://sqlalche.me/e/20/e3q8)
2026-02-10 11:07:20,051 - ERROR - Error checking trade day: (pymysql.err.OperationalError) (1040, 'Too many connections')
(Background on this error at: https://sqlalche.me/e/20/e3q8)
2026-02-10 11:07:50,062 - ERROR - Error checking trade day: (pymysql.err.OperationalError) (1040, 'Too many connections')
(Background on this error at: https://sqlalche.me/e/20/e3q8)
2026-02-10 11:08:20,069 - ERROR - Error checking trade day: (pymysql.err.OperationalError) (1040, 'Too many connections')
(Background on this error at: https://sqlalche.me/e/20/e3q8)
2026-02-10 11:08:50,077 - ERROR - Error checking trade day: (pymysql.err.OperationalError) (1040, 'Too many connections')
(Background on this error at: https://sqlalche.me/e/20/e3q8)
2026-02-10 11:09:20,084 - ERROR - Error checking trade day: (pymysql.err.OperationalError) (1040, 'Too many connections')
(Background on this error at: https://sqlalche.me/e/20/e3q8)
2026-02-10 11:09:50,095 - ERROR - Error checking trade day: (pymysql.err.OperationalError) (1040, 'Too many connections')
(Background on this error at: https://sqlalche.me/e/20/e3q8)
2026-02-10 11:10:20,105 - ERROR - Error checking trade day: (pymysql.err.OperationalError) (1040, 'Too many connections')
(Background on this error at: https://sqlalche.me/e/20/e3q8)
2026-02-10 11:10:50,116 - ERROR - Error checking trade day: (pymysql.err.OperationalError) (1040, 'Too many connections')
(Background on this error at: https://sqlalche.me/e/20/e3q8)
2026-02-10 11:11:20,126 - ERROR - Error checking trade day: (pymysql.err.OperationalError) (1040, 'Too many connections')
(Background on this error at: https://sqlalche.me/e/20/e3q8)
2026-02-10 11:11:50,134 - ERROR - Error checking trade day: (pymysql.err.OperationalError) (1040, 'Too many connections')
(Background on this error at: https://sqlalche.me/e/20/e3q8)
2026-02-10 11:12:20,140 - ERROR - Error checking trade day: (pymysql.err.OperationalError) (1040, 'Too many connections')
(Background on this error at: https://sqlalche.me/e/20/e3q8)
2026-02-10 11:12:50,151 - ERROR - Error checking trade day: (pymysql.err.OperationalError) (1040, 'Too many connections')
(Background on this error at: https://sqlalche.me/e/20/e3q8)
2026-02-10 11:13:20,163 - ERROR - Error checking trade day: (pymysql.err.OperationalError) (1040, 'Too many connections')
(Background on this error at: https://sqlalche.me/e/20/e3q8)
2026-02-10 11:13:50,173 - ERROR - Error checking trade day: (pymysql.err.OperationalError) (1040, 'Too many connections')
(Background on this error at: https://sqlalche.me/e/20/e3q8)
2026-02-10 11:14:20,183 - ERROR - Error checking trade day: (pymysql.err.OperationalError) (1040, 'Too many connections')
(Background on this error at: https://sqlalche.me/e/20/e3q8)
2026-02-10 11:14:50,195 - ERROR - Error checking trade day: (pymysql.err.OperationalError) (1040, 'Too many connections')
(Background on this error at: https://sqlalche.me/e/20/e3q8)
2026-02-10 11:15:20,206 - ERROR - Error checking trade day: (pymysql.err.OperationalError) (1040, 'Too many connections')
(Background on this error at: https://sqlalche.me/e/20/e3q8)
2026-02-10 12:30:22,654 - ERROR - Error checking trade day: (pymysql.err.OperationalError) (1040, 'Too many connections')
(Background on this error at: https://sqlalche.me/e/20/e3q8)
2026-02-10 12:30:52,668 - ERROR - Error checking trade day: (pymysql.err.OperationalError) (1040, 'Too many connections')
(Background on this error at: https://sqlalche.me/e/20/e3q8)
2026-02-10 12:31:22,682 - ERROR - Error checking trade day: (pymysql.err.OperationalError) (1040, 'Too many connections')
(Background on this error at: https://sqlalche.me/e/20/e3q8)
2026-02-10 12:31:52,698 - ERROR - Error checking trade day: (pymysql.err.OperationalError) (1040, 'Too many connections')
(Background on this error at: https://sqlalche.me/e/20/e3q8)
2026-02-10 12:32:22,711 - ERROR - Error checking trade day: (pymysql.err.OperationalError) (1040, 'Too many connections')
(Background on this error at: https://sqlalche.me/e/20/e3q8)
2026-02-10 12:32:52,725 - ERROR - Error checking trade day: (pymysql.err.OperationalError) (1040, 'Too many connections')
(Background on this error at: https://sqlalche.me/e/20/e3q8)
2026-02-10 12:33:22,747 - ERROR - Error checking trade day: (pymysql.err.OperationalError) (1040, 'Too many connections')
(Background on this error at: https://sqlalche.me/e/20/e3q8)
2026-02-10 12:33:52,763 - ERROR - Error checking trade day: (pymysql.err.OperationalError) (1040, 'Too many connections')
(Background on this error at: https://sqlalche.me/e/20/e3q8)
2026-02-10 12:34:22,775 - ERROR - Error checking trade day: (pymysql.err.OperationalError) (1040, 'Too many connections')
(Background on this error at: https://sqlalche.me/e/20/e3q8)
2026-02-10 12:34:52,791 - ERROR - Error checking trade day: (pymysql.err.OperationalError) (1040, 'Too many connections')
(Background on this error at: https://sqlalche.me/e/20/e3q8)
2026-02-10 12:35:22,800 - ERROR - Error checking trade day: (pymysql.err.OperationalError) (1040, 'Too many connections')
(Background on this error at: https://sqlalche.me/e/20/e3q8)
2026-02-10 12:35:52,814 - ERROR - Error checking trade day: (pymysql.err.OperationalError) (1040, 'Too many connections')
(Background on this error at: https://sqlalche.me/e/20/e3q8)
2026-02-10 12:36:22,828 - ERROR - Error checking trade day: (pymysql.err.OperationalError) (1040, 'Too many connections')
(Background on this error at: https://sqlalche.me/e/20/e3q8)
2026-02-10 12:36:52,841 - ERROR - Error checking trade day: (pymysql.err.OperationalError) (1040, 'Too many connections')
(Background on this error at: https://sqlalche.me/e/20/e3q8)
2026-02-10 12:37:22,854 - ERROR - Error checking trade day: (pymysql.err.OperationalError) (1040, 'Too many connections')
(Background on this error at: https://sqlalche.me/e/20/e3q8)
2026-02-10 12:37:52,868 - ERROR - Error checking trade day: (pymysql.err.OperationalError) (1040, 'Too many connections')
(Background on this error at: https://sqlalche.me/e/20/e3q8)
2026-02-10 12:38:22,883 - ERROR - Error checking trade day: (pymysql.err.OperationalError) (1040, 'Too many connections')
(Background on this error at: https://sqlalche.me/e/20/e3q8)
2026-02-10 12:38:52,901 - ERROR - Error checking trade day: (pymysql.err.OperationalError) (1040, 'Too many connections')
(Background on this error at: https://sqlalche.me/e/20/e3q8)
2026-02-10 12:39:22,907 - ERROR - Error checking trade day: (pymysql.err.OperationalError) (1040, 'Too many connections')
(Background on this error at: https://sqlalche.me/e/20/e3q8)
2026-02-10 12:39:52,918 - ERROR - Error checking trade day: (pymysql.err.OperationalError) (1040, 'Too many connections')
(Background on this error at: https://sqlalche.me/e/20/e3q8)
2026-02-10 12:40:22,931 - ERROR - Error checking trade day: (pymysql.err.OperationalError) (1040, 'Too many connections')
(Background on this error at: https://sqlalche.me/e/20/e3q8)
2026-02-10 12:40:52,935 - ERROR - Error checking trade day: (pymysql.err.OperationalError) (1040, 'Too many connections')
(Background on this error at: https://sqlalche.me/e/20/e3q8)
2026-02-10 12:41:22,950 - ERROR - Error checking trade day: (pymysql.err.OperationalError) (1040, 'Too many connections')
(Background on this error at: https://sqlalche.me/e/20/e3q8)
2026-02-10 12:41:52,964 - ERROR - Error checking trade day: (pymysql.err.OperationalError) (1040, 'Too many connections')
(Background on this error at: https://sqlalche.me/e/20/e3q8)
2026-02-10 12:42:22,975 - ERROR - Error checking trade day: (pymysql.err.OperationalError) (1040, 'Too many connections')
(Background on this error at: https://sqlalche.me/e/20/e3q8)
2026-02-10 12:42:52,985 - ERROR - Error checking trade day: (pymysql.err.OperationalError) (1040, 'Too many connections')
(Background on this error at: https://sqlalche.me/e/20/e3q8)
2026-02-10 12:43:22,994 - ERROR - Error checking trade day: (pymysql.err.OperationalError) (1040, 'Too many connections')
(Background on this error at: https://sqlalche.me/e/20/e3q8)
2026-02-10 12:43:53,009 - ERROR - Error checking trade day: (pymysql.err.OperationalError) (1040, 'Too many connections')
(Background on this error at: https://sqlalche.me/e/20/e3q8)
2026-02-10 12:44:23,015 - ERROR - Error checking trade day: (pymysql.err.OperationalError) (1040, 'Too many connections')
(Background on this error at: https://sqlalche.me/e/20/e3q8)
2026-02-10 12:44:53,028 - ERROR - Error checking trade day: (pymysql.err.OperationalError) (1040, 'Too many connections')
(Background on this error at: https://sqlalche.me/e/20/e3q8)
2026-02-10 12:45:23,042 - ERROR - Error checking trade day: (pymysql.err.OperationalError) (1040, 'Too many connections')
(Background on this error at: https://sqlalche.me/e/20/e3q8)
2026-02-10 12:45:53,055 - ERROR - Error checking trade day: (pymysql.err.OperationalError) (1040, 'Too many connections')
(Background on this error at: https://sqlalche.me/e/20/e3q8)
2026-02-10 12:46:23,070 - ERROR - Error checking trade day: (pymysql.err.OperationalError) (1040, 'Too many connections')
(Background on this error at: https://sqlalche.me/e/20/e3q8)
2026-02-10 12:46:53,083 - ERROR - Error checking trade day: (pymysql.err.OperationalError) (1040, 'Too many connections')
(Background on this error at: https://sqlalche.me/e/20/e3q8)
2026-02-10 12:47:23,094 - ERROR - Error checking trade day: (pymysql.err.OperationalError) (1040, 'Too many connections')
(Background on this error at: https://sqlalche.me/e/20/e3q8)
2026-02-10 12:47:53,105 - ERROR - Error checking trade day: (pymysql.err.OperationalError) (1040, 'Too many connections')
(Background on this error at: https://sqlalche.me/e/20/e3q8)
2026-02-10 12:48:23,118 - ERROR - Error checking trade day: (pymysql.err.OperationalError) (1040, 'Too many connections')
(Background on this error at: https://sqlalche.me/e/20/e3q8)
2026-02-10 12:48:53,129 - ERROR - Error checking trade day: (pymysql.err.OperationalError) (1040, 'Too many connections')
(Background on this error at: https://sqlalche.me/e/20/e3q8)
2026-02-10 12:49:23,141 - ERROR - Error checking trade day: (pymysql.err.OperationalError) (1040, 'Too many connections')
(Background on this error at: https://sqlalche.me/e/20/e3q8)
2026-02-10 12:49:53,155 - ERROR - Error checking trade day: (pymysql.err.OperationalError) (1040, 'Too many connections')
(Background on this error at: https://sqlalche.me/e/20/e3q8)
2026-02-10 12:50:23,164 - ERROR - Error checking trade day: (pymysql.err.OperationalError) (1040, 'Too many connections')
(Background on this error at: https://sqlalche.me/e/20/e3q8)
2026-02-10 12:50:53,176 - ERROR - Error checking trade day: (pymysql.err.OperationalError) (1040, 'Too many connections')
(Background on this error at: https://sqlalche.me/e/20/e3q8)
2026-02-10 12:51:23,188 - ERROR - Error checking trade day: (pymysql.err.OperationalError) (1040, 'Too many connections')
(Background on this error at: https://sqlalche.me/e/20/e3q8)
2026-02-10 12:51:53,200 - ERROR - Error checking trade day: (pymysql.err.OperationalError) (1040, 'Too many connections')
(Background on this error at: https://sqlalche.me/e/20/e3q8)
2026-02-10 12:52:23,210 - ERROR - Error checking trade day: (pymysql.err.OperationalError) (1040, 'Too many connections')
(Background on this error at: https://sqlalche.me/e/20/e3q8)
2026-02-10 12:52:53,223 - ERROR - Error checking trade day: (pymysql.err.OperationalError) (1040, 'Too many connections')
(Background on this error at: https://sqlalche.me/e/20/e3q8)
2026-02-10 12:53:23,236 - ERROR - Error checking trade day: (pymysql.err.OperationalError) (1040, 'Too many connections')
(Background on this error at: https://sqlalche.me/e/20/e3q8)
2026-02-10 12:53:53,247 - ERROR - Error checking trade day: (pymysql.err.OperationalError) (1040, 'Too many connections')
(Background on this error at: https://sqlalche.me/e/20/e3q8)
2026-02-10 12:54:23,258 - ERROR - Error checking trade day: (pymysql.err.OperationalError) (1040, 'Too many connections')
(Background on this error at: https://sqlalche.me/e/20/e3q8)
2026-02-10 12:54:53,271 - ERROR - Error checking trade day: (pymysql.err.OperationalError) (1040, 'Too many connections')
(Background on this error at: https://sqlalche.me/e/20/e3q8)
2026-02-10 12:55:23,284 - ERROR - Error checking trade day: (pymysql.err.OperationalError) (1040, 'Too many connections')
(Background on this error at: https://sqlalche.me/e/20/e3q8)
2026-02-10 12:55:53,299 - ERROR - Error checking trade day: (pymysql.err.OperationalError) (1040, 'Too many connections')
(Background on this error at: https://sqlalche.me/e/20/e3q8)
2026-02-10 12:56:23,312 - ERROR - Error checking trade day: (pymysql.err.OperationalError) (1040, 'Too many connections')
(Background on this error at: https://sqlalche.me/e/20/e3q8)
2026-02-10 12:56:53,322 - ERROR - Error checking trade day: (pymysql.err.OperationalError) (1040, 'Too many connections')
(Background on this error at: https://sqlalche.me/e/20/e3q8)
2026-02-10 12:57:23,334 - ERROR - Error checking trade day: (pymysql.err.OperationalError) (1040, 'Too many connections')
(Background on this error at: https://sqlalche.me/e/20/e3q8)
2026-02-10 12:57:53,347 - ERROR - Error checking trade day: (pymysql.err.OperationalError) (1040, 'Too many connections')
(Background on this error at: https://sqlalche.me/e/20/e3q8)
2026-02-10 12:58:23,360 - ERROR - Error checking trade day: (pymysql.err.OperationalError) (1040, 'Too many connections')
(Background on this error at: https://sqlalche.me/e/20/e3q8)
2026-02-10 12:58:53,374 - ERROR - Error checking trade day: (pymysql.err.OperationalError) (1040, 'Too many connections')
(Background on this error at: https://sqlalche.me/e/20/e3q8)
2026-02-10 12:59:23,383 - ERROR - Error checking trade day: (pymysql.err.OperationalError) (1040, 'Too many connections')
(Background on this error at: https://sqlalche.me/e/20/e3q8)
2026-02-10 12:59:53,396 - ERROR - Error checking trade day: (pymysql.err.OperationalError) (1040, 'Too many connections')
(Background on this error at: https://sqlalche.me/e/20/e3q8)
2026-02-10 13:00:23,410 - ERROR - Error checking trade day: (pymysql.err.OperationalError) (1040, 'Too many connections')
(Background on this error at: https://sqlalche.me/e/20/e3q8)
2026-02-10 13:00:23,411 - INFO - 2026-02-10 is not a trading day. Idling...
2026-02-10 13:00:53,425 - ERROR - Error checking trade day: (pymysql.err.OperationalError) (1040, 'Too many connections')
(Background on this error at: https://sqlalche.me/e/20/e3q8)
2026-02-10 13:01:23,435 - ERROR - Error checking trade day: (pymysql.err.OperationalError) (1040, 'Too many connections')
(Background on this error at: https://sqlalche.me/e/20/e3q8)
2026-02-10 13:01:53,453 - ERROR - Error checking trade day: (pymysql.err.OperationalError) (1040, 'Too many connections')
(Background on this error at: https://sqlalche.me/e/20/e3q8)
2026-02-10 13:02:23,464 - ERROR - Error checking trade day: (pymysql.err.OperationalError) (1040, 'Too many connections')
(Background on this error at: https://sqlalche.me/e/20/e3q8)
2026-02-10 13:02:53,478 - ERROR - Error checking trade day: (pymysql.err.OperationalError) (1040, 'Too many connections')
(Background on this error at: https://sqlalche.me/e/20/e3q8)
2026-02-10 13:03:23,490 - ERROR - Error checking trade day: (pymysql.err.OperationalError) (1040, 'Too many connections')
(Background on this error at: https://sqlalche.me/e/20/e3q8)
2026-02-10 13:03:53,499 - ERROR - Error checking trade day: (pymysql.err.OperationalError) (1040, 'Too many connections')
(Background on this error at: https://sqlalche.me/e/20/e3q8)
2026-02-10 13:04:23,506 - ERROR - Error checking trade day: (pymysql.err.OperationalError) (1040, 'Too many connections')
(Background on this error at: https://sqlalche.me/e/20/e3q8)
2026-02-10 13:04:53,510 - ERROR - Error checking trade day: (pymysql.err.OperationalError) (1040, 'Too many connections')
(Background on this error at: https://sqlalche.me/e/20/e3q8)
2026-02-10 13:05:23,523 - ERROR - Error checking trade day: (pymysql.err.OperationalError) (1040, 'Too many connections')
(Background on this error at: https://sqlalche.me/e/20/e3q8)
2026-02-10 13:05:53,536 - ERROR - Error checking trade day: (pymysql.err.OperationalError) (1040, 'Too many connections')
(Background on this error at: https://sqlalche.me/e/20/e3q8)
2026-02-10 13:06:23,550 - ERROR - Error checking trade day: (pymysql.err.OperationalError) (1040, 'Too many connections')
(Background on this error at: https://sqlalche.me/e/20/e3q8)
2026-02-10 13:06:53,561 - ERROR - Error checking trade day: (pymysql.err.OperationalError) (1040, 'Too many connections')
(Background on this error at: https://sqlalche.me/e/20/e3q8)
2026-02-10 13:07:23,567 - ERROR - Error checking trade day: (pymysql.err.OperationalError) (1040, 'Too many connections')
(Background on this error at: https://sqlalche.me/e/20/e3q8)
2026-02-10 13:07:53,580 - ERROR - Error checking trade day: (pymysql.err.OperationalError) (1040, 'Too many connections')
(Background on this error at: https://sqlalche.me/e/20/e3q8)
2026-02-10 13:08:23,593 - ERROR - Error checking trade day: (pymysql.err.OperationalError) (1040, 'Too many connections')
(Background on this error at: https://sqlalche.me/e/20/e3q8)
2026-02-10 13:08:53,607 - ERROR - Error checking trade day: (pymysql.err.OperationalError) (1040, 'Too many connections')
(Background on this error at: https://sqlalche.me/e/20/e3q8)
2026-02-10 13:09:23,614 - ERROR - Error checking trade day: (pymysql.err.OperationalError) (1040, 'Too many connections')
(Background on this error at: https://sqlalche.me/e/20/e3q8)
2026-02-10 13:09:53,624 - ERROR - Error checking trade day: (pymysql.err.OperationalError) (1040, 'Too many connections')
(Background on this error at: https://sqlalche.me/e/20/e3q8)
2026-02-10 13:10:23,638 - ERROR - Error checking trade day: (pymysql.err.OperationalError) (1040, 'Too many connections')
(Background on this error at: https://sqlalche.me/e/20/e3q8)
2026-02-10 13:10:53,649 - ERROR - Error checking trade day: (pymysql.err.OperationalError) (1040, 'Too many connections')
(Background on this error at: https://sqlalche.me/e/20/e3q8)
2026-02-10 13:11:23,658 - ERROR - Error checking trade day: (pymysql.err.OperationalError) (1040, 'Too many connections')
(Background on this error at: https://sqlalche.me/e/20/e3q8)
2026-02-10 13:11:53,670 - ERROR - Error checking trade day: (pymysql.err.OperationalError) (1040, 'Too many connections')
(Background on this error at: https://sqlalche.me/e/20/e3q8)
2026-02-10 13:12:23,681 - ERROR - Error checking trade day: (pymysql.err.OperationalError) (1040, 'Too many connections')
(Background on this error at: https://sqlalche.me/e/20/e3q8)
2026-02-10 13:12:53,690 - ERROR - Error checking trade day: (pymysql.err.OperationalError) (1040, 'Too many connections')
(Background on this error at: https://sqlalche.me/e/20/e3q8)
2026-02-10 13:13:23,698 - ERROR - Error checking trade day: (pymysql.err.OperationalError) (1040, 'Too many connections')
(Background on this error at: https://sqlalche.me/e/20/e3q8)
2026-02-10 13:13:53,706 - ERROR - Error checking trade day: (pymysql.err.OperationalError) (1040, 'Too many connections')
(Background on this error at: https://sqlalche.me/e/20/e3q8)
2026-02-10 13:14:23,713 - ERROR - Error checking trade day: (pymysql.err.OperationalError) (1040, 'Too many connections')
(Background on this error at: https://sqlalche.me/e/20/e3q8)
2026-02-10 13:14:53,726 - ERROR - Error checking trade day: (pymysql.err.OperationalError) (1040, 'Too many connections')
(Background on this error at: https://sqlalche.me/e/20/e3q8)
2026-02-10 13:15:23,732 - ERROR - Error checking trade day: (pymysql.err.OperationalError) (1040, 'Too many connections')
(Background on this error at: https://sqlalche.me/e/20/e3q8)
2026-02-10 13:15:53,741 - ERROR - Error checking trade day: (pymysql.err.OperationalError) (1040, 'Too many connections')
(Background on this error at: https://sqlalche.me/e/20/e3q8)
2026-02-10 13:16:23,753 - ERROR - Error checking trade day: (pymysql.err.OperationalError) (1040, 'Too many connections')
(Background on this error at: https://sqlalche.me/e/20/e3q8)
2026-02-10 13:16:53,763 - ERROR - Error checking trade day: (pymysql.err.OperationalError) (1040, 'Too many connections')
(Background on this error at: https://sqlalche.me/e/20/e3q8)
2026-02-10 13:17:23,775 - ERROR - Error checking trade day: (pymysql.err.OperationalError) (1040, 'Too many connections')
(Background on this error at: https://sqlalche.me/e/20/e3q8)
2026-02-10 13:17:53,780 - ERROR - Error checking trade day: (pymysql.err.OperationalError) (1040, 'Too many connections')
(Background on this error at: https://sqlalche.me/e/20/e3q8)
2026-02-10 13:18:23,791 - ERROR - Error checking trade day: (pymysql.err.OperationalError) (1040, 'Too many connections')
(Background on this error at: https://sqlalche.me/e/20/e3q8)
2026-02-10 13:18:53,800 - ERROR - Error checking trade day: (pymysql.err.OperationalError) (1040, 'Too many connections')
(Background on this error at: https://sqlalche.me/e/20/e3q8)
2026-02-10 13:19:23,812 - ERROR - Error checking trade day: (pymysql.err.OperationalError) (1040, 'Too many connections')
(Background on this error at: https://sqlalche.me/e/20/e3q8)
2026-02-10 13:19:53,822 - ERROR - Error checking trade day: (pymysql.err.OperationalError) (1040, 'Too many connections')
(Background on this error at: https://sqlalche.me/e/20/e3q8)
2026-02-10 13:20:23,828 - ERROR - Error checking trade day: (pymysql.err.OperationalError) (1040, 'Too many connections')
(Background on this error at: https://sqlalche.me/e/20/e3q8)
2026-02-10 13:20:53,834 - ERROR - Error checking trade day: (pymysql.err.OperationalError) (1040, 'Too many connections')
(Background on this error at: https://sqlalche.me/e/20/e3q8)
2026-02-10 15:30:57,888 - INFO - Scheduler started.
2026-02-10 16:30:29,890 - INFO - Triggering task: eastmoney_data
2026-02-10 16:30:29,894 - INFO - Starting eastmoney_data: /Users/chenyiyun/PycharmProjects/Chenyiyun2087/.venv/bin/python /Users/chenyiyun/PycharmProjects/Chenyiyun2087/Eastmoney/main.py config_1 20260210
2026-02-10 16:54:09,783 - INFO - Finished eastmoney_data successfully.
2026-02-14 20:58:51,173 - INFO - Scheduler started.
2026-02-14 21:00:21,248 - INFO - 2026-02-14 is not a trading day. Idling...
2026-02-14 21:09:37,185 - INFO - Scheduler started.
2026-02-14 22:00:14,010 - INFO - 2026-02-14 is not a trading day. Idling...
2026-02-14 23:00:22,615 - INFO - 2026-02-14 is not a trading day. Idling...
2026-02-15 00:00:01,540 - INFO - 2026-02-15 is not a trading day. Idling...
2026-02-15 01:00:16,908 - INFO - 2026-02-15 is not a trading day. Idling...
2026-02-15 02:00:02,061 - INFO - 2026-02-15 is not a trading day. Idling...
2026-02-15 03:00:17,688 - INFO - 2026-02-15 is not a trading day. Idling...
2026-02-15 04:00:02,917 - INFO - 2026-02-15 is not a trading day. Idling...
2026-02-15 05:00:18,626 - INFO - 2026-02-15 is not a trading day. Idling...
2026-02-15 06:00:04,039 - INFO - 2026-02-15 is not a trading day. Idling...
2026-02-15 07:00:19,521 - INFO - 2026-02-15 is not a trading day. Idling...
2026-02-15 08:00:04,976 - INFO - 2026-02-15 is not a trading day. Idling...
2026-02-15 09:00:20,343 - INFO - 2026-02-15 is not a trading day. Idling...
2026-02-15 10:00:00,440 - INFO - 2026-02-15 is not a trading day. Idling...
2026-02-15 11:00:09,134 - INFO - 2026-02-15 is not a trading day. Idling...
2026-02-15 12:00:20,080 - INFO - 2026-02-15 is not a trading day. Idling...
2026-02-15 13:00:04,400 - INFO - 2026-02-15 is not a trading day. Idling...
2026-02-15 14:00:15,992 - INFO - 2026-02-15 is not a trading day. Idling...
2026-02-15 15:00:29,258 - INFO - 2026-02-15 is not a trading day. Idling...
2026-02-15 16:00:09,370 - INFO - 2026-02-15 is not a trading day. Idling...
2026-02-15 17:00:18,623 - INFO - 2026-02-15 is not a trading day. Idling...
2026-02-15 17:16:36,497 - INFO - Scheduler started.
2026-02-15 17:16:36,497 - INFO - Triggering task: daily_pipeline
2026-02-15 17:16:36,497 - INFO - Waiting for TuShare data readiness...
2026-02-15 17:16:36,497 - INFO - Data is ready! Starting pipeline tasks...
2026-02-15 17:16:36,497 - INFO - Daily Pipeline completed successfully.
2026-02-15 17:17:32,285 - INFO - Scheduler started.
2026-02-15 17:17:32,285 - INFO - Triggering task: daily_pipeline
2026-02-15 17:17:32,285 - INFO - Waiting for TuShare data readiness...
2026-02-15 17:17:32,285 - INFO - Data is ready! Starting pipeline tasks...
2026-02-15 17:17:32,285 - INFO - Daily Pipeline completed successfully.
2026-02-15 18:00:28,072 - INFO - 2026-02-15 is not a trading day. Idling...
2026-02-15 19:00:13,092 - INFO - 2026-02-15 is not a trading day. Idling...
2026-02-15 19:04:07,938 - INFO - Scheduler started.
2026-02-15 19:04:07,938 - INFO - Triggering task: daily_pipeline
2026-02-15 19:04:07,938 - INFO - Waiting for TuShare data readiness...
2026-02-15 19:04:07,938 - INFO - Data is ready! Starting pipeline tasks...
2026-02-15 19:04:07,938 - INFO - Daily Pipeline completed successfully.
2026-02-15 20:00:21,215 - INFO - 2026-02-15 is not a trading day. Idling...
2026-02-15 20:09:20,687 - INFO - Scheduler started.
2026-02-15 20:09:20,687 - INFO - Triggering task: daily_pipeline
2026-02-15 20:09:20,687 - INFO - Waiting for TuShare data readiness...
2026-02-15 20:09:20,687 - INFO - Data is ready! Starting pipeline tasks...
2026-02-15 20:09:20,687 - INFO - Daily Pipeline completed successfully.
2026-02-15 21:00:29,497 - INFO - 2026-02-15 is not a trading day. Idling...
2026-02-15 22:00:07,855 - INFO - 2026-02-15 is not a trading day. Idling...
2026-02-15 22:25:30,054 - INFO - Scheduler started.
2026-02-15 22:25:30,054 - INFO - Triggering task: daily_pipeline
2026-02-15 22:25:30,055 - INFO - Waiting for TuShare data readiness...
2026-02-15 22:25:30,055 - INFO - Data is ready! Starting pipeline tasks...
2026-02-15 22:25:30,055 - INFO - Daily Pipeline completed successfully.
2026-02-20 11:00:57,871 - INFO - Scheduler started.
2026-02-20 11:00:57,961 - ERROR - Error checking trade day: (pymysql.err.OperationalError) (2003, "Can't connect to MySQL server on 'localhost' ([Errno 61] Connection refused)")
(Background on this error at: https://sqlalche.me/e/20/e3q8)
2026-02-20 11:01:28,024 - ERROR - Error checking trade day: (pymysql.err.OperationalError) (2003, "Can't connect to MySQL server on 'localhost' ([Errno 61] Connection refused)")
(Background on this error at: https://sqlalche.me/e/20/e3q8)
2026-02-20 11:01:58,061 - ERROR - Error checking trade day: (pymysql.err.OperationalError) (2003, "Can't connect to MySQL server on 'localhost' ([Errno 61] Connection refused)")
(Background on this error at: https://sqlalche.me/e/20/e3q8)
2026-02-20 11:02:28,075 - ERROR - Error checking trade day: (pymysql.err.OperationalError) (2003, "Can't connect to MySQL server on 'localhost' ([Errno 61] Connection refused)")
(Background on this error at: https://sqlalche.me/e/20/e3q8)
2026-02-20 11:02:58,142 - ERROR - Error checking trade day: (pymysql.err.OperationalError) (2003, "Can't connect to MySQL server on 'localhost' ([Errno 61] Connection refused)")
(Background on this error at: https://sqlalche.me/e/20/e3q8)
2026-02-20 11:03:28,199 - ERROR - Error checking trade day: (pymysql.err.OperationalError) (2003, "Can't connect to MySQL server on 'localhost' ([Errno 61] Connection refused)")
(Background on this error at: https://sqlalche.me/e/20/e3q8)
2026-02-20 11:03:58,262 - ERROR - Error checking trade day: (pymysql.err.OperationalError) (2003, "Can't connect to MySQL server on 'localhost' ([Errno 61] Connection refused)")
(Background on this error at: https://sqlalche.me/e/20/e3q8)
2026-02-20 11:04:28,336 - ERROR - Error checking trade day: (pymysql.err.OperationalError) (2003, "Can't connect to MySQL server on 'localhost' ([Errno 61] Connection refused)")
(Background on this error at: https://sqlalche.me/e/20/e3q8)
2026-02-20 11:04:58,406 - ERROR - Error checking trade day: (pymysql.err.OperationalError) (2003, "Can't connect to MySQL server on 'localhost' ([Errno 61] Connection refused)")
(Background on this error at: https://sqlalche.me/e/20/e3q8)
2026-02-20 11:05:28,457 - ERROR - Error checking trade day: (pymysql.err.OperationalError) (2003, "Can't connect to MySQL server on 'localhost' ([Errno 61] Connection refused)")
(Background on this error at: https://sqlalche.me/e/20/e3q8)
2026-02-20 11:05:58,537 - ERROR - Error checking trade day: (pymysql.err.OperationalError) (2003, "Can't connect to MySQL server on 'localhost' ([Errno 61] Connection refused)")
(Background on this error at: https://sqlalche.me/e/20/e3q8)
2026-02-20 11:06:28,599 - ERROR - Error checking trade day: (pymysql.err.OperationalError) (2003, "Can't connect to MySQL server on 'localhost' ([Errno 61] Connection refused)")
(Background on this error at: https://sqlalche.me/e/20/e3q8)
2026-02-20 11:06:58,647 - ERROR - Error checking trade day: (pymysql.err.OperationalError) (2003, "Can't connect to MySQL server on 'localhost' ([Errno 61] Connection refused)")
(Background on this error at: https://sqlalche.me/e/20/e3q8)
2026-02-20 11:07:28,664 - ERROR - Error checking trade day: (pymysql.err.OperationalError) (2003, "Can't connect to MySQL server on 'localhost' ([Errno 61] Connection refused)")
(Background on this error at: https://sqlalche.me/e/20/e3q8)
2026-02-20 11:07:58,709 - ERROR - Error checking trade day: (pymysql.err.OperationalError) (2003, "Can't connect to MySQL server on 'localhost' ([Errno 61] Connection refused)")
(Background on this error at: https://sqlalche.me/e/20/e3q8)
2026-02-20 11:08:28,788 - ERROR - Error checking trade day: (pymysql.err.OperationalError) (2003, "Can't connect to MySQL server on 'localhost' ([Errno 61] Connection refused)")
(Background on this error at: https://sqlalche.me/e/20/e3q8)
2026-02-20 11:08:58,831 - ERROR - Error checking trade day: (pymysql.err.OperationalError) (2003, "Can't connect to MySQL server on 'localhost' ([Errno 61] Connection refused)")
(Background on this error at: https://sqlalche.me/e/20/e3q8)
2026-02-20 11:09:28,903 - ERROR - Error checking trade day: (pymysql.err.OperationalError) (2003, "Can't connect to MySQL server on 'localhost' ([Errno 61] Connection refused)")
(Background on this error at: https://sqlalche.me/e/20/e3q8)
2026-02-20 11:09:58,979 - ERROR - Error checking trade day: (pymysql.err.OperationalError) (2003, "Can't connect to MySQL server on 'localhost' ([Errno 61] Connection refused)")
(Background on this error at: https://sqlalche.me/e/20/e3q8)
2026-02-20 11:10:29,049 - ERROR - Error checking trade day: (pymysql.err.OperationalError) (2003, "Can't connect to MySQL server on 'localhost' ([Errno 61] Connection refused)")
(Background on this error at: https://sqlalche.me/e/20/e3q8)
2026-02-20 11:10:59,121 - ERROR - Error checking trade day: (pymysql.err.OperationalError) (2003, "Can't connect to MySQL server on 'localhost' ([Errno 61] Connection refused)")
(Background on this error at: https://sqlalche.me/e/20/e3q8)
2026-02-20 11:11:29,201 - ERROR - Error checking trade day: (pymysql.err.OperationalError) (2003, "Can't connect to MySQL server on 'localhost' ([Errno 61] Connection refused)")
(Background on this error at: https://sqlalche.me/e/20/e3q8)
2026-02-20 11:11:59,264 - ERROR - Error checking trade day: (pymysql.err.OperationalError) (2003, "Can't connect to MySQL server on 'localhost' ([Errno 61] Connection refused)")
(Background on this error at: https://sqlalche.me/e/20/e3q8)
2026-02-20 11:12:29,335 - ERROR - Error checking trade day: (pymysql.err.OperationalError) (2003, "Can't connect to MySQL server on 'localhost' ([Errno 61] Connection refused)")
(Background on this error at: https://sqlalche.me/e/20/e3q8)
2026-02-20 11:12:59,354 - ERROR - Error checking trade day: (pymysql.err.OperationalError) (2003, "Can't connect to MySQL server on 'localhost' ([Errno 61] Connection refused)")
(Background on this error at: https://sqlalche.me/e/20/e3q8)
2026-02-20 11:13:29,441 - ERROR - Error checking trade day: (pymysql.err.OperationalError) (2003, "Can't connect to MySQL server on 'localhost' ([Errno 61] Connection refused)")
(Background on this error at: https://sqlalche.me/e/20/e3q8)
2026-02-20 11:13:59,514 - ERROR - Error checking trade day: (pymysql.err.OperationalError) (2003, "Can't connect to MySQL server on 'localhost' ([Errno 61] Connection refused)")
(Background on this error at: https://sqlalche.me/e/20/e3q8)
2026-02-20 11:14:29,531 - ERROR - Error checking trade day: (pymysql.err.OperationalError) (2003, "Can't connect to MySQL server on 'localhost' ([Errno 61] Connection refused)")
(Background on this error at: https://sqlalche.me/e/20/e3q8)
2026-02-20 11:14:59,572 - ERROR - Error checking trade day: (pymysql.err.OperationalError) (2003, "Can't connect to MySQL server on 'localhost' ([Errno 61] Connection refused)")
(Background on this error at: https://sqlalche.me/e/20/e3q8)
2026-02-20 11:15:29,653 - ERROR - Error checking trade day: (pymysql.err.OperationalError) (2003, "Can't connect to MySQL server on 'localhost' ([Errno 61] Connection refused)")
(Background on this error at: https://sqlalche.me/e/20/e3q8)
2026-02-20 11:15:59,719 - ERROR - Error checking trade day: (pymysql.err.OperationalError) (2003, "Can't connect to MySQL server on 'localhost' ([Errno 61] Connection refused)")
(Background on this error at: https://sqlalche.me/e/20/e3q8)
2026-02-20 11:16:29,795 - ERROR - Error checking trade day: (pymysql.err.OperationalError) (2003, "Can't connect to MySQL server on 'localhost' ([Errno 61] Connection refused)")
(Background on this error at: https://sqlalche.me/e/20/e3q8)
2026-02-20 11:16:59,852 - ERROR - Error checking trade day: (pymysql.err.OperationalError) (2003, "Can't connect to MySQL server on 'localhost' ([Errno 61] Connection refused)")
(Background on this error at: https://sqlalche.me/e/20/e3q8)
2026-02-20 11:17:29,935 - ERROR - Error checking trade day: (pymysql.err.OperationalError) (2003, "Can't connect to MySQL server on 'localhost' ([Errno 61] Connection refused)")
(Background on this error at: https://sqlalche.me/e/20/e3q8)
2026-02-20 11:18:00,008 - ERROR - Error checking trade day: (pymysql.err.OperationalError) (2003, "Can't connect to MySQL server on 'localhost' ([Errno 61] Connection refused)")
(Background on this error at: https://sqlalche.me/e/20/e3q8)
2026-02-20 11:18:30,086 - ERROR - Error checking trade day: (pymysql.err.OperationalError) (2003, "Can't connect to MySQL server on 'localhost' ([Errno 61] Connection refused)")
(Background on this error at: https://sqlalche.me/e/20/e3q8)
2026-02-20 11:19:00,169 - ERROR - Error checking trade day: (pymysql.err.OperationalError) (2003, "Can't connect to MySQL server on 'localhost' ([Errno 61] Connection refused)")
(Background on this error at: https://sqlalche.me/e/20/e3q8)
2026-02-20 11:19:30,193 - ERROR - Error checking trade day: (pymysql.err.OperationalError) (2003, "Can't connect to MySQL server on 'localhost' ([Errno 61] Connection refused)")
(Background on this error at: https://sqlalche.me/e/20/e3q8)
2026-02-20 11:20:00,277 - ERROR - Error checking trade day: (pymysql.err.OperationalError) (2003, "Can't connect to MySQL server on 'localhost' ([Errno 61] Connection refused)")
(Background on this error at: https://sqlalche.me/e/20/e3q8)
2026-02-20 11:20:30,360 - ERROR - Error checking trade day: (pymysql.err.OperationalError) (2003, "Can't connect to MySQL server on 'localhost' ([Errno 61] Connection refused)")
(Background on this error at: https://sqlalche.me/e/20/e3q8)
2026-02-20 11:21:00,445 - ERROR - Error checking trade day: (pymysql.err.OperationalError) (2003, "Can't connect to MySQL server on 'localhost' ([Errno 61] Connection refused)")
(Background on this error at: https://sqlalche.me/e/20/e3q8)
2026-02-20 11:21:30,528 - ERROR - Error checking trade day: (pymysql.err.OperationalError) (2003, "Can't connect to MySQL server on 'localhost' ([Errno 61] Connection refused)")
(Background on this error at: https://sqlalche.me/e/20/e3q8)
2026-02-20 11:22:00,570 - ERROR - Error checking trade day: (pymysql.err.OperationalError) (2003, "Can't connect to MySQL server on 'localhost' ([Errno 61] Connection refused)")
(Background on this error at: https://sqlalche.me/e/20/e3q8)
2026-02-20 11:22:30,630 - ERROR - Error checking trade day: (pymysql.err.OperationalError) (2003, "Can't connect to MySQL server on 'localhost' ([Errno 61] Connection refused)")
(Background on this error at: https://sqlalche.me/e/20/e3q8)
2026-02-20 11:23:00,640 - ERROR - Error checking trade day: (pymysql.err.OperationalError) (2003, "Can't connect to MySQL server on 'localhost' ([Errno 61] Connection refused)")
(Background on this error at: https://sqlalche.me/e/20/e3q8)
2026-02-20 11:23:30,720 - ERROR - Error checking trade day: (pymysql.err.OperationalError) (2003, "Can't connect to MySQL server on 'localhost' ([Errno 61] Connection refused)")
(Background on this error at: https://sqlalche.me/e/20/e3q8)
2026-02-20 11:24:00,785 - ERROR - Error checking trade day: (pymysql.err.OperationalError) (2003, "Can't connect to MySQL server on 'localhost' ([Errno 61] Connection refused)")
(Background on this error at: https://sqlalche.me/e/20/e3q8)
2026-02-20 11:27:01,198 - ERROR - Error checking trade day: (pymysql.err.OperationalError) (2013, 'Lost connection to MySQL server during query')
[SQL: SELECT is_open FROM dim_trade_cal WHERE cal_date = %(date)s AND exchange = 'SSE']
[parameters: {'date': '20260220'}]
(Background on this error at: https://sqlalche.me/e/20/e3q8)
2026-02-20 11:27:31,280 - ERROR - Error checking trade day: (pymysql.err.OperationalError) (2003, "Can't connect to MySQL server on 'localhost' ([Errno 61] Connection refused)")
(Background on this error at: https://sqlalche.me/e/20/e3q8)
2026-02-20 11:28:01,360 - ERROR - Error checking trade day: (pymysql.err.OperationalError) (2003, "Can't connect to MySQL server on 'localhost' ([Errno 61] Connection refused)")
(Background on this error at: https://sqlalche.me/e/20/e3q8)
2026-02-20 11:28:31,440 - ERROR - Error checking trade day: (pymysql.err.OperationalError) (2003, "Can't connect to MySQL server on 'localhost' ([Errno 61] Connection refused)")
(Background on this error at: https://sqlalche.me/e/20/e3q8)
2026-02-20 11:29:01,454 - ERROR - Error checking trade day: (pymysql.err.OperationalError) (2003, "Can't connect to MySQL server on 'localhost' ([Errno 61] Connection refused)")
(Background on this error at: https://sqlalche.me/e/20/e3q8)
2026-02-20 11:29:31,533 - ERROR - Error checking trade day: (pymysql.err.OperationalError) (2003, "Can't connect to MySQL server on 'localhost' ([Errno 61] Connection refused)")
(Background on this error at: https://sqlalche.me/e/20/e3q8)
2026-02-20 12:00:05,420 - INFO - 2026-02-20 is not a trading day. Idling...
2026-02-20 13:00:14,644 - INFO - 2026-02-20 is not a trading day. Idling...
2026-02-20 14:00:00,582 - INFO - 2026-02-20 is not a trading day. Idling...
2026-02-20 15:00:16,957 - INFO - 2026-02-20 is not a trading day. Idling...
2026-02-20 15:39:41,988 - INFO - Scheduler started.
2026-02-20 15:39:42,160 - ERROR - Error checking trade day: (pymysql.err.OperationalError) (2003, "Can't connect to MySQL server on 'localhost' ([Errno 61] Connection refused)")
(Background on this error at: https://sqlalche.me/e/20/e3q8)
2026-02-20 15:40:12,173 - ERROR - Error checking trade day: (pymysql.err.OperationalError) (2003, "Can't connect to MySQL server on 'localhost' ([Errno 61] Connection refused)")
(Background on this error at: https://sqlalche.me/e/20/e3q8)
2026-02-20 15:40:42,246 - ERROR - Error checking trade day: (pymysql.err.OperationalError) (2003, "Can't connect to MySQL server on 'localhost' ([Errno 61] Connection refused)")
(Background on this error at: https://sqlalche.me/e/20/e3q8)
2026-02-20 15:41:12,279 - ERROR - Error checking trade day: (pymysql.err.OperationalError) (2003, "Can't connect to MySQL server on 'localhost' ([Errno 61] Connection refused)")
(Background on this error at: https://sqlalche.me/e/20/e3q8)
2026-02-20 15:41:42,314 - ERROR - Error checking trade day: (pymysql.err.OperationalError) (2003, "Can't connect to MySQL server on 'localhost' ([Errno 61] Connection refused)")
(Background on this error at: https://sqlalche.me/e/20/e3q8)
2026-02-20 15:42:12,367 - ERROR - Error checking trade day: (pymysql.err.OperationalError) (2003, "Can't connect to MySQL server on 'localhost' ([Errno 61] Connection refused)")
(Background on this error at: https://sqlalche.me/e/20/e3q8)
2026-02-20 15:42:42,446 - ERROR - Error checking trade day: (pymysql.err.OperationalError) (2003, "Can't connect to MySQL server on 'localhost' ([Errno 61] Connection refused)")
(Background on this error at: https://sqlalche.me/e/20/e3q8)
2026-02-20 15:43:12,498 - ERROR - Error checking trade day: (pymysql.err.OperationalError) (2003, "Can't connect to MySQL server on 'localhost' ([Errno 61] Connection refused)")
(Background on this error at: https://sqlalche.me/e/20/e3q8)
2026-02-20 15:43:42,544 - ERROR - Error checking trade day: (pymysql.err.OperationalError) (2003, "Can't connect to MySQL server on 'localhost' ([Errno 61] Connection refused)")
(Background on this error at: https://sqlalche.me/e/20/e3q8)
2026-02-20 15:44:12,619 - ERROR - Error checking trade day: (pymysql.err.OperationalError) (2003, "Can't connect to MySQL server on 'localhost' ([Errno 61] Connection refused)")
(Background on this error at: https://sqlalche.me/e/20/e3q8)
2026-02-20 15:44:42,669 - ERROR - Error checking trade day: (pymysql.err.OperationalError) (2003, "Can't connect to MySQL server on 'localhost' ([Errno 61] Connection refused)")
(Background on this error at: https://sqlalche.me/e/20/e3q8)
2026-02-20 15:45:12,733 - ERROR - Error checking trade day: (pymysql.err.OperationalError) (2003, "Can't connect to MySQL server on 'localhost' ([Errno 61] Connection refused)")
(Background on this error at: https://sqlalche.me/e/20/e3q8)
2026-02-20 15:45:42,771 - ERROR - Error checking trade day: (pymysql.err.OperationalError) (2003, "Can't connect to MySQL server on 'localhost' ([Errno 61] Connection refused)")
(Background on this error at: https://sqlalche.me/e/20/e3q8)
2026-02-20 15:46:12,853 - ERROR - Error checking trade day: (pymysql.err.OperationalError) (2003, "Can't connect to MySQL server on 'localhost' ([Errno 61] Connection refused)")
(Background on this error at: https://sqlalche.me/e/20/e3q8)
2026-02-20 15:46:42,933 - ERROR - Error checking trade day: (pymysql.err.OperationalError) (2003, "Can't connect to MySQL server on 'localhost' ([Errno 61] Connection refused)")
(Background on this error at: https://sqlalche.me/e/20/e3q8)
2026-02-20 15:47:12,951 - ERROR - Error checking trade day: (pymysql.err.OperationalError) (2003, "Can't connect to MySQL server on 'localhost' ([Errno 61] Connection refused)")
(Background on this error at: https://sqlalche.me/e/20/e3q8)
2026-02-20 15:47:42,998 - ERROR - Error checking trade day: (pymysql.err.OperationalError) (2003, "Can't connect to MySQL server on 'localhost' ([Errno 61] Connection refused)")
(Background on this error at: https://sqlalche.me/e/20/e3q8)
2026-02-20 15:48:13,073 - ERROR - Error checking trade day: (pymysql.err.OperationalError) (2003, "Can't connect to MySQL server on 'localhost' ([Errno 61] Connection refused)")
(Background on this error at: https://sqlalche.me/e/20/e3q8)
2026-02-20 15:48:43,146 - ERROR - Error checking trade day: (pymysql.err.OperationalError) (2003, "Can't connect to MySQL server on 'localhost' ([Errno 61] Connection refused)")
(Background on this error at: https://sqlalche.me/e/20/e3q8)
2026-02-20 15:49:13,161 - ERROR - Error checking trade day: (pymysql.err.OperationalError) (2003, "Can't connect to MySQL server on 'localhost' ([Errno 61] Connection refused)")
(Background on this error at: https://sqlalche.me/e/20/e3q8)
2026-02-20 15:49:43,229 - ERROR - Error checking trade day: (pymysql.err.OperationalError) (2003, "Can't connect to MySQL server on 'localhost' ([Errno 61] Connection refused)")
(Background on this error at: https://sqlalche.me/e/20/e3q8)
2026-02-20 15:50:13,305 - ERROR - Error checking trade day: (pymysql.err.OperationalError) (2003, "Can't connect to MySQL server on 'localhost' ([Errno 61] Connection refused)")
(Background on this error at: https://sqlalche.me/e/20/e3q8)
2026-02-20 15:50:43,378 - ERROR - Error checking trade day: (pymysql.err.OperationalError) (2003, "Can't connect to MySQL server on 'localhost' ([Errno 61] Connection refused)")
(Background on this error at: https://sqlalche.me/e/20/e3q8)
2026-02-20 15:51:13,454 - ERROR - Error checking trade day: (pymysql.err.OperationalError) (2003, "Can't connect to MySQL server on 'localhost' ([Errno 61] Connection refused)")
(Background on this error at: https://sqlalche.me/e/20/e3q8)
2026-02-20 15:51:43,529 - ERROR - Error checking trade day: (pymysql.err.OperationalError) (2003, "Can't connect to MySQL server on 'localhost' ([Errno 61] Connection refused)")
(Background on this error at: https://sqlalche.me/e/20/e3q8)
2026-02-20 15:52:13,605 - ERROR - Error checking trade day: (pymysql.err.OperationalError) (2003, "Can't connect to MySQL server on 'localhost' ([Errno 61] Connection refused)")
(Background on this error at: https://sqlalche.me/e/20/e3q8)
2026-02-20 15:52:43,655 - ERROR - Error checking trade day: (pymysql.err.OperationalError) (2003, "Can't connect to MySQL server on 'localhost' ([Errno 61] Connection refused)")
(Background on this error at: https://sqlalche.me/e/20/e3q8)
2026-02-20 15:53:13,721 - ERROR - Error checking trade day: (pymysql.err.OperationalError) (2003, "Can't connect to MySQL server on 'localhost' ([Errno 61] Connection refused)")
(Background on this error at: https://sqlalche.me/e/20/e3q8)
2026-02-20 15:53:43,750 - ERROR - Error checking trade day: (pymysql.err.OperationalError) (2003, "Can't connect to MySQL server on 'localhost' ([Errno 61] Connection refused)")
(Background on this error at: https://sqlalche.me/e/20/e3q8)
2026-02-20 15:54:13,823 - ERROR - Error checking trade day: (pymysql.err.OperationalError) (2003, "Can't connect to MySQL server on 'localhost' ([Errno 61] Connection refused)")
(Background on this error at: https://sqlalche.me/e/20/e3q8)
2026-02-20 15:54:43,897 - ERROR - Error checking trade day: (pymysql.err.OperationalError) (2003, "Can't connect to MySQL server on 'localhost' ([Errno 61] Connection refused)")
(Background on this error at: https://sqlalche.me/e/20/e3q8)
2026-02-20 15:55:13,973 - ERROR - Error checking trade day: (pymysql.err.OperationalError) (2003, "Can't connect to MySQL server on 'localhost' ([Errno 61] Connection refused)")
(Background on this error at: https://sqlalche.me/e/20/e3q8)
2026-02-20 15:55:44,047 - ERROR - Error checking trade day: (pymysql.err.OperationalError) (2003, "Can't connect to MySQL server on 'localhost' ([Errno 61] Connection refused)")
(Background on this error at: https://sqlalche.me/e/20/e3q8)
2026-02-20 15:56:14,123 - ERROR - Error checking trade day: (pymysql.err.OperationalError) (2003, "Can't connect to MySQL server on 'localhost' ([Errno 61] Connection refused)")
(Background on this error at: https://sqlalche.me/e/20/e3q8)
2026-02-20 15:56:44,151 - ERROR - Error checking trade day: (pymysql.err.OperationalError) (2003, "Can't connect to MySQL server on 'localhost' ([Errno 61] Connection refused)")
(Background on this error at: https://sqlalche.me/e/20/e3q8)
2026-02-20 15:57:14,222 - ERROR - Error checking trade day: (pymysql.err.OperationalError) (2003, "Can't connect to MySQL server on 'localhost' ([Errno 61] Connection refused)")
(Background on this error at: https://sqlalche.me/e/20/e3q8)
2026-02-20 15:57:44,276 - ERROR - Error checking trade day: (pymysql.err.OperationalError) (2003, "Can't connect to MySQL server on 'localhost' ([Errno 61] Connection refused)")
(Background on this error at: https://sqlalche.me/e/20/e3q8)
2026-02-20 15:58:14,354 - ERROR - Error checking trade day: (pymysql.err.OperationalError) (2003, "Can't connect to MySQL server on 'localhost' ([Errno 61] Connection refused)")
(Background on this error at: https://sqlalche.me/e/20/e3q8)
2026-02-20 15:58:44,429 - ERROR - Error checking trade day: (pymysql.err.OperationalError) (2003, "Can't connect to MySQL server on 'localhost' ([Errno 61] Connection refused)")
(Background on this error at: https://sqlalche.me/e/20/e3q8)
2026-02-20 15:59:14,476 - ERROR - Error checking trade day: (pymysql.err.OperationalError) (2003, "Can't connect to MySQL server on 'localhost' ([Errno 61] Connection refused)")
(Background on this error at: https://sqlalche.me/e/20/e3q8)
2026-02-20 15:59:44,626 - ERROR - Error checking trade day: (pymysql.err.OperationalError) (2003, "Can't connect to MySQL server on 'localhost' ([Errno 61] Connection refused)")
(Background on this error at: https://sqlalche.me/e/20/e3q8)
2026-02-20 16:00:14,769 - ERROR - Error checking trade day: (pymysql.err.OperationalError) (2003, "Can't connect to MySQL server on 'localhost' ([Errno 61] Connection refused)")
(Background on this error at: https://sqlalche.me/e/20/e3q8)
2026-02-20 16:00:14,769 - INFO - 2026-02-20 is not a trading day. Idling...
2026-02-20 16:00:44,875 - ERROR - Error checking trade day: (pymysql.err.OperationalError) (2003, "Can't connect to MySQL server on 'localhost' ([Errno 61] Connection refused)")
(Background on this error at: https://sqlalche.me/e/20/e3q8)
2026-02-20 16:01:15,029 - ERROR - Error checking trade day: (pymysql.err.OperationalError) (2003, "Can't connect to MySQL server on 'localhost' ([Errno 61] Connection refused)")
(Background on this error at: https://sqlalche.me/e/20/e3q8)
2026-02-20 16:01:45,144 - ERROR - Error checking trade day: (pymysql.err.OperationalError) (2003, "Can't connect to MySQL server on 'localhost' ([Errno 61] Connection refused)")
(Background on this error at: https://sqlalche.me/e/20/e3q8)
2026-02-20 16:02:15,262 - ERROR - Error checking trade day: (pymysql.err.OperationalError) (2003, "Can't connect to MySQL server on 'localhost' ([Errno 61] Connection refused)")
(Background on this error at: https://sqlalche.me/e/20/e3q8)
2026-02-20 16:02:45,387 - ERROR - Error checking trade day: (pymysql.err.OperationalError) (2003, "Can't connect to MySQL server on 'localhost' ([Errno 61] Connection refused)")
(Background on this error at: https://sqlalche.me/e/20/e3q8)
2026-02-20 16:03:15,394 - ERROR - Error checking trade day: (pymysql.err.OperationalError) (2003, "Can't connect to MySQL server on 'localhost' ([Errno 61] Connection refused)")
(Background on this error at: https://sqlalche.me/e/20/e3q8)
2026-02-20 16:03:45,505 - ERROR - Error checking trade day: (pymysql.err.OperationalError) (2003, "Can't connect to MySQL server on 'localhost' ([Errno 61] Connection refused)")
(Background on this error at: https://sqlalche.me/e/20/e3q8)
2026-02-20 16:04:15,649 - ERROR - Error checking trade day: (pymysql.err.OperationalError) (2003, "Can't connect to MySQL server on 'localhost' ([Errno 61] Connection refused)")
(Background on this error at: https://sqlalche.me/e/20/e3q8)
2026-02-20 16:04:45,778 - ERROR - Error checking trade day: (pymysql.err.OperationalError) (2003, "Can't connect to MySQL server on 'localhost' ([Errno 61] Connection refused)")
(Background on this error at: https://sqlalche.me/e/20/e3q8)
2026-02-20 16:05:15,906 - ERROR - Error checking trade day: (pymysql.err.OperationalError) (2003, "Can't connect to MySQL server on 'localhost' ([Errno 61] Connection refused)")
(Background on this error at: https://sqlalche.me/e/20/e3q8)
2026-02-20 16:05:45,974 - ERROR - Error checking trade day: (pymysql.err.OperationalError) (2003, "Can't connect to MySQL server on 'localhost' ([Errno 61] Connection refused)")
(Background on this error at: https://sqlalche.me/e/20/e3q8)
2026-02-20 16:06:16,114 - ERROR - Error checking trade day: (pymysql.err.OperationalError) (2003, "Can't connect to MySQL server on 'localhost' ([Errno 61] Connection refused)")
(Background on this error at: https://sqlalche.me/e/20/e3q8)
2026-02-20 16:06:46,145 - ERROR - Error checking trade day: (pymysql.err.OperationalError) (2003, "Can't connect to MySQL server on 'localhost' ([Errno 61] Connection refused)")
(Background on this error at: https://sqlalche.me/e/20/e3q8)
2026-02-20 16:07:16,286 - ERROR - Error checking trade day: (pymysql.err.OperationalError) (2003, "Can't connect to MySQL server on 'localhost' ([Errno 61] Connection refused)")
(Background on this error at: https://sqlalche.me/e/20/e3q8)
2026-02-20 16:07:46,328 - ERROR - Error checking trade day: (pymysql.err.OperationalError) (2003, "Can't connect to MySQL server on 'localhost' ([Errno 61] Connection refused)")
(Background on this error at: https://sqlalche.me/e/20/e3q8)
2026-02-20 16:08:16,387 - ERROR - Error checking trade day: (pymysql.err.OperationalError) (2003, "Can't connect to MySQL server on 'localhost' ([Errno 61] Connection refused)")
(Background on this error at: https://sqlalche.me/e/20/e3q8)
2026-02-20 16:08:46,450 - ERROR - Error checking trade day: (pymysql.err.OperationalError) (2003, "Can't connect to MySQL server on 'localhost' ([Errno 61] Connection refused)")
(Background on this error at: https://sqlalche.me/e/20/e3q8)
2026-02-20 16:09:16,520 - ERROR - Error checking trade day: (pymysql.err.OperationalError) (2003, "Can't connect to MySQL server on 'localhost' ([Errno 61] Connection refused)")
(Background on this error at: https://sqlalche.me/e/20/e3q8)
2026-02-20 16:09:46,528 - ERROR - Error checking trade day: (pymysql.err.OperationalError) (2003, "Can't connect to MySQL server on 'localhost' ([Errno 61] Connection refused)")
(Background on this error at: https://sqlalche.me/e/20/e3q8)
2026-02-20 16:10:16,554 - ERROR - Error checking trade day: (pymysql.err.OperationalError) (2003, "Can't connect to MySQL server on 'localhost' ([Errno 61] Connection refused)")
(Background on this error at: https://sqlalche.me/e/20/e3q8)
2026-02-20 16:10:46,635 - ERROR - Error checking trade day: (pymysql.err.OperationalError) (2003, "Can't connect to MySQL server on 'localhost' ([Errno 61] Connection refused)")
(Background on this error at: https://sqlalche.me/e/20/e3q8)
2026-02-20 16:11:16,706 - ERROR - Error checking trade day: (pymysql.err.OperationalError) (2003, "Can't connect to MySQL server on 'localhost' ([Errno 61] Connection refused)")
(Background on this error at: https://sqlalche.me/e/20/e3q8)
2026-02-20 16:11:46,748 - ERROR - Error checking trade day: (pymysql.err.OperationalError) (2003, "Can't connect to MySQL server on 'localhost' ([Errno 61] Connection refused)")
(Background on this error at: https://sqlalche.me/e/20/e3q8)
2026-02-20 16:12:16,833 - ERROR - Error checking trade day: (pymysql.err.OperationalError) (2003, "Can't connect to MySQL server on 'localhost' ([Errno 61] Connection refused)")
(Background on this error at: https://sqlalche.me/e/20/e3q8)
2026-02-20 16:12:46,915 - ERROR - Error checking trade day: (pymysql.err.OperationalError) (2003, "Can't connect to MySQL server on 'localhost' ([Errno 61] Connection refused)")
(Background on this error at: https://sqlalche.me/e/20/e3q8)
2026-02-20 16:13:16,930 - ERROR - Error checking trade day: (pymysql.err.OperationalError) (2003, "Can't connect to MySQL server on 'localhost' ([Errno 61] Connection refused)")
(Background on this error at: https://sqlalche.me/e/20/e3q8)
2026-02-20 16:13:47,005 - ERROR - Error checking trade day: (pymysql.err.OperationalError) (2003, "Can't connect to MySQL server on 'localhost' ([Errno 61] Connection refused)")
(Background on this error at: https://sqlalche.me/e/20/e3q8)
2026-02-20 16:14:17,094 - ERROR - Error checking trade day: (pymysql.err.OperationalError) (2003, "Can't connect to MySQL server on 'localhost' ([Errno 61] Connection refused)")
(Background on this error at: https://sqlalche.me/e/20/e3q8)
2026-02-20 16:14:47,174 - ERROR - Error checking trade day: (pymysql.err.OperationalError) (2003, "Can't connect to MySQL server on 'localhost' ([Errno 61] Connection refused)")
(Background on this error at: https://sqlalche.me/e/20/e3q8)
2026-02-20 16:15:17,256 - ERROR - Error checking trade day: (pymysql.err.OperationalError) (2003, "Can't connect to MySQL server on 'localhost' ([Errno 61] Connection refused)")
(Background on this error at: https://sqlalche.me/e/20/e3q8)
2026-02-20 16:15:47,339 - ERROR - Error checking trade day: (pymysql.err.OperationalError) (2003, "Can't connect to MySQL server on 'localhost' ([Errno 61] Connection refused)")
(Background on this error at: https://sqlalche.me/e/20/e3q8)
2026-02-20 16:16:47,536 - ERROR - Error checking trade day: (pymysql.err.OperationalError) (2013, 'Lost connection to MySQL server during query')
[SQL: SELECT is_open FROM dim_trade_cal WHERE cal_date = %(date)s AND exchange = 'SSE']
[parameters: {'date': '20260220'}]
(Background on this error at: https://sqlalche.me/e/20/e3q8)
2026-02-20 16:17:17,622 - ERROR - Error checking trade day: (pymysql.err.OperationalError) (2003, "Can't connect to MySQL server on 'localhost' ([Errno 61] Connection refused)")
(Background on this error at: https://sqlalche.me/e/20/e3q8)
2026-02-20 16:17:47,678 - ERROR - Error checking trade day: (pymysql.err.OperationalError) (2003, "Can't connect to MySQL server on 'localhost' ([Errno 61] Connection refused)")
(Background on this error at: https://sqlalche.me/e/20/e3q8)
2026-02-20 16:18:17,762 - ERROR - Error checking trade day: (pymysql.err.OperationalError) (2003, "Can't connect to MySQL server on 'localhost' ([Errno 61] Connection refused)")
(Background on this error at: https://sqlalche.me/e/20/e3q8)
2026-02-20 16:18:47,839 - ERROR - Error checking trade day: (pymysql.err.OperationalError) (2003, "Can't connect to MySQL server on 'localhost' ([Errno 61] Connection refused)")
(Background on this error at: https://sqlalche.me/e/20/e3q8)
2026-02-20 16:19:17,924 - ERROR - Error checking trade day: (pymysql.err.OperationalError) (2003, "Can't connect to MySQL server on 'localhost' ([Errno 61] Connection refused)")
(Background on this error at: https://sqlalche.me/e/20/e3q8)
2026-02-20 16:19:48,009 - ERROR - Error checking trade day: (pymysql.err.OperationalError) (2003, "Can't connect to MySQL server on 'localhost' ([Errno 61] Connection refused)")
(Background on this error at: https://sqlalche.me/e/20/e3q8)
2026-02-20 16:20:18,077 - ERROR - Error checking trade day: (pymysql.err.OperationalError) (2003, "Can't connect to MySQL server on 'localhost' ([Errno 61] Connection refused)")
(Background on this error at: https://sqlalche.me/e/20/e3q8)
2026-02-20 16:20:48,159 - ERROR - Error checking trade day: (pymysql.err.OperationalError) (2003, "Can't connect to MySQL server on 'localhost' ([Errno 61] Connection refused)")
(Background on this error at: https://sqlalche.me/e/20/e3q8)
2026-02-20 16:21:18,213 - ERROR - Error checking trade day: (pymysql.err.OperationalError) (2003, "Can't connect to MySQL server on 'localhost' ([Errno 61] Connection refused)")
(Background on this error at: https://sqlalche.me/e/20/e3q8)
2026-02-20 16:21:48,296 - ERROR - Error checking trade day: (pymysql.err.OperationalError) (2003, "Can't connect to MySQL server on 'localhost' ([Errno 61] Connection refused)")
(Background on this error at: https://sqlalche.me/e/20/e3q8)
2026-02-20 16:22:18,379 - ERROR - Error checking trade day: (pymysql.err.OperationalError) (2003, "Can't connect to MySQL server on 'localhost' ([Errno 61] Connection refused)")
(Background on this error at: https://sqlalche.me/e/20/e3q8)
2026-02-20 16:22:48,458 - ERROR - Error checking trade day: (pymysql.err.OperationalError) (2003, "Can't connect to MySQL server on 'localhost' ([Errno 61] Connection refused)")
(Background on this error at: https://sqlalche.me/e/20/e3q8)
2026-02-20 16:23:18,539 - ERROR - Error checking trade day: (pymysql.err.OperationalError) (2003, "Can't connect to MySQL server on 'localhost' ([Errno 61] Connection refused)")
(Background on this error at: https://sqlalche.me/e/20/e3q8)
2026-02-20 16:23:48,591 - ERROR - Error checking trade day: (pymysql.err.OperationalError) (2003, "Can't connect to MySQL server on 'localhost' ([Errno 61] Connection refused)")
(Background on this error at: https://sqlalche.me/e/20/e3q8)
2026-02-20 16:24:18,670 - ERROR - Error checking trade day: (pymysql.err.OperationalError) (2003, "Can't connect to MySQL server on 'localhost' ([Errno 61] Connection refused)")
(Background on this error at: https://sqlalche.me/e/20/e3q8)
2026-02-20 16:24:48,744 - ERROR - Error checking trade day: (pymysql.err.OperationalError) (2003, "Can't connect to MySQL server on 'localhost' ([Errno 61] Connection refused)")
(Background on this error at: https://sqlalche.me/e/20/e3q8)
2026-02-20 16:25:18,824 - ERROR - Error checking trade day: (pymysql.err.OperationalError) (2003, "Can't connect to MySQL server on 'localhost' ([Errno 61] Connection refused)")
(Background on this error at: https://sqlalche.me/e/20/e3q8)
2026-02-20 16:25:48,903 - ERROR - Error checking trade day: (pymysql.err.OperationalError) (2003, "Can't connect to MySQL server on 'localhost' ([Errno 61] Connection refused)")
(Background on this error at: https://sqlalche.me/e/20/e3q8)
2026-02-20 16:26:18,929 - ERROR - Error checking trade day: (pymysql.err.OperationalError) (2003, "Can't connect to MySQL server on 'localhost' ([Errno 61] Connection refused)")
(Background on this error at: https://sqlalche.me/e/20/e3q8)
2026-02-20 16:26:48,954 - ERROR - Error checking trade day: (pymysql.err.OperationalError) (2003, "Can't connect to MySQL server on 'localhost' ([Errno 61] Connection refused)")
(Background on this error at: https://sqlalche.me/e/20/e3q8)
2026-02-20 16:27:19,038 - ERROR - Error checking trade day: (pymysql.err.OperationalError) (2003, "Can't connect to MySQL server on 'localhost' ([Errno 61] Connection refused)")
(Background on this error at: https://sqlalche.me/e/20/e3q8)
2026-02-20 16:27:49,119 - ERROR - Error checking trade day: (pymysql.err.OperationalError) (2003, "Can't connect to MySQL server on 'localhost' ([Errno 61] Connection refused)")
(Background on this error at: https://sqlalche.me/e/20/e3q8)
2026-02-20 16:29:49,381 - ERROR - Error checking trade day: (pymysql.err.OperationalError) (2013, 'Lost connection to MySQL server during query')
[SQL: SELECT is_open FROM dim_trade_cal WHERE cal_date = %(date)s AND exchange = 'SSE']
[parameters: {'date': '20260220'}]
(Background on this error at: https://sqlalche.me/e/20/e3q8)
2026-02-20 16:30:19,405 - ERROR - Error checking trade day: (pymysql.err.OperationalError) (2003, "Can't connect to MySQL server on 'localhost' ([Errno 61] Connection refused)")
(Background on this error at: https://sqlalche.me/e/20/e3q8)
2026-02-20 16:30:49,444 - ERROR - Error checking trade day: (pymysql.err.OperationalError) (2003, "Can't connect to MySQL server on 'localhost' ([Errno 61] Connection refused)")
(Background on this error at: https://sqlalche.me/e/20/e3q8)
2026-02-20 16:31:19,526 - ERROR - Error checking trade day: (pymysql.err.OperationalError) (2003, "Can't connect to MySQL server on 'localhost' ([Errno 61] Connection refused)")
(Background on this error at: https://sqlalche.me/e/20/e3q8)
2026-02-20 16:31:49,600 - ERROR - Error checking trade day: (pymysql.err.OperationalError) (2003, "Can't connect to MySQL server on 'localhost' ([Errno 61] Connection refused)")
(Background on this error at: https://sqlalche.me/e/20/e3q8)
2026-02-20 16:32:19,682 - ERROR - Error checking trade day: (pymysql.err.OperationalError) (2003, "Can't connect to MySQL server on 'localhost' ([Errno 61] Connection refused)")
(Background on this error at: https://sqlalche.me/e/20/e3q8)
2026-02-20 16:32:49,752 - ERROR - Error checking trade day: (pymysql.err.OperationalError) (2003, "Can't connect to MySQL server on 'localhost' ([Errno 61] Connection refused)")
(Background on this error at: https://sqlalche.me/e/20/e3q8)
2026-02-20 16:33:19,833 - ERROR - Error checking trade day: (pymysql.err.OperationalError) (2003, "Can't connect to MySQL server on 'localhost' ([Errno 61] Connection refused)")
(Background on this error at: https://sqlalche.me/e/20/e3q8)
2026-02-20 16:33:49,898 - ERROR - Error checking trade day: (pymysql.err.OperationalError) (2003, "Can't connect to MySQL server on 'localhost' ([Errno 61] Connection refused)")
(Background on this error at: https://sqlalche.me/e/20/e3q8)
2026-02-20 16:34:50,064 - ERROR - Error checking trade day: (pymysql.err.OperationalError) (2013, 'Lost connection to MySQL server during query')
[SQL: SELECT is_open FROM dim_trade_cal WHERE cal_date = %(date)s AND exchange = 'SSE']
[parameters: {'date': '20260220'}]
(Background on this error at: https://sqlalche.me/e/20/e3q8)
2026-02-20 16:35:20,144 - ERROR - Error checking trade day: (pymysql.err.OperationalError) (2003, "Can't connect to MySQL server on 'localhost' ([Errno 61] Connection refused)")
(Background on this error at: https://sqlalche.me/e/20/e3q8)
2026-02-20 16:35:50,163 - ERROR - Error checking trade day: (pymysql.err.OperationalError) (2003, "Can't connect to MySQL server on 'localhost' ([Errno 61] Connection refused)")
(Background on this error at: https://sqlalche.me/e/20/e3q8)
2026-02-20 16:36:50,331 - ERROR - Error checking trade day: (pymysql.err.OperationalError) (2013, 'Lost connection to MySQL server during query')
[SQL: SELECT is_open FROM dim_trade_cal WHERE cal_date = %(date)s AND exchange = 'SSE']
[parameters: {'date': '20260220'}]
(Background on this error at: https://sqlalche.me/e/20/e3q8)
2026-02-20 16:37:20,373 - ERROR - Error checking trade day: (pymysql.err.OperationalError) (2003, "Can't connect to MySQL server on 'localhost' ([Errno 61] Connection refused)")
(Background on this error at: https://sqlalche.me/e/20/e3q8)
2026-02-20 16:37:50,452 - ERROR - Error checking trade day: (pymysql.err.OperationalError) (2003, "Can't connect to MySQL server on 'localhost' ([Errno 61] Connection refused)")
(Background on this error at: https://sqlalche.me/e/20/e3q8)
2026-02-20 16:41:51,003 - ERROR - Error checking trade day: (pymysql.err.OperationalError) (2013, 'Lost connection to MySQL server during query')
[SQL: SELECT is_open FROM dim_trade_cal WHERE cal_date = %(date)s AND exchange = 'SSE']
[parameters: {'date': '20260220'}]
(Background on this error at: https://sqlalche.me/e/20/e3q8)
2026-02-20 16:42:21,086 - ERROR - Error checking trade day: (pymysql.err.OperationalError) (2003, "Can't connect to MySQL server on 'localhost' ([Errno 61] Connection refused)")
(Background on this error at: https://sqlalche.me/e/20/e3q8)
2026-02-20 16:42:51,165 - ERROR - Error checking trade day: (pymysql.err.OperationalError) (2003, "Can't connect to MySQL server on 'localhost' ([Errno 61] Connection refused)")
(Background on this error at: https://sqlalche.me/e/20/e3q8)
2026-02-20 16:43:21,217 - ERROR - Error checking trade day: (pymysql.err.OperationalError) (2003, "Can't connect to MySQL server on 'localhost' ([Errno 61] Connection refused)")
(Background on this error at: https://sqlalche.me/e/20/e3q8)
2026-02-20 16:43:51,287 - ERROR - Error checking trade day: (pymysql.err.OperationalError) (2003, "Can't connect to MySQL server on 'localhost' ([Errno 61] Connection refused)")
(Background on this error at: https://sqlalche.me/e/20/e3q8)
2026-02-20 16:44:21,368 - ERROR - Error checking trade day: (pymysql.err.OperationalError) (2003, "Can't connect to MySQL server on 'localhost' ([Errno 61] Connection refused)")
(Background on this error at: https://sqlalche.me/e/20/e3q8)
2026-02-20 16:44:51,439 - ERROR - Error checking trade day: (pymysql.err.OperationalError) (2003, "Can't connect to MySQL server on 'localhost' ([Errno 61] Connection refused)")
(Background on this error at: https://sqlalche.me/e/20/e3q8)
2026-02-20 16:45:21,506 - ERROR - Error checking trade day: (pymysql.err.OperationalError) (2003, "Can't connect to MySQL server on 'localhost' ([Errno 61] Connection refused)")
(Background on this error at: https://sqlalche.me/e/20/e3q8)
2026-02-20 16:45:51,589 - ERROR - Error checking trade day: (pymysql.err.OperationalError) (2003, "Can't connect to MySQL server on 'localhost' ([Errno 61] Connection refused)")
(Background on this error at: https://sqlalche.me/e/20/e3q8)
2026-02-20 17:00:23,230 - INFO - 2026-02-20 is not a trading day. Idling...
2026-02-20 18:00:02,464 - INFO - 2026-02-20 is not a trading day. Idling...
2026-02-20 19:00:10,908 - INFO - 2026-02-20 is not a trading day. Idling...
2026-02-20 20:00:21,334 - INFO - 2026-02-20 is not a trading day. Idling...
2026-02-20 21:00:29,545 - INFO - 2026-02-20 is not a trading day. Idling...
2026-02-20 22:00:07,753 - INFO - 2026-02-20 is not a trading day. Idling...
2026-02-20 23:00:20,561 - INFO - 2026-02-20 is not a trading day. Idling...
2026-02-21 00:00:28,308 - INFO - 2026-02-21 is not a trading day. Idling...
2026-02-21 01:00:05,724 - INFO - 2026-02-21 is not a trading day. Idling...
2026-02-21 01:00:27,909 - INFO - Scheduler started.
2026-02-21 01:00:27,909 - INFO - Triggering task: daily_pipeline
2026-02-21 01:00:27,910 - INFO - Waiting for TuShare data readiness...
2026-02-21 01:00:27,910 - INFO - Data is ready! Starting pipeline tasks...
2026-02-21 01:00:27,910 - INFO - Daily Pipeline completed successfully.
2026-02-21 02:00:19,391 - INFO - 2026-02-21 is not a trading day. Idling...
2026-02-21 03:00:04,908 - INFO - 2026-02-21 is not a trading day. Idling...
2026-02-21 04:00:20,729 - INFO - 2026-02-21 is not a trading day. Idling...
2026-02-21 05:00:06,473 - INFO - 2026-02-21 is not a trading day. Idling...
2026-02-21 06:00:21,987 - INFO - 2026-02-21 is not a trading day. Idling...
2026-02-21 07:00:07,220 - INFO - 2026-02-21 is not a trading day. Idling...
2026-02-21 08:00:22,384 - INFO - 2026-02-21 is not a trading day. Idling...
2026-02-21 09:00:06,848 - INFO - 2026-02-21 is not a trading day. Idling...
2026-02-21 10:00:14,672 - INFO - 2026-02-21 is not a trading day. Idling...
2026-02-21 11:00:21,738 - INFO - 2026-02-21 is not a trading day. Idling...
2026-02-21 12:00:02,375 - INFO - 2026-02-21 is not a trading day. Idling...
2026-02-21 19:04:15,691 - INFO - Scheduler started.
2026-02-21 19:04:15,795 - ERROR - Error checking trade day: (pymysql.err.OperationalError) (2003, "Can't connect to MySQL server on 'localhost' ([Errno 61] Connection refused)")
(Background on this error at: https://sqlalche.me/e/20/e3q8)
2026-02-21 19:04:45,876 - ERROR - Error checking trade day: (pymysql.err.OperationalError) (2003, "Can't connect to MySQL server on 'localhost' ([Errno 61] Connection refused)")
(Background on this error at: https://sqlalche.me/e/20/e3q8)
2026-02-21 19:05:15,925 - ERROR - Error checking trade day: (pymysql.err.OperationalError) (2003, "Can't connect to MySQL server on 'localhost' ([Errno 61] Connection refused)")
(Background on this error at: https://sqlalche.me/e/20/e3q8)
2026-02-21 19:05:45,934 - ERROR - Error checking trade day: (pymysql.err.OperationalError) (2003, "Can't connect to MySQL server on 'localhost' ([Errno 61] Connection refused)")
(Background on this error at: https://sqlalche.me/e/20/e3q8)
2026-02-21 19:06:16,002 - ERROR - Error checking trade day: (pymysql.err.OperationalError) (2003, "Can't connect to MySQL server on 'localhost' ([Errno 61] Connection refused)")
(Background on this error at: https://sqlalche.me/e/20/e3q8)
2026-02-21 19:06:46,079 - ERROR - Error checking trade day: (pymysql.err.OperationalError) (2003, "Can't connect to MySQL server on 'localhost' ([Errno 61] Connection refused)")
(Background on this error at: https://sqlalche.me/e/20/e3q8)
2026-02-21 19:07:16,087 - ERROR - Error checking trade day: (pymysql.err.OperationalError) (2003, "Can't connect to MySQL server on 'localhost' ([Errno 61] Connection refused)")
(Background on this error at: https://sqlalche.me/e/20/e3q8)
2026-02-21 19:07:46,163 - ERROR - Error checking trade day: (pymysql.err.OperationalError) (2003, "Can't connect to MySQL server on 'localhost' ([Errno 61] Connection refused)")
(Background on this error at: https://sqlalche.me/e/20/e3q8)
2026-02-21 19:08:16,187 - ERROR - Error checking trade day: (pymysql.err.OperationalError) (2003, "Can't connect to MySQL server on 'localhost' ([Errno 61] Connection refused)")
(Background on this error at: https://sqlalche.me/e/20/e3q8)
2026-02-21 19:08:46,201 - ERROR - Error checking trade day: (pymysql.err.OperationalError) (2003, "Can't connect to MySQL server on 'localhost' ([Errno 61] Connection refused)")
(Background on this error at: https://sqlalche.me/e/20/e3q8)
2026-02-21 19:09:16,270 - ERROR - Error checking trade day: (pymysql.err.OperationalError) (2003, "Can't connect to MySQL server on 'localhost' ([Errno 61] Connection refused)")
(Background on this error at: https://sqlalche.me/e/20/e3q8)
2026-02-21 19:09:46,340 - ERROR - Error checking trade day: (pymysql.err.OperationalError) (2003, "Can't connect to MySQL server on 'localhost' ([Errno 61] Connection refused)")
(Background on this error at: https://sqlalche.me/e/20/e3q8)
2026-02-21 19:10:16,413 - ERROR - Error checking trade day: (pymysql.err.OperationalError) (2003, "Can't connect to MySQL server on 'localhost' ([Errno 61] Connection refused)")
(Background on this error at: https://sqlalche.me/e/20/e3q8)
2026-02-21 19:10:46,481 - ERROR - Error checking trade day: (pymysql.err.OperationalError) (2003, "Can't connect to MySQL server on 'localhost' ([Errno 61] Connection refused)")
(Background on this error at: https://sqlalche.me/e/20/e3q8)
2026-02-21 19:11:16,560 - ERROR - Error checking trade day: (pymysql.err.OperationalError) (2003, "Can't connect to MySQL server on 'localhost' ([Errno 61] Connection refused)")
(Background on this error at: https://sqlalche.me/e/20/e3q8)
2026-02-21 19:11:46,638 - ERROR - Error checking trade day: (pymysql.err.OperationalError) (2003, "Can't connect to MySQL server on 'localhost' ([Errno 61] Connection refused)")
(Background on this error at: https://sqlalche.me/e/20/e3q8)
2026-02-21 19:12:16,689 - ERROR - Error checking trade day: (pymysql.err.OperationalError) (2003, "Can't connect to MySQL server on 'localhost' ([Errno 61] Connection refused)")
(Background on this error at: https://sqlalche.me/e/20/e3q8)
2026-02-21 19:12:46,767 - ERROR - Error checking trade day: (pymysql.err.OperationalError) (2003, "Can't connect to MySQL server on 'localhost' ([Errno 61] Connection refused)")
(Background on this error at: https://sqlalche.me/e/20/e3q8)
2026-02-21 19:13:16,835 - ERROR - Error checking trade day: (pymysql.err.OperationalError) (2003, "Can't connect to MySQL server on 'localhost' ([Errno 61] Connection refused)")
(Background on this error at: https://sqlalche.me/e/20/e3q8)
2026-02-21 19:13:46,842 - ERROR - Error checking trade day: (pymysql.err.OperationalError) (2003, "Can't connect to MySQL server on 'localhost' ([Errno 61] Connection refused)")
(Background on this error at: https://sqlalche.me/e/20/e3q8)
2026-02-21 19:14:16,921 - ERROR - Error checking trade day: (pymysql.err.OperationalError) (2003, "Can't connect to MySQL server on 'localhost' ([Errno 61] Connection refused)")
(Background on this error at: https://sqlalche.me/e/20/e3q8)
2026-02-21 19:14:46,971 - ERROR - Error checking trade day: (pymysql.err.OperationalError) (2003, "Can't connect to MySQL server on 'localhost' ([Errno 61] Connection refused)")
(Background on this error at: https://sqlalche.me/e/20/e3q8)
2026-02-21 19:15:17,044 - ERROR - Error checking trade day: (pymysql.err.OperationalError) (2003, "Can't connect to MySQL server on 'localhost' ([Errno 61] Connection refused)")
(Background on this error at: https://sqlalche.me/e/20/e3q8)
2026-02-21 19:15:47,089 - ERROR - Error checking trade day: (pymysql.err.OperationalError) (2003, "Can't connect to MySQL server on 'localhost' ([Errno 61] Connection refused)")
(Background on this error at: https://sqlalche.me/e/20/e3q8)
2026-02-21 19:16:17,167 - ERROR - Error checking trade day: (pymysql.err.OperationalError) (2003, "Can't connect to MySQL server on 'localhost' ([Errno 61] Connection refused)")
(Background on this error at: https://sqlalche.me/e/20/e3q8)
2026-02-21 19:16:47,241 - ERROR - Error checking trade day: (pymysql.err.OperationalError) (2003, "Can't connect to MySQL server on 'localhost' ([Errno 61] Connection refused)")
(Background on this error at: https://sqlalche.me/e/20/e3q8)
2026-02-21 19:17:17,315 - ERROR - Error checking trade day: (pymysql.err.OperationalError) (2003, "Can't connect to MySQL server on 'localhost' ([Errno 61] Connection refused)")
(Background on this error at: https://sqlalche.me/e/20/e3q8)
2026-02-21 19:17:47,378 - ERROR - Error checking trade day: (pymysql.err.OperationalError) (2003, "Can't connect to MySQL server on 'localhost' ([Errno 61] Connection refused)")
(Background on this error at: https://sqlalche.me/e/20/e3q8)
2026-02-21 19:18:17,455 - ERROR - Error checking trade day: (pymysql.err.OperationalError) (2003, "Can't connect to MySQL server on 'localhost' ([Errno 61] Connection refused)")
(Background on this error at: https://sqlalche.me/e/20/e3q8)
2026-02-21 19:18:47,528 - ERROR - Error checking trade day: (pymysql.err.OperationalError) (2003, "Can't connect to MySQL server on 'localhost' ([Errno 61] Connection refused)")
(Background on this error at: https://sqlalche.me/e/20/e3q8)
2026-02-21 19:19:17,605 - ERROR - Error checking trade day: (pymysql.err.OperationalError) (2003, "Can't connect to MySQL server on 'localhost' ([Errno 61] Connection refused)")
(Background on this error at: https://sqlalche.me/e/20/e3q8)
2026-02-21 19:19:47,687 - ERROR - Error checking trade day: (pymysql.err.OperationalError) (2003, "Can't connect to MySQL server on 'localhost' ([Errno 61] Connection refused)")
(Background on this error at: https://sqlalche.me/e/20/e3q8)
2026-02-21 19:20:17,729 - ERROR - Error checking trade day: (pymysql.err.OperationalError) (2003, "Can't connect to MySQL server on 'localhost' ([Errno 61] Connection refused)")
(Background on this error at: https://sqlalche.me/e/20/e3q8)
2026-02-21 19:20:47,803 - ERROR - Error checking trade day: (pymysql.err.OperationalError) (2003, "Can't connect to MySQL server on 'localhost' ([Errno 61] Connection refused)")
(Background on this error at: https://sqlalche.me/e/20/e3q8)
2026-02-21 19:21:17,864 - ERROR - Error checking trade day: (pymysql.err.OperationalError) (2003, "Can't connect to MySQL server on 'localhost' ([Errno 61] Connection refused)")
(Background on this error at: https://sqlalche.me/e/20/e3q8)
2026-02-21 19:21:47,900 - ERROR - Error checking trade day: (pymysql.err.OperationalError) (2003, "Can't connect to MySQL server on 'localhost' ([Errno 61] Connection refused)")
(Background on this error at: https://sqlalche.me/e/20/e3q8)
2026-02-21 19:22:17,925 - ERROR - Error checking trade day: (pymysql.err.OperationalError) (2003, "Can't connect to MySQL server on 'localhost' ([Errno 61] Connection refused)")
(Background on this error at: https://sqlalche.me/e/20/e3q8)
2026-02-21 19:22:47,960 - ERROR - Error checking trade day: (pymysql.err.OperationalError) (2003, "Can't connect to MySQL server on 'localhost' ([Errno 61] Connection refused)")
(Background on this error at: https://sqlalche.me/e/20/e3q8)
2026-02-21 19:23:17,980 - ERROR - Error checking trade day: (pymysql.err.OperationalError) (2003, "Can't connect to MySQL server on 'localhost' ([Errno 61] Connection refused)")
(Background on this error at: https://sqlalche.me/e/20/e3q8)
2026-02-21 19:24:20,478 - INFO - Scheduler started.
2026-02-21 19:24:20,565 - ERROR - Error checking trade day: (pymysql.err.OperationalError) (2003, "Can't connect to MySQL server on 'localhost' ([Errno 61] Connection refused)")
(Background on this error at: https://sqlalche.me/e/20/e3q8)
2026-02-21 19:24:50,634 - ERROR - Error checking trade day: (pymysql.err.OperationalError) (2003, "Can't connect to MySQL server on 'localhost' ([Errno 61] Connection refused)")
(Background on this error at: https://sqlalche.me/e/20/e3q8)
2026-02-21 19:25:20,708 - ERROR - Error checking trade day: (pymysql.err.OperationalError) (2003, "Can't connect to MySQL server on 'localhost' ([Errno 61] Connection refused)")
(Background on this error at: https://sqlalche.me/e/20/e3q8)
2026-02-21 19:25:50,771 - ERROR - Error checking trade day: (pymysql.err.OperationalError) (2003, "Can't connect to MySQL server on 'localhost' ([Errno 61] Connection refused)")
(Background on this error at: https://sqlalche.me/e/20/e3q8)
2026-02-21 19:26:20,845 - ERROR - Error checking trade day: (pymysql.err.OperationalError) (2003, "Can't connect to MySQL server on 'localhost' ([Errno 61] Connection refused)")
(Background on this error at: https://sqlalche.me/e/20/e3q8)
2026-02-21 19:26:50,913 - ERROR - Error checking trade day: (pymysql.err.OperationalError) (2003, "Can't connect to MySQL server on 'localhost' ([Errno 61] Connection refused)")
(Background on this error at: https://sqlalche.me/e/20/e3q8)
2026-02-21 19:27:20,981 - ERROR - Error checking trade day: (pymysql.err.OperationalError) (2003, "Can't connect to MySQL server on 'localhost' ([Errno 61] Connection refused)")
(Background on this error at: https://sqlalche.me/e/20/e3q8)
2026-02-21 19:27:51,001 - ERROR - Error checking trade day: (pymysql.err.OperationalError) (2003, "Can't connect to MySQL server on 'localhost' ([Errno 61] Connection refused)")
(Background on this error at: https://sqlalche.me/e/20/e3q8)
2026-02-21 19:28:21,080 - ERROR - Error checking trade day: (pymysql.err.OperationalError) (2003, "Can't connect to MySQL server on 'localhost' ([Errno 61] Connection refused)")
(Background on this error at: https://sqlalche.me/e/20/e3q8)
2026-02-21 19:28:51,119 - ERROR - Error checking trade day: (pymysql.err.OperationalError) (2003, "Can't connect to MySQL server on 'localhost' ([Errno 61] Connection refused)")
(Background on this error at: https://sqlalche.me/e/20/e3q8)
2026-02-21 19:29:21,127 - ERROR - Error checking trade day: (pymysql.err.OperationalError) (2003, "Can't connect to MySQL server on 'localhost' ([Errno 61] Connection refused)")
(Background on this error at: https://sqlalche.me/e/20/e3q8)
2026-02-21 19:29:51,209 - ERROR - Error checking trade day: (pymysql.err.OperationalError) (2003, "Can't connect to MySQL server on 'localhost' ([Errno 61] Connection refused)")
(Background on this error at: https://sqlalche.me/e/20/e3q8)
2026-02-21 19:30:21,285 - ERROR - Error checking trade day: (pymysql.err.OperationalError) (2003, "Can't connect to MySQL server on 'localhost' ([Errno 61] Connection refused)")
(Background on this error at: https://sqlalche.me/e/20/e3q8)
2026-02-21 19:30:51,319 - ERROR - Error checking trade day: (pymysql.err.OperationalError) (2003, "Can't connect to MySQL server on 'localhost' ([Errno 61] Connection refused)")
(Background on this error at: https://sqlalche.me/e/20/e3q8)
2026-02-21 19:31:21,398 - ERROR - Error checking trade day: (pymysql.err.OperationalError) (2003, "Can't connect to MySQL server on 'localhost' ([Errno 61] Connection refused)")
(Background on this error at: https://sqlalche.me/e/20/e3q8)
2026-02-21 19:31:51,411 - ERROR - Error checking trade day: (pymysql.err.OperationalError) (2003, "Can't connect to MySQL server on 'localhost' ([Errno 61] Connection refused)")
(Background on this error at: https://sqlalche.me/e/20/e3q8)
2026-02-21 19:32:21,430 - ERROR - Error checking trade day: (pymysql.err.OperationalError) (2003, "Can't connect to MySQL server on 'localhost' ([Errno 61] Connection refused)")
(Background on this error at: https://sqlalche.me/e/20/e3q8)
2026-02-21 19:32:51,495 - ERROR - Error checking trade day: (pymysql.err.OperationalError) (2003, "Can't connect to MySQL server on 'localhost' ([Errno 61] Connection refused)")
(Background on this error at: https://sqlalche.me/e/20/e3q8)
2026-02-21 19:33:21,528 - ERROR - Error checking trade day: (pymysql.err.OperationalError) (2003, "Can't connect to MySQL server on 'localhost' ([Errno 61] Connection refused)")
(Background on this error at: https://sqlalche.me/e/20/e3q8)
2026-02-21 19:33:51,548 - ERROR - Error checking trade day: (pymysql.err.OperationalError) (2003, "Can't connect to MySQL server on 'localhost' ([Errno 61] Connection refused)")
(Background on this error at: https://sqlalche.me/e/20/e3q8)
2026-02-21 19:34:21,621 - ERROR - Error checking trade day: (pymysql.err.OperationalError) (2003, "Can't connect to MySQL server on 'localhost' ([Errno 61] Connection refused)")
(Background on this error at: https://sqlalche.me/e/20/e3q8)
2026-02-21 19:34:51,666 - ERROR - Error checking trade day: (pymysql.err.OperationalError) (2003, "Can't connect to MySQL server on 'localhost' ([Errno 61] Connection refused)")
(Background on this error at: https://sqlalche.me/e/20/e3q8)
2026-02-21 19:35:21,749 - ERROR - Error checking trade day: (pymysql.err.OperationalError) (2003, "Can't connect to MySQL server on 'localhost' ([Errno 61] Connection refused)")
(Background on this error at: https://sqlalche.me/e/20/e3q8)
2026-02-21 19:35:51,799 - ERROR - Error checking trade day: (pymysql.err.OperationalError) (2003, "Can't connect to MySQL server on 'localhost' ([Errno 61] Connection refused)")
(Background on this error at: https://sqlalche.me/e/20/e3q8)
2026-02-21 19:36:21,829 - ERROR - Error checking trade day: (pymysql.err.OperationalError) (2003, "Can't connect to MySQL server on 'localhost' ([Errno 61] Connection refused)")
(Background on this error at: https://sqlalche.me/e/20/e3q8)
2026-02-21 19:36:51,842 - ERROR - Error checking trade day: (pymysql.err.OperationalError) (2003, "Can't connect to MySQL server on 'localhost' ([Errno 61] Connection refused)")
(Background on this error at: https://sqlalche.me/e/20/e3q8)
2026-02-21 19:37:21,899 - ERROR - Error checking trade day: (pymysql.err.OperationalError) (2003, "Can't connect to MySQL server on 'localhost' ([Errno 61] Connection refused)")
(Background on this error at: https://sqlalche.me/e/20/e3q8)
2026-02-21 19:37:51,967 - ERROR - Error checking trade day: (pymysql.err.OperationalError) (2003, "Can't connect to MySQL server on 'localhost' ([Errno 61] Connection refused)")
(Background on this error at: https://sqlalche.me/e/20/e3q8)
2026-02-21 19:38:22,038 - ERROR - Error checking trade day: (pymysql.err.OperationalError) (2003, "Can't connect to MySQL server on 'localhost' ([Errno 61] Connection refused)")
(Background on this error at: https://sqlalche.me/e/20/e3q8)
2026-02-21 19:38:52,103 - ERROR - Error checking trade day: (pymysql.err.OperationalError) (2003, "Can't connect to MySQL server on 'localhost' ([Errno 61] Connection refused)")
(Background on this error at: https://sqlalche.me/e/20/e3q8)
2026-02-21 19:39:22,173 - ERROR - Error checking trade day: (pymysql.err.OperationalError) (2003, "Can't connect to MySQL server on 'localhost' ([Errno 61] Connection refused)")
(Background on this error at: https://sqlalche.me/e/20/e3q8)
2026-02-21 19:39:52,233 - ERROR - Error checking trade day: (pymysql.err.OperationalError) (2003, "Can't connect to MySQL server on 'localhost' ([Errno 61] Connection refused)")
(Background on this error at: https://sqlalche.me/e/20/e3q8)
2026-02-21 19:40:22,268 - ERROR - Error checking trade day: (pymysql.err.OperationalError) (2003, "Can't connect to MySQL server on 'localhost' ([Errno 61] Connection refused)")
(Background on this error at: https://sqlalche.me/e/20/e3q8)
2026-02-21 19:40:52,353 - ERROR - Error checking trade day: (pymysql.err.OperationalError) (2003, "Can't connect to MySQL server on 'localhost' ([Errno 61] Connection refused)")
(Background on this error at: https://sqlalche.me/e/20/e3q8)
2026-02-21 19:41:22,430 - ERROR - Error checking trade day: (pymysql.err.OperationalError) (2003, "Can't connect to MySQL server on 'localhost' ([Errno 61] Connection refused)")
(Background on this error at: https://sqlalche.me/e/20/e3q8)
2026-02-21 19:41:52,494 - ERROR - Error checking trade day: (pymysql.err.OperationalError) (2003, "Can't connect to MySQL server on 'localhost' ([Errno 61] Connection refused)")
(Background on this error at: https://sqlalche.me/e/20/e3q8)
2026-02-21 19:42:22,511 - ERROR - Error checking trade day: (pymysql.err.OperationalError) (2003, "Can't connect to MySQL server on 'localhost' ([Errno 61] Connection refused)")
(Background on this error at: https://sqlalche.me/e/20/e3q8)
2026-02-21 19:42:52,586 - ERROR - Error checking trade day: (pymysql.err.OperationalError) (2003, "Can't connect to MySQL server on 'localhost' ([Errno 61] Connection refused)")
(Background on this error at: https://sqlalche.me/e/20/e3q8)
2026-02-21 19:43:22,655 - ERROR - Error checking trade day: (pymysql.err.OperationalError) (2003, "Can't connect to MySQL server on 'localhost' ([Errno 61] Connection refused)")
(Background on this error at: https://sqlalche.me/e/20/e3q8)
2026-02-21 19:43:52,732 - ERROR - Error checking trade day: (pymysql.err.OperationalError) (2003, "Can't connect to MySQL server on 'localhost' ([Errno 61] Connection refused)")
(Background on this error at: https://sqlalche.me/e/20/e3q8)
2026-02-21 19:44:22,774 - ERROR - Error checking trade day: (pymysql.err.OperationalError) (2003, "Can't connect to MySQL server on 'localhost' ([Errno 61] Connection refused)")
(Background on this error at: https://sqlalche.me/e/20/e3q8)
2026-02-21 19:44:52,786 - ERROR - Error checking trade day: (pymysql.err.OperationalError) (2003, "Can't connect to MySQL server on 'localhost' ([Errno 61] Connection refused)")
(Background on this error at: https://sqlalche.me/e/20/e3q8)
2026-02-21 19:45:22,866 - ERROR - Error checking trade day: (pymysql.err.OperationalError) (2003, "Can't connect to MySQL server on 'localhost' ([Errno 61] Connection refused)")
(Background on this error at: https://sqlalche.me/e/20/e3q8)
2026-02-21 19:45:52,937 - ERROR - Error checking trade day: (pymysql.err.OperationalError) (2003, "Can't connect to MySQL server on 'localhost' ([Errno 61] Connection refused)")
(Background on this error at: https://sqlalche.me/e/20/e3q8)
2026-02-21 19:46:23,006 - ERROR - Error checking trade day: (pymysql.err.OperationalError) (2003, "Can't connect to MySQL server on 'localhost' ([Errno 61] Connection refused)")
(Background on this error at: https://sqlalche.me/e/20/e3q8)
2026-02-21 19:46:53,027 - ERROR - Error checking trade day: (pymysql.err.OperationalError) (2003, "Can't connect to MySQL server on 'localhost' ([Errno 61] Connection refused)")
(Background on this error at: https://sqlalche.me/e/20/e3q8)
2026-02-21 19:47:23,109 - ERROR - Error checking trade day: (pymysql.err.OperationalError) (2003, "Can't connect to MySQL server on 'localhost' ([Errno 61] Connection refused)")
(Background on this error at: https://sqlalche.me/e/20/e3q8)
2026-02-21 19:47:53,190 - ERROR - Error checking trade day: (pymysql.err.OperationalError) (2003, "Can't connect to MySQL server on 'localhost' ([Errno 61] Connection refused)")
(Background on this error at: https://sqlalche.me/e/20/e3q8)
2026-02-21 19:48:23,256 - ERROR - Error checking trade day: (pymysql.err.OperationalError) (2003, "Can't connect to MySQL server on 'localhost' ([Errno 61] Connection refused)")
(Background on this error at: https://sqlalche.me/e/20/e3q8)
2026-02-21 19:48:53,320 - ERROR - Error checking trade day: (pymysql.err.OperationalError) (2003, "Can't connect to MySQL server on 'localhost' ([Errno 61] Connection refused)")
(Background on this error at: https://sqlalche.me/e/20/e3q8)
2026-02-21 19:49:23,389 - ERROR - Error checking trade day: (pymysql.err.OperationalError) (2003, "Can't connect to MySQL server on 'localhost' ([Errno 61] Connection refused)")
(Background on this error at: https://sqlalche.me/e/20/e3q8)
2026-02-21 19:49:53,405 - ERROR - Error checking trade day: (pymysql.err.OperationalError) (2003, "Can't connect to MySQL server on 'localhost' ([Errno 61] Connection refused)")
(Background on this error at: https://sqlalche.me/e/20/e3q8)
2026-02-21 19:50:23,479 - ERROR - Error checking trade day: (pymysql.err.OperationalError) (2003, "Can't connect to MySQL server on 'localhost' ([Errno 61] Connection refused)")
(Background on this error at: https://sqlalche.me/e/20/e3q8)
2026-02-21 19:50:53,539 - ERROR - Error checking trade day: (pymysql.err.OperationalError) (2003, "Can't connect to MySQL server on 'localhost' ([Errno 61] Connection refused)")
(Background on this error at: https://sqlalche.me/e/20/e3q8)
2026-02-21 19:51:23,609 - ERROR - Error checking trade day: (pymysql.err.OperationalError) (2003, "Can't connect to MySQL server on 'localhost' ([Errno 61] Connection refused)")
(Background on this error at: https://sqlalche.me/e/20/e3q8)
2026-02-21 19:51:53,678 - ERROR - Error checking trade day: (pymysql.err.OperationalError) (2003, "Can't connect to MySQL server on 'localhost' ([Errno 61] Connection refused)")
(Background on this error at: https://sqlalche.me/e/20/e3q8)
2026-02-21 19:52:23,691 - ERROR - Error checking trade day: (pymysql.err.OperationalError) (2003, "Can't connect to MySQL server on 'localhost' ([Errno 61] Connection refused)")
(Background on this error at: https://sqlalche.me/e/20/e3q8)
2026-02-21 19:52:53,764 - ERROR - Error checking trade day: (pymysql.err.OperationalError) (2003, "Can't connect to MySQL server on 'localhost' ([Errno 61] Connection refused)")
(Background on this error at: https://sqlalche.me/e/20/e3q8)
2026-02-21 19:53:23,807 - ERROR - Error checking trade day: (pymysql.err.OperationalError) (2003, "Can't connect to MySQL server on 'localhost' ([Errno 61] Connection refused)")
(Background on this error at: https://sqlalche.me/e/20/e3q8)
2026-02-21 19:53:53,877 - ERROR - Error checking trade day: (pymysql.err.OperationalError) (2003, "Can't connect to MySQL server on 'localhost' ([Errno 61] Connection refused)")
(Background on this error at: https://sqlalche.me/e/20/e3q8)
2026-02-21 19:54:23,957 - ERROR - Error checking trade day: (pymysql.err.OperationalError) (2003, "Can't connect to MySQL server on 'localhost' ([Errno 61] Connection refused)")
(Background on this error at: https://sqlalche.me/e/20/e3q8)
2026-02-21 19:54:54,025 - ERROR - Error checking trade day: (pymysql.err.OperationalError) (2003, "Can't connect to MySQL server on 'localhost' ([Errno 61] Connection refused)")
(Background on this error at: https://sqlalche.me/e/20/e3q8)
2026-02-21 19:55:24,076 - ERROR - Error checking trade day: (pymysql.err.OperationalError) (2003, "Can't connect to MySQL server on 'localhost' ([Errno 61] Connection refused)")
(Background on this error at: https://sqlalche.me/e/20/e3q8)
2026-02-21 19:55:54,141 - ERROR - Error checking trade day: (pymysql.err.OperationalError) (2003, "Can't connect to MySQL server on 'localhost' ([Errno 61] Connection refused)")
(Background on this error at: https://sqlalche.me/e/20/e3q8)
2026-02-21 19:56:24,219 - ERROR - Error checking trade day: (pymysql.err.OperationalError) (2003, "Can't connect to MySQL server on 'localhost' ([Errno 61] Connection refused)")
(Background on this error at: https://sqlalche.me/e/20/e3q8)
2026-02-21 19:56:54,225 - ERROR - Error checking trade day: (pymysql.err.OperationalError) (2003, "Can't connect to MySQL server on 'localhost' ([Errno 61] Connection refused)")
(Background on this error at: https://sqlalche.me/e/20/e3q8)
2026-02-21 19:57:24,296 - ERROR - Error checking trade day: (pymysql.err.OperationalError) (2003, "Can't connect to MySQL server on 'localhost' ([Errno 61] Connection refused)")
(Background on this error at: https://sqlalche.me/e/20/e3q8)
2026-02-21 19:57:54,344 - ERROR - Error checking trade day: (pymysql.err.OperationalError) (2003, "Can't connect to MySQL server on 'localhost' ([Errno 61] Connection refused)")
(Background on this error at: https://sqlalche.me/e/20/e3q8)
2026-02-21 19:58:24,422 - ERROR - Error checking trade day: (pymysql.err.OperationalError) (2003, "Can't connect to MySQL server on 'localhost' ([Errno 61] Connection refused)")
(Background on this error at: https://sqlalche.me/e/20/e3q8)
2026-02-21 19:58:54,437 - ERROR - Error checking trade day: (pymysql.err.OperationalError) (2003, "Can't connect to MySQL server on 'localhost' ([Errno 61] Connection refused)")
(Background on this error at: https://sqlalche.me/e/20/e3q8)
2026-02-21 19:59:24,518 - ERROR - Error checking trade day: (pymysql.err.OperationalError) (2003, "Can't connect to MySQL server on 'localhost' ([Errno 61] Connection refused)")
(Background on this error at: https://sqlalche.me/e/20/e3q8)
2026-02-21 19:59:54,531 - ERROR - Error checking trade day: (pymysql.err.OperationalError) (2003, "Can't connect to MySQL server on 'localhost' ([Errno 61] Connection refused)")
(Background on this error at: https://sqlalche.me/e/20/e3q8)
2026-02-21 20:00:24,603 - ERROR - Error checking trade day: (pymysql.err.OperationalError) (2003, "Can't connect to MySQL server on 'localhost' ([Errno 61] Connection refused)")
(Background on this error at: https://sqlalche.me/e/20/e3q8)
2026-02-21 20:00:24,603 - INFO - 2026-02-21 is not a trading day. Idling...
2026-02-21 20:00:54,674 - ERROR - Error checking trade day: (pymysql.err.OperationalError) (2003, "Can't connect to MySQL server on 'localhost' ([Errno 61] Connection refused)")
(Background on this error at: https://sqlalche.me/e/20/e3q8)
2026-02-21 20:01:24,737 - ERROR - Error checking trade day: (pymysql.err.OperationalError) (2003, "Can't connect to MySQL server on 'localhost' ([Errno 61] Connection refused)")
(Background on this error at: https://sqlalche.me/e/20/e3q8)
2026-02-21 20:01:54,754 - ERROR - Error checking trade day: (pymysql.err.OperationalError) (2003, "Can't connect to MySQL server on 'localhost' ([Errno 61] Connection refused)")
(Background on this error at: https://sqlalche.me/e/20/e3q8)
2026-02-21 20:02:24,804 - ERROR - Error checking trade day: (pymysql.err.OperationalError) (2003, "Can't connect to MySQL server on 'localhost' ([Errno 61] Connection refused)")
(Background on this error at: https://sqlalche.me/e/20/e3q8)
2026-02-21 20:02:54,833 - ERROR - Error checking trade day: (pymysql.err.OperationalError) (2003, "Can't connect to MySQL server on 'localhost' ([Errno 61] Connection refused)")
(Background on this error at: https://sqlalche.me/e/20/e3q8)
2026-02-21 20:03:24,855 - ERROR - Error checking trade day: (pymysql.err.OperationalError) (2003, "Can't connect to MySQL server on 'localhost' ([Errno 61] Connection refused)")
(Background on this error at: https://sqlalche.me/e/20/e3q8)
2026-02-21 20:03:54,887 - ERROR - Error checking trade day: (pymysql.err.OperationalError) (2003, "Can't connect to MySQL server on 'localhost' ([Errno 61] Connection refused)")
(Background on this error at: https://sqlalche.me/e/20/e3q8)
2026-02-21 20:04:24,958 - ERROR - Error checking trade day: (pymysql.err.OperationalError) (2003, "Can't connect to MySQL server on 'localhost' ([Errno 61] Connection refused)")
(Background on this error at: https://sqlalche.me/e/20/e3q8)
2026-02-21 20:04:55,041 - ERROR - Error checking trade day: (pymysql.err.OperationalError) (2003, "Can't connect to MySQL server on 'localhost' ([Errno 61] Connection refused)")
(Background on this error at: https://sqlalche.me/e/20/e3q8)
2026-02-21 20:05:25,112 - ERROR - Error checking trade day: (pymysql.err.OperationalError) (2003, "Can't connect to MySQL server on 'localhost' ([Errno 61] Connection refused)")
(Background on this error at: https://sqlalche.me/e/20/e3q8)
2026-02-21 20:05:55,192 - ERROR - Error checking trade day: (pymysql.err.OperationalError) (2003, "Can't connect to MySQL server on 'localhost' ([Errno 61] Connection refused)")
(Background on this error at: https://sqlalche.me/e/20/e3q8)
2026-02-21 20:06:25,274 - ERROR - Error checking trade day: (pymysql.err.OperationalError) (2003, "Can't connect to MySQL server on 'localhost' ([Errno 61] Connection refused)")
(Background on this error at: https://sqlalche.me/e/20/e3q8)
2026-02-21 20:06:55,338 - ERROR - Error checking trade day: (pymysql.err.OperationalError) (2003, "Can't connect to MySQL server on 'localhost' ([Errno 61] Connection refused)")
(Background on this error at: https://sqlalche.me/e/20/e3q8)
2026-02-21 20:07:25,412 - ERROR - Error checking trade day: (pymysql.err.OperationalError) (2003, "Can't connect to MySQL server on 'localhost' ([Errno 61] Connection refused)")
(Background on this error at: https://sqlalche.me/e/20/e3q8)
2026-02-21 20:07:55,487 - ERROR - Error checking trade day: (pymysql.err.OperationalError) (2003, "Can't connect to MySQL server on 'localhost' ([Errno 61] Connection refused)")
(Background on this error at: https://sqlalche.me/e/20/e3q8)
2026-02-21 20:08:25,565 - ERROR - Error checking trade day: (pymysql.err.OperationalError) (2003, "Can't connect to MySQL server on 'localhost' ([Errno 61] Connection refused)")
(Background on this error at: https://sqlalche.me/e/20/e3q8)
2026-02-21 20:08:55,632 - ERROR - Error checking trade day: (pymysql.err.OperationalError) (2003, "Can't connect to MySQL server on 'localhost' ([Errno 61] Connection refused)")
(Background on this error at: https://sqlalche.me/e/20/e3q8)
2026-02-21 20:09:25,705 - ERROR - Error checking trade day: (pymysql.err.OperationalError) (2003, "Can't connect to MySQL server on 'localhost' ([Errno 61] Connection refused)")
(Background on this error at: https://sqlalche.me/e/20/e3q8)
2026-02-21 20:09:55,783 - ERROR - Error checking trade day: (pymysql.err.OperationalError) (2003, "Can't connect to MySQL server on 'localhost' ([Errno 61] Connection refused)")
(Background on this error at: https://sqlalche.me/e/20/e3q8)
2026-02-21 20:10:25,858 - ERROR - Error checking trade day: (pymysql.err.OperationalError) (2003, "Can't connect to MySQL server on 'localhost' ([Errno 61] Connection refused)")
(Background on this error at: https://sqlalche.me/e/20/e3q8)
2026-02-21 20:10:55,930 - ERROR - Error checking trade day: (pymysql.err.OperationalError) (2003, "Can't connect to MySQL server on 'localhost' ([Errno 61] Connection refused)")
(Background on this error at: https://sqlalche.me/e/20/e3q8)
2026-02-21 20:11:26,002 - ERROR - Error checking trade day: (pymysql.err.OperationalError) (2003, "Can't connect to MySQL server on 'localhost' ([Errno 61] Connection refused)")
(Background on this error at: https://sqlalche.me/e/20/e3q8)
2026-02-21 20:11:56,055 - ERROR - Error checking trade day: (pymysql.err.OperationalError) (2003, "Can't connect to MySQL server on 'localhost' ([Errno 61] Connection refused)")
(Background on this error at: https://sqlalche.me/e/20/e3q8)
2026-02-21 20:12:26,131 - ERROR - Error checking trade day: (pymysql.err.OperationalError) (2003, "Can't connect to MySQL server on 'localhost' ([Errno 61] Connection refused)")
(Background on this error at: https://sqlalche.me/e/20/e3q8)
2026-02-21 20:12:56,210 - ERROR - Error checking trade day: (pymysql.err.OperationalError) (2003, "Can't connect to MySQL server on 'localhost' ([Errno 61] Connection refused)")
(Background on this error at: https://sqlalche.me/e/20/e3q8)
2026-02-21 20:13:26,282 - ERROR - Error checking trade day: (pymysql.err.OperationalError) (2003, "Can't connect to MySQL server on 'localhost' ([Errno 61] Connection refused)")
(Background on this error at: https://sqlalche.me/e/20/e3q8)
2026-02-21 20:13:56,295 - ERROR - Error checking trade day: (pymysql.err.OperationalError) (2003, "Can't connect to MySQL server on 'localhost' ([Errno 61] Connection refused)")
(Background on this error at: https://sqlalche.me/e/20/e3q8)
2026-02-21 20:14:26,311 - ERROR - Error checking trade day: (pymysql.err.OperationalError) (2003, "Can't connect to MySQL server on 'localhost' ([Errno 61] Connection refused)")
(Background on this error at: https://sqlalche.me/e/20/e3q8)
2026-02-21 20:14:56,364 - ERROR - Error checking trade day: (pymysql.err.OperationalError) (2003, "Can't connect to MySQL server on 'localhost' ([Errno 61] Connection refused)")
(Background on this error at: https://sqlalche.me/e/20/e3q8)
2026-02-21 20:15:26,369 - ERROR - Error checking trade day: (pymysql.err.OperationalError) (2003, "Can't connect to MySQL server on 'localhost' ([Errno 61] Connection refused)")
(Background on this error at: https://sqlalche.me/e/20/e3q8)
2026-02-21 20:15:56,398 - ERROR - Error checking trade day: (pymysql.err.OperationalError) (2003, "Can't connect to MySQL server on 'localhost' ([Errno 61] Connection refused)")
(Background on this error at: https://sqlalche.me/e/20/e3q8)
2026-02-21 20:16:26,418 - ERROR - Error checking trade day: (pymysql.err.OperationalError) (2003, "Can't connect to MySQL server on 'localhost' ([Errno 61] Connection refused)")
(Background on this error at: https://sqlalche.me/e/20/e3q8)
2026-02-21 20:16:56,495 - ERROR - Error checking trade day: (pymysql.err.OperationalError) (2003, "Can't connect to MySQL server on 'localhost' ([Errno 61] Connection refused)")
(Background on this error at: https://sqlalche.me/e/20/e3q8)
2026-02-21 20:17:26,500 - ERROR - Error checking trade day: (pymysql.err.OperationalError) (2003, "Can't connect to MySQL server on 'localhost' ([Errno 61] Connection refused)")
(Background on this error at: https://sqlalche.me/e/20/e3q8)
2026-02-21 20:17:56,537 - ERROR - Error checking trade day: (pymysql.err.OperationalError) (2003, "Can't connect to MySQL server on 'localhost' ([Errno 61] Connection refused)")
(Background on this error at: https://sqlalche.me/e/20/e3q8)
2026-02-21 20:18:26,611 - ERROR - Error checking trade day: (pymysql.err.OperationalError) (2003, "Can't connect to MySQL server on 'localhost' ([Errno 61] Connection refused)")
(Background on this error at: https://sqlalche.me/e/20/e3q8)
2026-02-21 20:18:56,656 - ERROR - Error checking trade day: (pymysql.err.OperationalError) (2003, "Can't connect to MySQL server on 'localhost' ([Errno 61] Connection refused)")
(Background on this error at: https://sqlalche.me/e/20/e3q8)
2026-02-21 20:19:26,719 - ERROR - Error checking trade day: (pymysql.err.OperationalError) (2003, "Can't connect to MySQL server on 'localhost' ([Errno 61] Connection refused)")
(Background on this error at: https://sqlalche.me/e/20/e3q8)
2026-02-21 20:19:56,797 - ERROR - Error checking trade day: (pymysql.err.OperationalError) (2003, "Can't connect to MySQL server on 'localhost' ([Errno 61] Connection refused)")
(Background on this error at: https://sqlalche.me/e/20/e3q8)
2026-02-21 20:20:26,874 - ERROR - Error checking trade day: (pymysql.err.OperationalError) (2003, "Can't connect to MySQL server on 'localhost' ([Errno 61] Connection refused)")
(Background on this error at: https://sqlalche.me/e/20/e3q8)
2026-02-21 20:20:56,951 - ERROR - Error checking trade day: (pymysql.err.OperationalError) (2003, "Can't connect to MySQL server on 'localhost' ([Errno 61] Connection refused)")
(Background on this error at: https://sqlalche.me/e/20/e3q8)
2026-02-21 20:21:27,027 - ERROR - Error checking trade day: (pymysql.err.OperationalError) (2003, "Can't connect to MySQL server on 'localhost' ([Errno 61] Connection refused)")
(Background on this error at: https://sqlalche.me/e/20/e3q8)
2026-02-21 20:21:57,102 - ERROR - Error checking trade day: (pymysql.err.OperationalError) (2003, "Can't connect to MySQL server on 'localhost' ([Errno 61] Connection refused)")
(Background on this error at: https://sqlalche.me/e/20/e3q8)
2026-02-21 20:22:27,142 - ERROR - Error checking trade day: (pymysql.err.OperationalError) (2003, "Can't connect to MySQL server on 'localhost' ([Errno 61] Connection refused)")
(Background on this error at: https://sqlalche.me/e/20/e3q8)
2026-02-21 20:22:57,190 - ERROR - Error checking trade day: (pymysql.err.OperationalError) (2003, "Can't connect to MySQL server on 'localhost' ([Errno 61] Connection refused)")
(Background on this error at: https://sqlalche.me/e/20/e3q8)
2026-02-21 20:23:27,254 - ERROR - Error checking trade day: (pymysql.err.OperationalError) (2003, "Can't connect to MySQL server on 'localhost' ([Errno 61] Connection refused)")
(Background on this error at: https://sqlalche.me/e/20/e3q8)
2026-02-21 20:23:57,328 - ERROR - Error checking trade day: (pymysql.err.OperationalError) (2003, "Can't connect to MySQL server on 'localhost' ([Errno 61] Connection refused)")
(Background on this error at: https://sqlalche.me/e/20/e3q8)
2026-02-21 20:24:27,336 - ERROR - Error checking trade day: (pymysql.err.OperationalError) (2003, "Can't connect to MySQL server on 'localhost' ([Errno 61] Connection refused)")
(Background on this error at: https://sqlalche.me/e/20/e3q8)
2026-02-21 20:24:57,414 - ERROR - Error checking trade day: (pymysql.err.OperationalError) (2003, "Can't connect to MySQL server on 'localhost' ([Errno 61] Connection refused)")
(Background on this error at: https://sqlalche.me/e/20/e3q8)
2026-02-21 20:25:27,463 - ERROR - Error checking trade day: (pymysql.err.OperationalError) (2003, "Can't connect to MySQL server on 'localhost' ([Errno 61] Connection refused)")
(Background on this error at: https://sqlalche.me/e/20/e3q8)
2026-02-21 20:25:57,509 - ERROR - Error checking trade day: (pymysql.err.OperationalError) (2003, "Can't connect to MySQL server on 'localhost' ([Errno 61] Connection refused)")
(Background on this error at: https://sqlalche.me/e/20/e3q8)
2026-02-21 20:26:27,572 - ERROR - Error checking trade day: (pymysql.err.OperationalError) (2003, "Can't connect to MySQL server on 'localhost' ([Errno 61] Connection refused)")
(Background on this error at: https://sqlalche.me/e/20/e3q8)
2026-02-21 20:26:57,644 - ERROR - Error checking trade day: (pymysql.err.OperationalError) (2003, "Can't connect to MySQL server on 'localhost' ([Errno 61] Connection refused)")
(Background on this error at: https://sqlalche.me/e/20/e3q8)
2026-02-21 20:27:27,712 - ERROR - Error checking trade day: (pymysql.err.OperationalError) (2003, "Can't connect to MySQL server on 'localhost' ([Errno 61] Connection refused)")
(Background on this error at: https://sqlalche.me/e/20/e3q8)
2026-02-21 20:27:57,780 - ERROR - Error checking trade day: (pymysql.err.OperationalError) (2003, "Can't connect to MySQL server on 'localhost' ([Errno 61] Connection refused)")
(Background on this error at: https://sqlalche.me/e/20/e3q8)
2026-02-21 20:28:27,845 - ERROR - Error checking trade day: (pymysql.err.OperationalError) (2003, "Can't connect to MySQL server on 'localhost' ([Errno 61] Connection refused)")
(Background on this error at: https://sqlalche.me/e/20/e3q8)
2026-02-21 20:28:57,909 - ERROR - Error checking trade day: (pymysql.err.OperationalError) (2003, "Can't connect to MySQL server on 'localhost' ([Errno 61] Connection refused)")
(Background on this error at: https://sqlalche.me/e/20/e3q8)
2026-02-21 20:29:27,972 - ERROR - Error checking trade day: (pymysql.err.OperationalError) (2003, "Can't connect to MySQL server on 'localhost' ([Errno 61] Connection refused)")
(Background on this error at: https://sqlalche.me/e/20/e3q8)
2026-02-21 20:29:58,027 - ERROR - Error checking trade day: (pymysql.err.OperationalError) (2003, "Can't connect to MySQL server on 'localhost' ([Errno 61] Connection refused)")
(Background on this error at: https://sqlalche.me/e/20/e3q8)
2026-02-21 20:30:28,094 - ERROR - Error checking trade day: (pymysql.err.OperationalError) (2003, "Can't connect to MySQL server on 'localhost' ([Errno 61] Connection refused)")
(Background on this error at: https://sqlalche.me/e/20/e3q8)
2026-02-21 20:30:58,172 - ERROR - Error checking trade day: (pymysql.err.OperationalError) (2003, "Can't connect to MySQL server on 'localhost' ([Errno 61] Connection refused)")
(Background on this error at: https://sqlalche.me/e/20/e3q8)
2026-02-21 20:31:28,191 - ERROR - Error checking trade day: (pymysql.err.OperationalError) (2003, "Can't connect to MySQL server on 'localhost' ([Errno 61] Connection refused)")
(Background on this error at: https://sqlalche.me/e/20/e3q8)
2026-02-21 20:31:58,266 - ERROR - Error checking trade day: (pymysql.err.OperationalError) (2003, "Can't connect to MySQL server on 'localhost' ([Errno 61] Connection refused)")
(Background on this error at: https://sqlalche.me/e/20/e3q8)
2026-02-21 20:32:28,332 - ERROR - Error checking trade day: (pymysql.err.OperationalError) (2003, "Can't connect to MySQL server on 'localhost' ([Errno 61] Connection refused)")
(Background on this error at: https://sqlalche.me/e/20/e3q8)
2026-02-21 20:32:58,391 - ERROR - Error checking trade day: (pymysql.err.OperationalError) (2003, "Can't connect to MySQL server on 'localhost' ([Errno 61] Connection refused)")
(Background on this error at: https://sqlalche.me/e/20/e3q8)
2026-02-21 20:33:28,468 - ERROR - Error checking trade day: (pymysql.err.OperationalError) (2003, "Can't connect to MySQL server on 'localhost' ([Errno 61] Connection refused)")
(Background on this error at: https://sqlalche.me/e/20/e3q8)
2026-02-21 20:33:58,519 - ERROR - Error checking trade day: (pymysql.err.OperationalError) (2003, "Can't connect to MySQL server on 'localhost' ([Errno 61] Connection refused)")
(Background on this error at: https://sqlalche.me/e/20/e3q8)
2026-02-21 20:34:28,597 - ERROR - Error checking trade day: (pymysql.err.OperationalError) (2003, "Can't connect to MySQL server on 'localhost' ([Errno 61] Connection refused)")
(Background on this error at: https://sqlalche.me/e/20/e3q8)
2026-02-21 20:34:58,657 - ERROR - Error checking trade day: (pymysql.err.OperationalError) (2003, "Can't connect to MySQL server on 'localhost' ([Errno 61] Connection refused)")
(Background on this error at: https://sqlalche.me/e/20/e3q8)
2026-02-21 20:35:28,683 - ERROR - Error checking trade day: (pymysql.err.OperationalError) (2003, "Can't connect to MySQL server on 'localhost' ([Errno 61] Connection refused)")
(Background on this error at: https://sqlalche.me/e/20/e3q8)
2026-02-21 20:35:58,698 - ERROR - Error checking trade day: (pymysql.err.OperationalError) (2003, "Can't connect to MySQL server on 'localhost' ([Errno 61] Connection refused)")
(Background on this error at: https://sqlalche.me/e/20/e3q8)
2026-02-21 20:36:28,739 - ERROR - Error checking trade day: (pymysql.err.OperationalError) (2003, "Can't connect to MySQL server on 'localhost' ([Errno 61] Connection refused)")
(Background on this error at: https://sqlalche.me/e/20/e3q8)
2026-02-21 20:36:58,815 - ERROR - Error checking trade day: (pymysql.err.OperationalError) (2003, "Can't connect to MySQL server on 'localhost' ([Errno 61] Connection refused)")
(Background on this error at: https://sqlalche.me/e/20/e3q8)
2026-02-21 20:37:28,862 - ERROR - Error checking trade day: (pymysql.err.OperationalError) (2003, "Can't connect to MySQL server on 'localhost' ([Errno 61] Connection refused)")
(Background on this error at: https://sqlalche.me/e/20/e3q8)
2026-02-21 20:37:58,929 - ERROR - Error checking trade day: (pymysql.err.OperationalError) (2003, "Can't connect to MySQL server on 'localhost' ([Errno 61] Connection refused)")
(Background on this error at: https://sqlalche.me/e/20/e3q8)
2026-02-21 20:38:29,008 - ERROR - Error checking trade day: (pymysql.err.OperationalError) (2003, "Can't connect to MySQL server on 'localhost' ([Errno 61] Connection refused)")
(Background on this error at: https://sqlalche.me/e/20/e3q8)
2026-02-21 20:38:59,084 - ERROR - Error checking trade day: (pymysql.err.OperationalError) (2003, "Can't connect to MySQL server on 'localhost' ([Errno 61] Connection refused)")
(Background on this error at: https://sqlalche.me/e/20/e3q8)
2026-02-21 20:39:29,129 - ERROR - Error checking trade day: (pymysql.err.OperationalError) (2003, "Can't connect to MySQL server on 'localhost' ([Errno 61] Connection refused)")
(Background on this error at: https://sqlalche.me/e/20/e3q8)
2026-02-21 20:39:59,141 - ERROR - Error checking trade day: (pymysql.err.OperationalError) (2003, "Can't connect to MySQL server on 'localhost' ([Errno 61] Connection refused)")
(Background on this error at: https://sqlalche.me/e/20/e3q8)
2026-02-21 20:40:29,220 - ERROR - Error checking trade day: (pymysql.err.OperationalError) (2003, "Can't connect to MySQL server on 'localhost' ([Errno 61] Connection refused)")
(Background on this error at: https://sqlalche.me/e/20/e3q8)
2026-02-21 20:40:59,294 - ERROR - Error checking trade day: (pymysql.err.OperationalError) (2003, "Can't connect to MySQL server on 'localhost' ([Errno 61] Connection refused)")
(Background on this error at: https://sqlalche.me/e/20/e3q8)
2026-02-21 20:41:29,316 - ERROR - Error checking trade day: (pymysql.err.OperationalError) (2003, "Can't connect to MySQL server on 'localhost' ([Errno 61] Connection refused)")
(Background on this error at: https://sqlalche.me/e/20/e3q8)
2026-02-21 20:41:59,393 - ERROR - Error checking trade day: (pymysql.err.OperationalError) (2003, "Can't connect to MySQL server on 'localhost' ([Errno 61] Connection refused)")
(Background on this error at: https://sqlalche.me/e/20/e3q8)
2026-02-21 20:42:29,443 - ERROR - Error checking trade day: (pymysql.err.OperationalError) (2003, "Can't connect to MySQL server on 'localhost' ([Errno 61] Connection refused)")
(Background on this error at: https://sqlalche.me/e/20/e3q8)
2026-02-21 20:42:59,476 - ERROR - Error checking trade day: (pymysql.err.OperationalError) (2003, "Can't connect to MySQL server on 'localhost' ([Errno 61] Connection refused)")
(Background on this error at: https://sqlalche.me/e/20/e3q8)
2026-02-21 20:43:29,554 - ERROR - Error checking trade day: (pymysql.err.OperationalError) (2003, "Can't connect to MySQL server on 'localhost' ([Errno 61] Connection refused)")
(Background on this error at: https://sqlalche.me/e/20/e3q8)
2026-02-21 20:43:59,619 - ERROR - Error checking trade day: (pymysql.err.OperationalError) (2003, "Can't connect to MySQL server on 'localhost' ([Errno 61] Connection refused)")
(Background on this error at: https://sqlalche.me/e/20/e3q8)
2026-02-21 20:44:29,678 - ERROR - Error checking trade day: (pymysql.err.OperationalError) (2003, "Can't connect to MySQL server on 'localhost' ([Errno 61] Connection refused)")
(Background on this error at: https://sqlalche.me/e/20/e3q8)
2026-02-21 20:44:59,703 - ERROR - Error checking trade day: (pymysql.err.OperationalError) (2003, "Can't connect to MySQL server on 'localhost' ([Errno 61] Connection refused)")
(Background on this error at: https://sqlalche.me/e/20/e3q8)
2026-02-21 20:45:29,770 - ERROR - Error checking trade day: (pymysql.err.OperationalError) (2003, "Can't connect to MySQL server on 'localhost' ([Errno 61] Connection refused)")
(Background on this error at: https://sqlalche.me/e/20/e3q8)
2026-02-21 20:45:59,839 - ERROR - Error checking trade day: (pymysql.err.OperationalError) (2003, "Can't connect to MySQL server on 'localhost' ([Errno 61] Connection refused)")
(Background on this error at: https://sqlalche.me/e/20/e3q8)
2026-02-21 20:46:29,915 - ERROR - Error checking trade day: (pymysql.err.OperationalError) (2003, "Can't connect to MySQL server on 'localhost' ([Errno 61] Connection refused)")
(Background on this error at: https://sqlalche.me/e/20/e3q8)
2026-02-21 20:46:59,944 - ERROR - Error checking trade day: (pymysql.err.OperationalError) (2003, "Can't connect to MySQL server on 'localhost' ([Errno 61] Connection refused)")
(Background on this error at: https://sqlalche.me/e/20/e3q8)
2026-02-21 20:47:30,004 - ERROR - Error checking trade day: (pymysql.err.OperationalError) (2003, "Can't connect to MySQL server on 'localhost' ([Errno 61] Connection refused)")
(Background on this error at: https://sqlalche.me/e/20/e3q8)
2026-02-21 20:48:00,054 - ERROR - Error checking trade day: (pymysql.err.OperationalError) (2003, "Can't connect to MySQL server on 'localhost' ([Errno 61] Connection refused)")
(Background on this error at: https://sqlalche.me/e/20/e3q8)
2026-02-21 20:48:30,120 - ERROR - Error checking trade day: (pymysql.err.OperationalError) (2003, "Can't connect to MySQL server on 'localhost' ([Errno 61] Connection refused)")
(Background on this error at: https://sqlalche.me/e/20/e3q8)
2026-02-21 20:49:00,186 - ERROR - Error checking trade day: (pymysql.err.OperationalError) (2003, "Can't connect to MySQL server on 'localhost' ([Errno 61] Connection refused)")
(Background on this error at: https://sqlalche.me/e/20/e3q8)
2026-02-21 20:49:30,193 - ERROR - Error checking trade day: (pymysql.err.OperationalError) (2003, "Can't connect to MySQL server on 'localhost' ([Errno 61] Connection refused)")
(Background on this error at: https://sqlalche.me/e/20/e3q8)
2026-02-21 20:50:26,691 - INFO - Scheduler started.
2026-02-21 20:50:26,884 - ERROR - Error checking trade day: (pymysql.err.OperationalError) (2003, "Can't connect to MySQL server on 'localhost' ([Errno 61] Connection refused)")
(Background on this error at: https://sqlalche.me/e/20/e3q8)
2026-02-21 20:50:56,907 - ERROR - Error checking trade day: (pymysql.err.OperationalError) (2003, "Can't connect to MySQL server on 'localhost' ([Errno 61] Connection refused)")
(Background on this error at: https://sqlalche.me/e/20/e3q8)
2026-02-21 20:51:26,944 - ERROR - Error checking trade day: (pymysql.err.OperationalError) (2003, "Can't connect to MySQL server on 'localhost' ([Errno 61] Connection refused)")
(Background on this error at: https://sqlalche.me/e/20/e3q8)
2026-02-21 20:51:57,009 - ERROR - Error checking trade day: (pymysql.err.OperationalError) (2003, "Can't connect to MySQL server on 'localhost' ([Errno 61] Connection refused)")
(Background on this error at: https://sqlalche.me/e/20/e3q8)
2026-02-21 20:52:27,022 - ERROR - Error checking trade day: (pymysql.err.OperationalError) (2003, "Can't connect to MySQL server on 'localhost' ([Errno 61] Connection refused)")
(Background on this error at: https://sqlalche.me/e/20/e3q8)
2026-02-21 20:52:57,086 - ERROR - Error checking trade day: (pymysql.err.OperationalError) (2003, "Can't connect to MySQL server on 'localhost' ([Errno 61] Connection refused)")
(Background on this error at: https://sqlalche.me/e/20/e3q8)
2026-02-21 20:53:27,157 - ERROR - Error checking trade day: (pymysql.err.OperationalError) (2003, "Can't connect to MySQL server on 'localhost' ([Errno 61] Connection refused)")
(Background on this error at: https://sqlalche.me/e/20/e3q8)
2026-02-21 20:53:57,200 - ERROR - Error checking trade day: (pymysql.err.OperationalError) (2003, "Can't connect to MySQL server on 'localhost' ([Errno 61] Connection refused)")
(Background on this error at: https://sqlalche.me/e/20/e3q8)
2026-02-21 20:54:27,244 - ERROR - Error checking trade day: (pymysql.err.OperationalError) (2003, "Can't connect to MySQL server on 'localhost' ([Errno 61] Connection refused)")
(Background on this error at: https://sqlalche.me/e/20/e3q8)
2026-02-21 20:54:57,322 - ERROR - Error checking trade day: (pymysql.err.OperationalError) (2003, "Can't connect to MySQL server on 'localhost' ([Errno 61] Connection refused)")
(Background on this error at: https://sqlalche.me/e/20/e3q8)
2026-02-21 20:55:27,341 - ERROR - Error checking trade day: (pymysql.err.OperationalError) (2003, "Can't connect to MySQL server on 'localhost' ([Errno 61] Connection refused)")
(Background on this error at: https://sqlalche.me/e/20/e3q8)
2026-02-21 20:55:57,369 - ERROR - Error checking trade day: (pymysql.err.OperationalError) (2003, "Can't connect to MySQL server on 'localhost' ([Errno 61] Connection refused)")
(Background on this error at: https://sqlalche.me/e/20/e3q8)
2026-02-21 20:56:27,372 - ERROR - Error checking trade day: (pymysql.err.OperationalError) (2003, "Can't connect to MySQL server on 'localhost' ([Errno 61] Connection refused)")
(Background on this error at: https://sqlalche.me/e/20/e3q8)
2026-02-21 20:56:57,391 - ERROR - Error checking trade day: (pymysql.err.OperationalError) (2003, "Can't connect to MySQL server on 'localhost' ([Errno 61] Connection refused)")
(Background on this error at: https://sqlalche.me/e/20/e3q8)
2026-02-21 20:57:27,443 - ERROR - Error checking trade day: (pymysql.err.OperationalError) (2003, "Can't connect to MySQL server on 'localhost' ([Errno 61] Connection refused)")
(Background on this error at: https://sqlalche.me/e/20/e3q8)
2026-02-21 20:57:57,515 - ERROR - Error checking trade day: (pymysql.err.OperationalError) (2003, "Can't connect to MySQL server on 'localhost' ([Errno 61] Connection refused)")
(Background on this error at: https://sqlalche.me/e/20/e3q8)
2026-02-21 20:58:27,543 - ERROR - Error checking trade day: (pymysql.err.OperationalError) (2003, "Can't connect to MySQL server on 'localhost' ([Errno 61] Connection refused)")
(Background on this error at: https://sqlalche.me/e/20/e3q8)
2026-02-21 20:58:57,594 - ERROR - Error checking trade day: (pymysql.err.OperationalError) (2003, "Can't connect to MySQL server on 'localhost' ([Errno 61] Connection refused)")
(Background on this error at: https://sqlalche.me/e/20/e3q8)
2026-02-21 20:59:27,623 - ERROR - Error checking trade day: (pymysql.err.OperationalError) (2003, "Can't connect to MySQL server on 'localhost' ([Errno 61] Connection refused)")
(Background on this error at: https://sqlalche.me/e/20/e3q8)
2026-02-21 20:59:57,645 - ERROR - Error checking trade day: (pymysql.err.OperationalError) (2003, "Can't connect to MySQL server on 'localhost' ([Errno 61] Connection refused)")
(Background on this error at: https://sqlalche.me/e/20/e3q8)
2026-02-21 21:00:27,687 - ERROR - Error checking trade day: (pymysql.err.OperationalError) (2003, "Can't connect to MySQL server on 'localhost' ([Errno 61] Connection refused)")
(Background on this error at: https://sqlalche.me/e/20/e3q8)
2026-02-21 21:00:27,687 - INFO - 2026-02-21 is not a trading day. Idling...
2026-02-21 21:00:57,756 - ERROR - Error checking trade day: (pymysql.err.OperationalError) (2003, "Can't connect to MySQL server on 'localhost' ([Errno 61] Connection refused)")
(Background on this error at: https://sqlalche.me/e/20/e3q8)
2026-02-21 21:01:27,839 - ERROR - Error checking trade day: (pymysql.err.OperationalError) (2003, "Can't connect to MySQL server on 'localhost' ([Errno 61] Connection refused)")
(Background on this error at: https://sqlalche.me/e/20/e3q8)
2026-02-21 21:01:57,904 - ERROR - Error checking trade day: (pymysql.err.OperationalError) (2003, "Can't connect to MySQL server on 'localhost' ([Errno 61] Connection refused)")
(Background on this error at: https://sqlalche.me/e/20/e3q8)
2026-02-21 21:02:27,941 - ERROR - Error checking trade day: (pymysql.err.OperationalError) (2003, "Can't connect to MySQL server on 'localhost' ([Errno 61] Connection refused)")
(Background on this error at: https://sqlalche.me/e/20/e3q8)
2026-02-21 21:02:57,982 - ERROR - Error checking trade day: (pymysql.err.OperationalError) (2003, "Can't connect to MySQL server on 'localhost' ([Errno 61] Connection refused)")
(Background on this error at: https://sqlalche.me/e/20/e3q8)
2026-02-21 21:03:28,064 - ERROR - Error checking trade day: (pymysql.err.OperationalError) (2003, "Can't connect to MySQL server on 'localhost' ([Errno 61] Connection refused)")
(Background on this error at: https://sqlalche.me/e/20/e3q8)
2026-02-21 21:03:58,085 - ERROR - Error checking trade day: (pymysql.err.OperationalError) (2003, "Can't connect to MySQL server on 'localhost' ([Errno 61] Connection refused)")
(Background on this error at: https://sqlalche.me/e/20/e3q8)
2026-02-21 21:04:28,103 - ERROR - Error checking trade day: (pymysql.err.OperationalError) (2003, "Can't connect to MySQL server on 'localhost' ([Errno 61] Connection refused)")
(Background on this error at: https://sqlalche.me/e/20/e3q8)
2026-02-21 21:04:58,110 - ERROR - Error checking trade day: (pymysql.err.OperationalError) (2003, "Can't connect to MySQL server on 'localhost' ([Errno 61] Connection refused)")
(Background on this error at: https://sqlalche.me/e/20/e3q8)
2026-02-21 21:05:28,168 - ERROR - Error checking trade day: (pymysql.err.OperationalError) (2003, "Can't connect to MySQL server on 'localhost' ([Errno 61] Connection refused)")
(Background on this error at: https://sqlalche.me/e/20/e3q8)
2026-02-21 21:05:58,241 - ERROR - Error checking trade day: (pymysql.err.OperationalError) (2003, "Can't connect to MySQL server on 'localhost' ([Errno 61] Connection refused)")
(Background on this error at: https://sqlalche.me/e/20/e3q8)
2026-02-21 21:06:28,259 - ERROR - Error checking trade day: (pymysql.err.OperationalError) (2003, "Can't connect to MySQL server on 'localhost' ([Errno 61] Connection refused)")
(Background on this error at: https://sqlalche.me/e/20/e3q8)
2026-02-21 21:06:58,338 - ERROR - Error checking trade day: (pymysql.err.OperationalError) (2003, "Can't connect to MySQL server on 'localhost' ([Errno 61] Connection refused)")
(Background on this error at: https://sqlalche.me/e/20/e3q8)
2026-02-21 21:07:28,361 - ERROR - Error checking trade day: (pymysql.err.OperationalError) (2003, "Can't connect to MySQL server on 'localhost' ([Errno 61] Connection refused)")
(Background on this error at: https://sqlalche.me/e/20/e3q8)
2026-02-21 21:07:58,371 - ERROR - Error checking trade day: (pymysql.err.OperationalError) (2003, "Can't connect to MySQL server on 'localhost' ([Errno 61] Connection refused)")
(Background on this error at: https://sqlalche.me/e/20/e3q8)
2026-02-21 21:08:28,444 - ERROR - Error checking trade day: (pymysql.err.OperationalError) (2003, "Can't connect to MySQL server on 'localhost' ([Errno 61] Connection refused)")
(Background on this error at: https://sqlalche.me/e/20/e3q8)
2026-02-21 21:08:58,524 - ERROR - Error checking trade day: (pymysql.err.OperationalError) (2003, "Can't connect to MySQL server on 'localhost' ([Errno 61] Connection refused)")
(Background on this error at: https://sqlalche.me/e/20/e3q8)
2026-02-21 21:09:28,596 - ERROR - Error checking trade day: (pymysql.err.OperationalError) (2003, "Can't connect to MySQL server on 'localhost' ([Errno 61] Connection refused)")
(Background on this error at: https://sqlalche.me/e/20/e3q8)
2026-02-21 21:09:58,678 - ERROR - Error checking trade day: (pymysql.err.OperationalError) (2003, "Can't connect to MySQL server on 'localhost' ([Errno 61] Connection refused)")
(Background on this error at: https://sqlalche.me/e/20/e3q8)
2026-02-21 21:10:28,723 - ERROR - Error checking trade day: (pymysql.err.OperationalError) (2003, "Can't connect to MySQL server on 'localhost' ([Errno 61] Connection refused)")
(Background on this error at: https://sqlalche.me/e/20/e3q8)
2026-02-21 21:10:58,780 - ERROR - Error checking trade day: (pymysql.err.OperationalError) (2003, "Can't connect to MySQL server on 'localhost' ([Errno 61] Connection refused)")
(Background on this error at: https://sqlalche.me/e/20/e3q8)
2026-02-21 21:11:28,836 - ERROR - Error checking trade day: (pymysql.err.OperationalError) (2003, "Can't connect to MySQL server on 'localhost' ([Errno 61] Connection refused)")
(Background on this error at: https://sqlalche.me/e/20/e3q8)
2026-02-21 21:11:58,856 - ERROR - Error checking trade day: (pymysql.err.OperationalError) (2003, "Can't connect to MySQL server on 'localhost' ([Errno 61] Connection refused)")
(Background on this error at: https://sqlalche.me/e/20/e3q8)
2026-02-21 21:12:28,867 - ERROR - Error checking trade day: (pymysql.err.OperationalError) (2003, "Can't connect to MySQL server on 'localhost' ([Errno 61] Connection refused)")
(Background on this error at: https://sqlalche.me/e/20/e3q8)
2026-02-21 21:12:58,937 - ERROR - Error checking trade day: (pymysql.err.OperationalError) (2003, "Can't connect to MySQL server on 'localhost' ([Errno 61] Connection refused)")
(Background on this error at: https://sqlalche.me/e/20/e3q8)
2026-02-21 21:13:28,962 - ERROR - Error checking trade day: (pymysql.err.OperationalError) (2003, "Can't connect to MySQL server on 'localhost' ([Errno 61] Connection refused)")
(Background on this error at: https://sqlalche.me/e/20/e3q8)
2026-02-21 21:13:58,987 - ERROR - Error checking trade day: (pymysql.err.OperationalError) (2003, "Can't connect to MySQL server on 'localhost' ([Errno 61] Connection refused)")
(Background on this error at: https://sqlalche.me/e/20/e3q8)
2026-02-21 21:14:29,001 - ERROR - Error checking trade day: (pymysql.err.OperationalError) (2003, "Can't connect to MySQL server on 'localhost' ([Errno 61] Connection refused)")
(Background on this error at: https://sqlalche.me/e/20/e3q8)
2026-02-21 21:14:59,050 - ERROR - Error checking trade day: (pymysql.err.OperationalError) (2003, "Can't connect to MySQL server on 'localhost' ([Errno 61] Connection refused)")
(Background on this error at: https://sqlalche.me/e/20/e3q8)
2026-02-21 21:15:29,059 - ERROR - Error checking trade day: (pymysql.err.OperationalError) (2003, "Can't connect to MySQL server on 'localhost' ([Errno 61] Connection refused)")
(Background on this error at: https://sqlalche.me/e/20/e3q8)
2026-02-21 21:15:59,103 - ERROR - Error checking trade day: (pymysql.err.OperationalError) (2003, "Can't connect to MySQL server on 'localhost' ([Errno 61] Connection refused)")
(Background on this error at: https://sqlalche.me/e/20/e3q8)
2026-02-21 21:16:29,180 - ERROR - Error checking trade day: (pymysql.err.OperationalError) (2003, "Can't connect to MySQL server on 'localhost' ([Errno 61] Connection refused)")
(Background on this error at: https://sqlalche.me/e/20/e3q8)
2026-02-21 21:16:59,201 - ERROR - Error checking trade day: (pymysql.err.OperationalError) (2003, "Can't connect to MySQL server on 'localhost' ([Errno 61] Connection refused)")
(Background on this error at: https://sqlalche.me/e/20/e3q8)
2026-02-21 21:17:29,215 - ERROR - Error checking trade day: (pymysql.err.OperationalError) (2003, "Can't connect to MySQL server on 'localhost' ([Errno 61] Connection refused)")
(Background on this error at: https://sqlalche.me/e/20/e3q8)
2026-02-21 21:17:59,249 - ERROR - Error checking trade day: (pymysql.err.OperationalError) (2003, "Can't connect to MySQL server on 'localhost' ([Errno 61] Connection refused)")
(Background on this error at: https://sqlalche.me/e/20/e3q8)
2026-02-21 21:18:29,264 - ERROR - Error checking trade day: (pymysql.err.OperationalError) (2003, "Can't connect to MySQL server on 'localhost' ([Errno 61] Connection refused)")
(Background on this error at: https://sqlalche.me/e/20/e3q8)
2026-02-21 21:18:59,276 - ERROR - Error checking trade day: (pymysql.err.OperationalError) (2003, "Can't connect to MySQL server on 'localhost' ([Errno 61] Connection refused)")
(Background on this error at: https://sqlalche.me/e/20/e3q8)
2026-02-21 21:19:29,288 - ERROR - Error checking trade day: (pymysql.err.OperationalError) (2003, "Can't connect to MySQL server on 'localhost' ([Errno 61] Connection refused)")
(Background on this error at: https://sqlalche.me/e/20/e3q8)
2026-02-21 21:19:59,370 - ERROR - Error checking trade day: (pymysql.err.OperationalError) (2003, "Can't connect to MySQL server on 'localhost' ([Errno 61] Connection refused)")
(Background on this error at: https://sqlalche.me/e/20/e3q8)
2026-02-21 21:20:29,410 - ERROR - Error checking trade day: (pymysql.err.OperationalError) (2003, "Can't connect to MySQL server on 'localhost' ([Errno 61] Connection refused)")
(Background on this error at: https://sqlalche.me/e/20/e3q8)
2026-02-21 21:20:59,468 - ERROR - Error checking trade day: (pymysql.err.OperationalError) (2003, "Can't connect to MySQL server on 'localhost' ([Errno 61] Connection refused)")
(Background on this error at: https://sqlalche.me/e/20/e3q8)
2026-02-21 21:21:29,551 - ERROR - Error checking trade day: (pymysql.err.OperationalError) (2003, "Can't connect to MySQL server on 'localhost' ([Errno 61] Connection refused)")
(Background on this error at: https://sqlalche.me/e/20/e3q8)
2026-02-21 21:21:59,562 - ERROR - Error checking trade day: (pymysql.err.OperationalError) (2003, "Can't connect to MySQL server on 'localhost' ([Errno 61] Connection refused)")
(Background on this error at: https://sqlalche.me/e/20/e3q8)
2026-02-21 21:22:29,630 - ERROR - Error checking trade day: (pymysql.err.OperationalError) (2003, "Can't connect to MySQL server on 'localhost' ([Errno 61] Connection refused)")
(Background on this error at: https://sqlalche.me/e/20/e3q8)
2026-02-21 21:22:59,699 - ERROR - Error checking trade day: (pymysql.err.OperationalError) (2003, "Can't connect to MySQL server on 'localhost' ([Errno 61] Connection refused)")
(Background on this error at: https://sqlalche.me/e/20/e3q8)
2026-02-21 21:23:29,771 - ERROR - Error checking trade day: (pymysql.err.OperationalError) (2003, "Can't connect to MySQL server on 'localhost' ([Errno 61] Connection refused)")
(Background on this error at: https://sqlalche.me/e/20/e3q8)
2026-02-21 21:23:59,839 - ERROR - Error checking trade day: (pymysql.err.OperationalError) (2003, "Can't connect to MySQL server on 'localhost' ([Errno 61] Connection refused)")
(Background on this error at: https://sqlalche.me/e/20/e3q8)
2026-02-21 21:24:29,915 - ERROR - Error checking trade day: (pymysql.err.OperationalError) (2003, "Can't connect to MySQL server on 'localhost' ([Errno 61] Connection refused)")
(Background on this error at: https://sqlalche.me/e/20/e3q8)
2026-02-21 21:24:59,993 - ERROR - Error checking trade day: (pymysql.err.OperationalError) (2003, "Can't connect to MySQL server on 'localhost' ([Errno 61] Connection refused)")
(Background on this error at: https://sqlalche.me/e/20/e3q8)
2026-02-21 21:25:30,072 - ERROR - Error checking trade day: (pymysql.err.OperationalError) (2003, "Can't connect to MySQL server on 'localhost' ([Errno 61] Connection refused)")
(Background on this error at: https://sqlalche.me/e/20/e3q8)
2026-02-21 21:26:00,128 - ERROR - Error checking trade day: (pymysql.err.OperationalError) (2003, "Can't connect to MySQL server on 'localhost' ([Errno 61] Connection refused)")
(Background on this error at: https://sqlalche.me/e/20/e3q8)
2026-02-21 21:26:30,207 - ERROR - Error checking trade day: (pymysql.err.OperationalError) (2003, "Can't connect to MySQL server on 'localhost' ([Errno 61] Connection refused)")
(Background on this error at: https://sqlalche.me/e/20/e3q8)
2026-02-21 21:27:00,282 - ERROR - Error checking trade day: (pymysql.err.OperationalError) (2003, "Can't connect to MySQL server on 'localhost' ([Errno 61] Connection refused)")
(Background on this error at: https://sqlalche.me/e/20/e3q8)
2026-02-21 21:27:30,364 - ERROR - Error checking trade day: (pymysql.err.OperationalError) (2003, "Can't connect to MySQL server on 'localhost' ([Errno 61] Connection refused)")
(Background on this error at: https://sqlalche.me/e/20/e3q8)
2026-02-21 21:28:00,375 - ERROR - Error checking trade day: (pymysql.err.OperationalError) (2003, "Can't connect to MySQL server on 'localhost' ([Errno 61] Connection refused)")
(Background on this error at: https://sqlalche.me/e/20/e3q8)
2026-02-21 21:28:30,421 - ERROR - Error checking trade day: (pymysql.err.OperationalError) (2003, "Can't connect to MySQL server on 'localhost' ([Errno 61] Connection refused)")
(Background on this error at: https://sqlalche.me/e/20/e3q8)
2026-02-21 21:29:00,452 - ERROR - Error checking trade day: (pymysql.err.OperationalError) (2003, "Can't connect to MySQL server on 'localhost' ([Errno 61] Connection refused)")
(Background on this error at: https://sqlalche.me/e/20/e3q8)
2026-02-21 21:29:30,464 - ERROR - Error checking trade day: (pymysql.err.OperationalError) (2003, "Can't connect to MySQL server on 'localhost' ([Errno 61] Connection refused)")
(Background on this error at: https://sqlalche.me/e/20/e3q8)
2026-02-21 21:30:00,542 - ERROR - Error checking trade day: (pymysql.err.OperationalError) (2003, "Can't connect to MySQL server on 'localhost' ([Errno 61] Connection refused)")
(Background on this error at: https://sqlalche.me/e/20/e3q8)
2026-02-21 21:30:30,623 - ERROR - Error checking trade day: (pymysql.err.OperationalError) (2003, "Can't connect to MySQL server on 'localhost' ([Errno 61] Connection refused)")
(Background on this error at: https://sqlalche.me/e/20/e3q8)
2026-02-21 21:31:00,701 - ERROR - Error checking trade day: (pymysql.err.OperationalError) (2003, "Can't connect to MySQL server on 'localhost' ([Errno 61] Connection refused)")
(Background on this error at: https://sqlalche.me/e/20/e3q8)
2026-02-21 21:31:30,778 - ERROR - Error checking trade day: (pymysql.err.OperationalError) (2003, "Can't connect to MySQL server on 'localhost' ([Errno 61] Connection refused)")
(Background on this error at: https://sqlalche.me/e/20/e3q8)
2026-02-21 21:32:00,858 - ERROR - Error checking trade day: (pymysql.err.OperationalError) (2003, "Can't connect to MySQL server on 'localhost' ([Errno 61] Connection refused)")
(Background on this error at: https://sqlalche.me/e/20/e3q8)
2026-02-21 21:32:30,893 - ERROR - Error checking trade day: (pymysql.err.OperationalError) (2003, "Can't connect to MySQL server on 'localhost' ([Errno 61] Connection refused)")
(Background on this error at: https://sqlalche.me/e/20/e3q8)
2026-02-21 21:33:00,970 - ERROR - Error checking trade day: (pymysql.err.OperationalError) (2003, "Can't connect to MySQL server on 'localhost' ([Errno 61] Connection refused)")
(Background on this error at: https://sqlalche.me/e/20/e3q8)
2026-02-21 21:33:31,017 - ERROR - Error checking trade day: (pymysql.err.OperationalError) (2003, "Can't connect to MySQL server on 'localhost' ([Errno 61] Connection refused)")
(Background on this error at: https://sqlalche.me/e/20/e3q8)
2026-02-21 21:34:01,092 - ERROR - Error checking trade day: (pymysql.err.OperationalError) (2003, "Can't connect to MySQL server on 'localhost' ([Errno 61] Connection refused)")
(Background on this error at: https://sqlalche.me/e/20/e3q8)
2026-02-21 21:34:31,106 - ERROR - Error checking trade day: (pymysql.err.OperationalError) (2003, "Can't connect to MySQL server on 'localhost' ([Errno 61] Connection refused)")
(Background on this error at: https://sqlalche.me/e/20/e3q8)
2026-02-21 21:35:01,138 - ERROR - Error checking trade day: (pymysql.err.OperationalError) (2003, "Can't connect to MySQL server on 'localhost' ([Errno 61] Connection refused)")
(Background on this error at: https://sqlalche.me/e/20/e3q8)
2026-02-21 21:35:31,193 - ERROR - Error checking trade day: (pymysql.err.OperationalError) (2003, "Can't connect to MySQL server on 'localhost' ([Errno 61] Connection refused)")
(Background on this error at: https://sqlalche.me/e/20/e3q8)
2026-02-21 21:36:01,253 - ERROR - Error checking trade day: (pymysql.err.OperationalError) (2003, "Can't connect to MySQL server on 'localhost' ([Errno 61] Connection refused)")
(Background on this error at: https://sqlalche.me/e/20/e3q8)
2026-02-21 21:36:31,318 - ERROR - Error checking trade day: (pymysql.err.OperationalError) (2003, "Can't connect to MySQL server on 'localhost' ([Errno 61] Connection refused)")
(Background on this error at: https://sqlalche.me/e/20/e3q8)
2026-02-21 21:37:01,368 - ERROR - Error checking trade day: (pymysql.err.OperationalError) (2003, "Can't connect to MySQL server on 'localhost' ([Errno 61] Connection refused)")
(Background on this error at: https://sqlalche.me/e/20/e3q8)
2026-02-21 21:37:31,447 - ERROR - Error checking trade day: (pymysql.err.OperationalError) (2003, "Can't connect to MySQL server on 'localhost' ([Errno 61] Connection refused)")
(Background on this error at: https://sqlalche.me/e/20/e3q8)
2026-02-21 21:38:01,514 - ERROR - Error checking trade day: (pymysql.err.OperationalError) (2003, "Can't connect to MySQL server on 'localhost' ([Errno 61] Connection refused)")
(Background on this error at: https://sqlalche.me/e/20/e3q8)
2026-02-21 21:38:31,575 - ERROR - Error checking trade day: (pymysql.err.OperationalError) (2003, "Can't connect to MySQL server on 'localhost' ([Errno 61] Connection refused)")
(Background on this error at: https://sqlalche.me/e/20/e3q8)
2026-02-21 21:39:01,655 - ERROR - Error checking trade day: (pymysql.err.OperationalError) (2003, "Can't connect to MySQL server on 'localhost' ([Errno 61] Connection refused)")
(Background on this error at: https://sqlalche.me/e/20/e3q8)
2026-02-21 21:39:31,729 - ERROR - Error checking trade day: (pymysql.err.OperationalError) (2003, "Can't connect to MySQL server on 'localhost' ([Errno 61] Connection refused)")
(Background on this error at: https://sqlalche.me/e/20/e3q8)
2026-02-21 21:40:01,801 - ERROR - Error checking trade day: (pymysql.err.OperationalError) (2003, "Can't connect to MySQL server on 'localhost' ([Errno 61] Connection refused)")
(Background on this error at: https://sqlalche.me/e/20/e3q8)
2026-02-21 21:40:31,866 - ERROR - Error checking trade day: (pymysql.err.OperationalError) (2003, "Can't connect to MySQL server on 'localhost' ([Errno 61] Connection refused)")
(Background on this error at: https://sqlalche.me/e/20/e3q8)
2026-02-21 21:41:01,916 - ERROR - Error checking trade day: (pymysql.err.OperationalError) (2003, "Can't connect to MySQL server on 'localhost' ([Errno 61] Connection refused)")
(Background on this error at: https://sqlalche.me/e/20/e3q8)
2026-02-21 21:41:31,949 - ERROR - Error checking trade day: (pymysql.err.OperationalError) (2003, "Can't connect to MySQL server on 'localhost' ([Errno 61] Connection refused)")
(Background on this error at: https://sqlalche.me/e/20/e3q8)
2026-02-21 21:42:02,079 - ERROR - Error checking trade day: (pymysql.err.OperationalError) (2003, "Can't connect to MySQL server on 'localhost' ([Errno 61] Connection refused)")
(Background on this error at: https://sqlalche.me/e/20/e3q8)
2026-02-21 21:42:32,216 - ERROR - Error checking trade day: (pymysql.err.OperationalError) (2003, "Can't connect to MySQL server on 'localhost' ([Errno 61] Connection refused)")
(Background on this error at: https://sqlalche.me/e/20/e3q8)
2026-02-21 21:43:02,305 - ERROR - Error checking trade day: (pymysql.err.OperationalError) (2003, "Can't connect to MySQL server on 'localhost' ([Errno 61] Connection refused)")
(Background on this error at: https://sqlalche.me/e/20/e3q8)
2026-02-21 21:43:32,386 - ERROR - Error checking trade day: (pymysql.err.OperationalError) (2003, "Can't connect to MySQL server on 'localhost' ([Errno 61] Connection refused)")
(Background on this error at: https://sqlalche.me/e/20/e3q8)
2026-02-21 21:44:02,465 - ERROR - Error checking trade day: (pymysql.err.OperationalError) (2003, "Can't connect to MySQL server on 'localhost' ([Errno 61] Connection refused)")
(Background on this error at: https://sqlalche.me/e/20/e3q8)
2026-02-21 21:44:32,545 - ERROR - Error checking trade day: (pymysql.err.OperationalError) (2003, "Can't connect to MySQL server on 'localhost' ([Errno 61] Connection refused)")
(Background on this error at: https://sqlalche.me/e/20/e3q8)
2026-02-21 21:45:02,614 - ERROR - Error checking trade day: (pymysql.err.OperationalError) (2003, "Can't connect to MySQL server on 'localhost' ([Errno 61] Connection refused)")
(Background on this error at: https://sqlalche.me/e/20/e3q8)
2026-02-21 21:45:32,691 - ERROR - Error checking trade day: (pymysql.err.OperationalError) (2003, "Can't connect to MySQL server on 'localhost' ([Errno 61] Connection refused)")
(Background on this error at: https://sqlalche.me/e/20/e3q8)
2026-02-21 21:46:02,766 - ERROR - Error checking trade day: (pymysql.err.OperationalError) (2003, "Can't connect to MySQL server on 'localhost' ([Errno 61] Connection refused)")
(Background on this error at: https://sqlalche.me/e/20/e3q8)
2026-02-21 21:46:32,825 - ERROR - Error checking trade day: (pymysql.err.OperationalError) (2003, "Can't connect to MySQL server on 'localhost' ([Errno 61] Connection refused)")
(Background on this error at: https://sqlalche.me/e/20/e3q8)
2026-02-21 21:47:02,907 - ERROR - Error checking trade day: (pymysql.err.OperationalError) (2003, "Can't connect to MySQL server on 'localhost' ([Errno 61] Connection refused)")
(Background on this error at: https://sqlalche.me/e/20/e3q8)
2026-02-21 21:47:32,970 - ERROR - Error checking trade day: (pymysql.err.OperationalError) (2003, "Can't connect to MySQL server on 'localhost' ([Errno 61] Connection refused)")
(Background on this error at: https://sqlalche.me/e/20/e3q8)
2026-02-21 21:48:03,074 - ERROR - Error checking trade day: (pymysql.err.OperationalError) (2003, "Can't connect to MySQL server on 'localhost' ([Errno 61] Connection refused)")
(Background on this error at: https://sqlalche.me/e/20/e3q8)
2026-02-21 21:48:33,098 - ERROR - Error checking trade day: (pymysql.err.OperationalError) (2003, "Can't connect to MySQL server on 'localhost' ([Errno 61] Connection refused)")
(Background on this error at: https://sqlalche.me/e/20/e3q8)
2026-02-21 21:49:03,182 - ERROR - Error checking trade day: (pymysql.err.OperationalError) (2003, "Can't connect to MySQL server on 'localhost' ([Errno 61] Connection refused)")
(Background on this error at: https://sqlalche.me/e/20/e3q8)
2026-02-21 21:49:33,258 - ERROR - Error checking trade day: (pymysql.err.OperationalError) (2003, "Can't connect to MySQL server on 'localhost' ([Errno 61] Connection refused)")
(Background on this error at: https://sqlalche.me/e/20/e3q8)
2026-02-21 21:50:03,337 - ERROR - Error checking trade day: (pymysql.err.OperationalError) (2003, "Can't connect to MySQL server on 'localhost' ([Errno 61] Connection refused)")
(Background on this error at: https://sqlalche.me/e/20/e3q8)
2026-02-21 21:50:33,405 - ERROR - Error checking trade day: (pymysql.err.OperationalError) (2003, "Can't connect to MySQL server on 'localhost' ([Errno 61] Connection refused)")
(Background on this error at: https://sqlalche.me/e/20/e3q8)
2026-02-21 21:51:03,451 - ERROR - Error checking trade day: (pymysql.err.OperationalError) (2003, "Can't connect to MySQL server on 'localhost' ([Errno 61] Connection refused)")
(Background on this error at: https://sqlalche.me/e/20/e3q8)
2026-02-21 21:51:33,529 - ERROR - Error checking trade day: (pymysql.err.OperationalError) (2003, "Can't connect to MySQL server on 'localhost' ([Errno 61] Connection refused)")
(Background on this error at: https://sqlalche.me/e/20/e3q8)
2026-02-21 21:52:03,561 - ERROR - Error checking trade day: (pymysql.err.OperationalError) (2003, "Can't connect to MySQL server on 'localhost' ([Errno 61] Connection refused)")
(Background on this error at: https://sqlalche.me/e/20/e3q8)
2026-02-21 21:52:33,616 - ERROR - Error checking trade day: (pymysql.err.OperationalError) (2003, "Can't connect to MySQL server on 'localhost' ([Errno 61] Connection refused)")
(Background on this error at: https://sqlalche.me/e/20/e3q8)
2026-02-21 21:53:03,694 - ERROR - Error checking trade day: (pymysql.err.OperationalError) (2003, "Can't connect to MySQL server on 'localhost' ([Errno 61] Connection refused)")
(Background on this error at: https://sqlalche.me/e/20/e3q8)
2026-02-21 21:53:33,712 - ERROR - Error checking trade day: (pymysql.err.OperationalError) (2003, "Can't connect to MySQL server on 'localhost' ([Errno 61] Connection refused)")
(Background on this error at: https://sqlalche.me/e/20/e3q8)
2026-02-21 21:54:03,766 - ERROR - Error checking trade day: (pymysql.err.OperationalError) (2003, "Can't connect to MySQL server on 'localhost' ([Errno 61] Connection refused)")
(Background on this error at: https://sqlalche.me/e/20/e3q8)
2026-02-21 21:54:33,827 - ERROR - Error checking trade day: (pymysql.err.OperationalError) (2003, "Can't connect to MySQL server on 'localhost' ([Errno 61] Connection refused)")
(Background on this error at: https://sqlalche.me/e/20/e3q8)
2026-02-21 21:55:03,902 - ERROR - Error checking trade day: (pymysql.err.OperationalError) (2003, "Can't connect to MySQL server on 'localhost' ([Errno 61] Connection refused)")
(Background on this error at: https://sqlalche.me/e/20/e3q8)
2026-02-21 21:55:33,972 - ERROR - Error checking trade day: (pymysql.err.OperationalError) (2003, "Can't connect to MySQL server on 'localhost' ([Errno 61] Connection refused)")
(Background on this error at: https://sqlalche.me/e/20/e3q8)
2026-02-21 21:56:04,054 - ERROR - Error checking trade day: (pymysql.err.OperationalError) (2003, "Can't connect to MySQL server on 'localhost' ([Errno 61] Connection refused)")
(Background on this error at: https://sqlalche.me/e/20/e3q8)
2026-02-21 21:56:34,116 - ERROR - Error checking trade day: (pymysql.err.OperationalError) (2003, "Can't connect to MySQL server on 'localhost' ([Errno 61] Connection refused)")
(Background on this error at: https://sqlalche.me/e/20/e3q8)
2026-02-21 21:57:04,153 - ERROR - Error checking trade day: (pymysql.err.OperationalError) (2003, "Can't connect to MySQL server on 'localhost' ([Errno 61] Connection refused)")
(Background on this error at: https://sqlalche.me/e/20/e3q8)
2026-02-21 21:57:34,223 - ERROR - Error checking trade day: (pymysql.err.OperationalError) (2003, "Can't connect to MySQL server on 'localhost' ([Errno 61] Connection refused)")
(Background on this error at: https://sqlalche.me/e/20/e3q8)
2026-02-21 21:58:04,282 - ERROR - Error checking trade day: (pymysql.err.OperationalError) (2003, "Can't connect to MySQL server on 'localhost' ([Errno 61] Connection refused)")
(Background on this error at: https://sqlalche.me/e/20/e3q8)
2026-02-21 21:58:34,359 - ERROR - Error checking trade day: (pymysql.err.OperationalError) (2003, "Can't connect to MySQL server on 'localhost' ([Errno 61] Connection refused)")
(Background on this error at: https://sqlalche.me/e/20/e3q8)
2026-02-21 21:59:04,410 - ERROR - Error checking trade day: (pymysql.err.OperationalError) (2003, "Can't connect to MySQL server on 'localhost' ([Errno 61] Connection refused)")
(Background on this error at: https://sqlalche.me/e/20/e3q8)
2026-02-21 21:59:34,446 - ERROR - Error checking trade day: (pymysql.err.OperationalError) (2003, "Can't connect to MySQL server on 'localhost' ([Errno 61] Connection refused)")
(Background on this error at: https://sqlalche.me/e/20/e3q8)
2026-02-21 22:00:04,507 - ERROR - Error checking trade day: (pymysql.err.OperationalError) (2003, "Can't connect to MySQL server on 'localhost' ([Errno 61] Connection refused)")
(Background on this error at: https://sqlalche.me/e/20/e3q8)
2026-02-21 22:00:04,508 - INFO - 2026-02-21 is not a trading day. Idling...
2026-02-21 22:00:34,572 - ERROR - Error checking trade day: (pymysql.err.OperationalError) (2003, "Can't connect to MySQL server on 'localhost' ([Errno 61] Connection refused)")
(Background on this error at: https://sqlalche.me/e/20/e3q8)
2026-02-21 22:01:04,655 - ERROR - Error checking trade day: (pymysql.err.OperationalError) (2003, "Can't connect to MySQL server on 'localhost' ([Errno 61] Connection refused)")
(Background on this error at: https://sqlalche.me/e/20/e3q8)
2026-02-21 22:01:34,715 - ERROR - Error checking trade day: (pymysql.err.OperationalError) (2003, "Can't connect to MySQL server on 'localhost' ([Errno 61] Connection refused)")
(Background on this error at: https://sqlalche.me/e/20/e3q8)
2026-02-21 22:02:04,794 - ERROR - Error checking trade day: (pymysql.err.OperationalError) (2003, "Can't connect to MySQL server on 'localhost' ([Errno 61] Connection refused)")
(Background on this error at: https://sqlalche.me/e/20/e3q8)
2026-02-21 22:02:34,860 - ERROR - Error checking trade day: (pymysql.err.OperationalError) (2003, "Can't connect to MySQL server on 'localhost' ([Errno 61] Connection refused)")
(Background on this error at: https://sqlalche.me/e/20/e3q8)
2026-02-21 22:03:04,918 - ERROR - Error checking trade day: (pymysql.err.OperationalError) (2003, "Can't connect to MySQL server on 'localhost' ([Errno 61] Connection refused)")
(Background on this error at: https://sqlalche.me/e/20/e3q8)
2026-02-21 22:03:34,995 - ERROR - Error checking trade day: (pymysql.err.OperationalError) (2003, "Can't connect to MySQL server on 'localhost' ([Errno 61] Connection refused)")
(Background on this error at: https://sqlalche.me/e/20/e3q8)
2026-02-21 22:04:05,079 - ERROR - Error checking trade day: (pymysql.err.OperationalError) (2003, "Can't connect to MySQL server on 'localhost' ([Errno 61] Connection refused)")
(Background on this error at: https://sqlalche.me/e/20/e3q8)
2026-02-21 22:04:35,162 - ERROR - Error checking trade day: (pymysql.err.OperationalError) (2003, "Can't connect to MySQL server on 'localhost' ([Errno 61] Connection refused)")
(Background on this error at: https://sqlalche.me/e/20/e3q8)
2026-02-21 22:13:36,289 - ERROR - Error checking trade day: (pymysql.err.OperationalError) (2013, 'Lost connection to MySQL server during query')
[SQL: SELECT is_open FROM dim_trade_cal WHERE cal_date = %(date)s AND exchange = 'SSE']
[parameters: {'date': '20260221'}]
(Background on this error at: https://sqlalche.me/e/20/e3q8)
2026-02-21 22:14:06,354 - ERROR - Error checking trade day: (pymysql.err.OperationalError) (2003, "Can't connect to MySQL server on 'localhost' ([Errno 61] Connection refused)")
(Background on this error at: https://sqlalche.me/e/20/e3q8)
2026-02-21 22:14:36,415 - ERROR - Error checking trade day: (pymysql.err.OperationalError) (2003, "Can't connect to MySQL server on 'localhost' ([Errno 61] Connection refused)")
(Background on this error at: https://sqlalche.me/e/20/e3q8)
2026-02-21 22:15:06,477 - ERROR - Error checking trade day: (pymysql.err.OperationalError) (2003, "Can't connect to MySQL server on 'localhost' ([Errno 61] Connection refused)")
(Background on this error at: https://sqlalche.me/e/20/e3q8)
2026-02-21 22:15:36,505 - ERROR - Error checking trade day: (pymysql.err.OperationalError) (2003, "Can't connect to MySQL server on 'localhost' ([Errno 61] Connection refused)")
(Background on this error at: https://sqlalche.me/e/20/e3q8)
2026-02-21 22:16:06,585 - ERROR - Error checking trade day: (pymysql.err.OperationalError) (2003, "Can't connect to MySQL server on 'localhost' ([Errno 61] Connection refused)")
(Background on this error at: https://sqlalche.me/e/20/e3q8)
2026-02-21 22:16:36,664 - ERROR - Error checking trade day: (pymysql.err.OperationalError) (2003, "Can't connect to MySQL server on 'localhost' ([Errno 61] Connection refused)")
(Background on this error at: https://sqlalche.me/e/20/e3q8)
2026-02-21 22:17:06,716 - ERROR - Error checking trade day: (pymysql.err.OperationalError) (2003, "Can't connect to MySQL server on 'localhost' ([Errno 61] Connection refused)")
(Background on this error at: https://sqlalche.me/e/20/e3q8)
2026-02-21 22:17:36,745 - ERROR - Error checking trade day: (pymysql.err.OperationalError) (2003, "Can't connect to MySQL server on 'localhost' ([Errno 61] Connection refused)")
(Background on this error at: https://sqlalche.me/e/20/e3q8)
2026-02-21 22:18:06,826 - ERROR - Error checking trade day: (pymysql.err.OperationalError) (2003, "Can't connect to MySQL server on 'localhost' ([Errno 61] Connection refused)")
(Background on this error at: https://sqlalche.me/e/20/e3q8)
2026-02-21 22:18:36,882 - ERROR - Error checking trade day: (pymysql.err.OperationalError) (2003, "Can't connect to MySQL server on 'localhost' ([Errno 61] Connection refused)")
(Background on this error at: https://sqlalche.me/e/20/e3q8)
2026-02-21 22:19:06,951 - ERROR - Error checking trade day: (pymysql.err.OperationalError) (2003, "Can't connect to MySQL server on 'localhost' ([Errno 61] Connection refused)")
(Background on this error at: https://sqlalche.me/e/20/e3q8)
2026-02-21 22:19:36,959 - ERROR - Error checking trade day: (pymysql.err.OperationalError) (2003, "Can't connect to MySQL server on 'localhost' ([Errno 61] Connection refused)")
(Background on this error at: https://sqlalche.me/e/20/e3q8)
2026-02-21 22:20:07,036 - ERROR - Error checking trade day: (pymysql.err.OperationalError) (2003, "Can't connect to MySQL server on 'localhost' ([Errno 61] Connection refused)")
(Background on this error at: https://sqlalche.me/e/20/e3q8)
2026-02-21 22:20:37,115 - ERROR - Error checking trade day: (pymysql.err.OperationalError) (2003, "Can't connect to MySQL server on 'localhost' ([Errno 61] Connection refused)")
(Background on this error at: https://sqlalche.me/e/20/e3q8)
2026-02-21 22:21:07,172 - ERROR - Error checking trade day: (pymysql.err.OperationalError) (2003, "Can't connect to MySQL server on 'localhost' ([Errno 61] Connection refused)")
(Background on this error at: https://sqlalche.me/e/20/e3q8)
2026-02-21 22:21:37,253 - ERROR - Error checking trade day: (pymysql.err.OperationalError) (2003, "Can't connect to MySQL server on 'localhost' ([Errno 61] Connection refused)")
(Background on this error at: https://sqlalche.me/e/20/e3q8)
2026-02-21 22:22:07,331 - ERROR - Error checking trade day: (pymysql.err.OperationalError) (2003, "Can't connect to MySQL server on 'localhost' ([Errno 61] Connection refused)")
(Background on this error at: https://sqlalche.me/e/20/e3q8)
2026-02-21 22:22:37,395 - ERROR - Error checking trade day: (pymysql.err.OperationalError) (2003, "Can't connect to MySQL server on 'localhost' ([Errno 61] Connection refused)")
(Background on this error at: https://sqlalche.me/e/20/e3q8)
2026-02-21 22:23:07,458 - ERROR - Error checking trade day: (pymysql.err.OperationalError) (2003, "Can't connect to MySQL server on 'localhost' ([Errno 61] Connection refused)")
(Background on this error at: https://sqlalche.me/e/20/e3q8)
2026-02-21 22:23:37,517 - ERROR - Error checking trade day: (pymysql.err.OperationalError) (2003, "Can't connect to MySQL server on 'localhost' ([Errno 61] Connection refused)")
(Background on this error at: https://sqlalche.me/e/20/e3q8)
2026-02-21 22:24:07,592 - ERROR - Error checking trade day: (pymysql.err.OperationalError) (2003, "Can't connect to MySQL server on 'localhost' ([Errno 61] Connection refused)")
(Background on this error at: https://sqlalche.me/e/20/e3q8)
2026-02-21 22:24:37,637 - ERROR - Error checking trade day: (pymysql.err.OperationalError) (2003, "Can't connect to MySQL server on 'localhost' ([Errno 61] Connection refused)")
(Background on this error at: https://sqlalche.me/e/20/e3q8)
2026-02-21 22:25:07,711 - ERROR - Error checking trade day: (pymysql.err.OperationalError) (2003, "Can't connect to MySQL server on 'localhost' ([Errno 61] Connection refused)")
(Background on this error at: https://sqlalche.me/e/20/e3q8)
2026-02-21 22:25:37,749 - ERROR - Error checking trade day: (pymysql.err.OperationalError) (2003, "Can't connect to MySQL server on 'localhost' ([Errno 61] Connection refused)")
(Background on this error at: https://sqlalche.me/e/20/e3q8)
2026-02-21 22:26:07,784 - ERROR - Error checking trade day: (pymysql.err.OperationalError) (2003, "Can't connect to MySQL server on 'localhost' ([Errno 61] Connection refused)")
(Background on this error at: https://sqlalche.me/e/20/e3q8)
2026-02-21 22:26:37,812 - ERROR - Error checking trade day: (pymysql.err.OperationalError) (2003, "Can't connect to MySQL server on 'localhost' ([Errno 61] Connection refused)")
(Background on this error at: https://sqlalche.me/e/20/e3q8)
2026-02-21 22:27:07,860 - ERROR - Error checking trade day: (pymysql.err.OperationalError) (2003, "Can't connect to MySQL server on 'localhost' ([Errno 61] Connection refused)")
(Background on this error at: https://sqlalche.me/e/20/e3q8)
2026-02-21 22:27:37,919 - ERROR - Error checking trade day: (pymysql.err.OperationalError) (2003, "Can't connect to MySQL server on 'localhost' ([Errno 61] Connection refused)")
(Background on this error at: https://sqlalche.me/e/20/e3q8)
2026-02-21 22:28:07,987 - ERROR - Error checking trade day: (pymysql.err.OperationalError) (2003, "Can't connect to MySQL server on 'localhost' ([Errno 61] Connection refused)")
(Background on this error at: https://sqlalche.me/e/20/e3q8)
2026-02-21 22:28:38,029 - ERROR - Error checking trade day: (pymysql.err.OperationalError) (2003, "Can't connect to MySQL server on 'localhost' ([Errno 61] Connection refused)")
(Background on this error at: https://sqlalche.me/e/20/e3q8)
2026-02-21 22:29:08,105 - ERROR - Error checking trade day: (pymysql.err.OperationalError) (2003, "Can't connect to MySQL server on 'localhost' ([Errno 61] Connection refused)")
(Background on this error at: https://sqlalche.me/e/20/e3q8)
2026-02-21 22:29:38,150 - ERROR - Error checking trade day: (pymysql.err.OperationalError) (2003, "Can't connect to MySQL server on 'localhost' ([Errno 61] Connection refused)")
(Background on this error at: https://sqlalche.me/e/20/e3q8)
2026-02-21 22:30:08,225 - ERROR - Error checking trade day: (pymysql.err.OperationalError) (2003, "Can't connect to MySQL server on 'localhost' ([Errno 61] Connection refused)")
(Background on this error at: https://sqlalche.me/e/20/e3q8)
2026-02-21 22:30:38,291 - ERROR - Error checking trade day: (pymysql.err.OperationalError) (2003, "Can't connect to MySQL server on 'localhost' ([Errno 61] Connection refused)")
(Background on this error at: https://sqlalche.me/e/20/e3q8)
2026-02-21 22:31:08,367 - ERROR - Error checking trade day: (pymysql.err.OperationalError) (2003, "Can't connect to MySQL server on 'localhost' ([Errno 61] Connection refused)")
(Background on this error at: https://sqlalche.me/e/20/e3q8)
2026-02-21 22:31:38,441 - ERROR - Error checking trade day: (pymysql.err.OperationalError) (2003, "Can't connect to MySQL server on 'localhost' ([Errno 61] Connection refused)")
(Background on this error at: https://sqlalche.me/e/20/e3q8)
2026-02-21 22:32:08,505 - ERROR - Error checking trade day: (pymysql.err.OperationalError) (2003, "Can't connect to MySQL server on 'localhost' ([Errno 61] Connection refused)")
(Background on this error at: https://sqlalche.me/e/20/e3q8)
2026-02-21 22:32:38,580 - ERROR - Error checking trade day: (pymysql.err.OperationalError) (2003, "Can't connect to MySQL server on 'localhost' ([Errno 61] Connection refused)")
(Background on this error at: https://sqlalche.me/e/20/e3q8)
2026-02-21 22:33:08,606 - ERROR - Error checking trade day: (pymysql.err.OperationalError) (2003, "Can't connect to MySQL server on 'localhost' ([Errno 61] Connection refused)")
(Background on this error at: https://sqlalche.me/e/20/e3q8)
2026-02-21 22:33:38,682 - ERROR - Error checking trade day: (pymysql.err.OperationalError) (2003, "Can't connect to MySQL server on 'localhost' ([Errno 61] Connection refused)")
(Background on this error at: https://sqlalche.me/e/20/e3q8)
2026-02-21 22:34:08,757 - ERROR - Error checking trade day: (pymysql.err.OperationalError) (2003, "Can't connect to MySQL server on 'localhost' ([Errno 61] Connection refused)")
(Background on this error at: https://sqlalche.me/e/20/e3q8)
2026-02-21 22:34:38,827 - ERROR - Error checking trade day: (pymysql.err.OperationalError) (2003, "Can't connect to MySQL server on 'localhost' ([Errno 61] Connection refused)")
(Background on this error at: https://sqlalche.me/e/20/e3q8)
2026-02-21 22:35:08,905 - ERROR - Error checking trade day: (pymysql.err.OperationalError) (2003, "Can't connect to MySQL server on 'localhost' ([Errno 61] Connection refused)")
(Background on this error at: https://sqlalche.me/e/20/e3q8)
2026-02-21 22:35:38,962 - ERROR - Error checking trade day: (pymysql.err.OperationalError) (2003, "Can't connect to MySQL server on 'localhost' ([Errno 61] Connection refused)")
(Background on this error at: https://sqlalche.me/e/20/e3q8)
2026-02-21 22:36:09,041 - ERROR - Error checking trade day: (pymysql.err.OperationalError) (2003, "Can't connect to MySQL server on 'localhost' ([Errno 61] Connection refused)")
(Background on this error at: https://sqlalche.me/e/20/e3q8)
2026-02-21 22:36:39,044 - ERROR - Error checking trade day: (pymysql.err.OperationalError) (2003, "Can't connect to MySQL server on 'localhost' ([Errno 61] Connection refused)")
(Background on this error at: https://sqlalche.me/e/20/e3q8)
2026-02-21 22:37:09,120 - ERROR - Error checking trade day: (pymysql.err.OperationalError) (2003, "Can't connect to MySQL server on 'localhost' ([Errno 61] Connection refused)")
(Background on this error at: https://sqlalche.me/e/20/e3q8)
2026-02-21 22:37:39,123 - ERROR - Error checking trade day: (pymysql.err.OperationalError) (2003, "Can't connect to MySQL server on 'localhost' ([Errno 61] Connection refused)")
(Background on this error at: https://sqlalche.me/e/20/e3q8)
2026-02-21 22:38:09,189 - ERROR - Error checking trade day: (pymysql.err.OperationalError) (2003, "Can't connect to MySQL server on 'localhost' ([Errno 61] Connection refused)")
(Background on this error at: https://sqlalche.me/e/20/e3q8)
2026-02-21 22:38:39,266 - ERROR - Error checking trade day: (pymysql.err.OperationalError) (2003, "Can't connect to MySQL server on 'localhost' ([Errno 61] Connection refused)")
(Background on this error at: https://sqlalche.me/e/20/e3q8)
2026-02-21 22:39:09,340 - ERROR - Error checking trade day: (pymysql.err.OperationalError) (2003, "Can't connect to MySQL server on 'localhost' ([Errno 61] Connection refused)")
(Background on this error at: https://sqlalche.me/e/20/e3q8)
2026-02-21 22:39:39,411 - ERROR - Error checking trade day: (pymysql.err.OperationalError) (2003, "Can't connect to MySQL server on 'localhost' ([Errno 61] Connection refused)")
(Background on this error at: https://sqlalche.me/e/20/e3q8)
2026-02-21 22:40:09,480 - ERROR - Error checking trade day: (pymysql.err.OperationalError) (2003, "Can't connect to MySQL server on 'localhost' ([Errno 61] Connection refused)")
(Background on this error at: https://sqlalche.me/e/20/e3q8)
2026-02-21 22:40:39,541 - ERROR - Error checking trade day: (pymysql.err.OperationalError) (2003, "Can't connect to MySQL server on 'localhost' ([Errno 61] Connection refused)")
(Background on this error at: https://sqlalche.me/e/20/e3q8)
2026-02-21 22:41:09,589 - ERROR - Error checking trade day: (pymysql.err.OperationalError) (2003, "Can't connect to MySQL server on 'localhost' ([Errno 61] Connection refused)")
(Background on this error at: https://sqlalche.me/e/20/e3q8)
2026-02-21 22:41:39,658 - ERROR - Error checking trade day: (pymysql.err.OperationalError) (2003, "Can't connect to MySQL server on 'localhost' ([Errno 61] Connection refused)")
(Background on this error at: https://sqlalche.me/e/20/e3q8)
2026-02-21 22:42:09,681 - ERROR - Error checking trade day: (pymysql.err.OperationalError) (2003, "Can't connect to MySQL server on 'localhost' ([Errno 61] Connection refused)")
(Background on this error at: https://sqlalche.me/e/20/e3q8)
2026-02-21 22:42:39,755 - ERROR - Error checking trade day: (pymysql.err.OperationalError) (2003, "Can't connect to MySQL server on 'localhost' ([Errno 61] Connection refused)")
(Background on this error at: https://sqlalche.me/e/20/e3q8)
2026-02-21 22:43:09,834 - ERROR - Error checking trade day: (pymysql.err.OperationalError) (2003, "Can't connect to MySQL server on 'localhost' ([Errno 61] Connection refused)")
(Background on this error at: https://sqlalche.me/e/20/e3q8)
2026-02-21 22:43:39,909 - ERROR - Error checking trade day: (pymysql.err.OperationalError) (2003, "Can't connect to MySQL server on 'localhost' ([Errno 61] Connection refused)")
(Background on this error at: https://sqlalche.me/e/20/e3q8)
2026-02-21 22:44:09,978 - ERROR - Error checking trade day: (pymysql.err.OperationalError) (2003, "Can't connect to MySQL server on 'localhost' ([Errno 61] Connection refused)")
(Background on this error at: https://sqlalche.me/e/20/e3q8)
2026-02-21 22:44:40,017 - ERROR - Error checking trade day: (pymysql.err.OperationalError) (2003, "Can't connect to MySQL server on 'localhost' ([Errno 61] Connection refused)")
(Background on this error at: https://sqlalche.me/e/20/e3q8)
2026-02-21 22:45:10,076 - ERROR - Error checking trade day: (pymysql.err.OperationalError) (2003, "Can't connect to MySQL server on 'localhost' ([Errno 61] Connection refused)")
(Background on this error at: https://sqlalche.me/e/20/e3q8)
2026-02-21 22:45:40,153 - ERROR - Error checking trade day: (pymysql.err.OperationalError) (2003, "Can't connect to MySQL server on 'localhost' ([Errno 61] Connection refused)")
(Background on this error at: https://sqlalche.me/e/20/e3q8)
2026-02-21 22:46:10,227 - ERROR - Error checking trade day: (pymysql.err.OperationalError) (2003, "Can't connect to MySQL server on 'localhost' ([Errno 61] Connection refused)")
(Background on this error at: https://sqlalche.me/e/20/e3q8)
2026-02-21 22:46:40,269 - ERROR - Error checking trade day: (pymysql.err.OperationalError) (2003, "Can't connect to MySQL server on 'localhost' ([Errno 61] Connection refused)")
(Background on this error at: https://sqlalche.me/e/20/e3q8)
2026-02-21 22:47:10,319 - ERROR - Error checking trade day: (pymysql.err.OperationalError) (2003, "Can't connect to MySQL server on 'localhost' ([Errno 61] Connection refused)")
(Background on this error at: https://sqlalche.me/e/20/e3q8)
2026-02-21 22:47:40,396 - ERROR - Error checking trade day: (pymysql.err.OperationalError) (2003, "Can't connect to MySQL server on 'localhost' ([Errno 61] Connection refused)")
(Background on this error at: https://sqlalche.me/e/20/e3q8)
2026-02-21 22:48:10,460 - ERROR - Error checking trade day: (pymysql.err.OperationalError) (2003, "Can't connect to MySQL server on 'localhost' ([Errno 61] Connection refused)")
(Background on this error at: https://sqlalche.me/e/20/e3q8)
2026-02-21 22:48:40,538 - ERROR - Error checking trade day: (pymysql.err.OperationalError) (2003, "Can't connect to MySQL server on 'localhost' ([Errno 61] Connection refused)")
(Background on this error at: https://sqlalche.me/e/20/e3q8)
2026-02-21 22:49:10,624 - ERROR - Error checking trade day: (pymysql.err.OperationalError) (2003, "Can't connect to MySQL server on 'localhost' ([Errno 61] Connection refused)")
(Background on this error at: https://sqlalche.me/e/20/e3q8)
2026-02-21 22:49:40,697 - ERROR - Error checking trade day: (pymysql.err.OperationalError) (2003, "Can't connect to MySQL server on 'localhost' ([Errno 61] Connection refused)")
(Background on this error at: https://sqlalche.me/e/20/e3q8)
2026-02-21 22:50:10,731 - ERROR - Error checking trade day: (pymysql.err.OperationalError) (2003, "Can't connect to MySQL server on 'localhost' ([Errno 61] Connection refused)")
(Background on this error at: https://sqlalche.me/e/20/e3q8)
2026-02-21 22:50:40,776 - ERROR - Error checking trade day: (pymysql.err.OperationalError) (2003, "Can't connect to MySQL server on 'localhost' ([Errno 61] Connection refused)")
(Background on this error at: https://sqlalche.me/e/20/e3q8)
2026-02-21 22:51:10,843 - ERROR - Error checking trade day: (pymysql.err.OperationalError) (2003, "Can't connect to MySQL server on 'localhost' ([Errno 61] Connection refused)")
(Background on this error at: https://sqlalche.me/e/20/e3q8)
2026-02-21 22:51:40,920 - ERROR - Error checking trade day: (pymysql.err.OperationalError) (2003, "Can't connect to MySQL server on 'localhost' ([Errno 61] Connection refused)")
(Background on this error at: https://sqlalche.me/e/20/e3q8)
2026-02-21 22:52:10,993 - ERROR - Error checking trade day: (pymysql.err.OperationalError) (2003, "Can't connect to MySQL server on 'localhost' ([Errno 61] Connection refused)")
(Background on this error at: https://sqlalche.me/e/20/e3q8)
2026-02-21 22:52:41,067 - ERROR - Error checking trade day: (pymysql.err.OperationalError) (2003, "Can't connect to MySQL server on 'localhost' ([Errno 61] Connection refused)")
(Background on this error at: https://sqlalche.me/e/20/e3q8)
2026-02-21 22:53:11,128 - ERROR - Error checking trade day: (pymysql.err.OperationalError) (2003, "Can't connect to MySQL server on 'localhost' ([Errno 61] Connection refused)")
(Background on this error at: https://sqlalche.me/e/20/e3q8)
2026-02-21 22:53:41,173 - ERROR - Error checking trade day: (pymysql.err.OperationalError) (2003, "Can't connect to MySQL server on 'localhost' ([Errno 61] Connection refused)")
(Background on this error at: https://sqlalche.me/e/20/e3q8)
2026-02-21 22:54:11,256 - ERROR - Error checking trade day: (pymysql.err.OperationalError) (2003, "Can't connect to MySQL server on 'localhost' ([Errno 61] Connection refused)")
(Background on this error at: https://sqlalche.me/e/20/e3q8)
2026-02-21 22:54:41,354 - ERROR - Error checking trade day: (pymysql.err.OperationalError) (2003, "Can't connect to MySQL server on 'localhost' ([Errno 61] Connection refused)")
(Background on this error at: https://sqlalche.me/e/20/e3q8)
2026-02-21 22:55:11,496 - ERROR - Error checking trade day: (pymysql.err.OperationalError) (2003, "Can't connect to MySQL server on 'localhost' ([Errno 61] Connection refused)")
(Background on this error at: https://sqlalche.me/e/20/e3q8)
2026-02-21 22:55:41,574 - ERROR - Error checking trade day: (pymysql.err.OperationalError) (2003, "Can't connect to MySQL server on 'localhost' ([Errno 61] Connection refused)")
(Background on this error at: https://sqlalche.me/e/20/e3q8)
2026-02-21 22:56:11,678 - ERROR - Error checking trade day: (pymysql.err.OperationalError) (2003, "Can't connect to MySQL server on 'localhost' ([Errno 61] Connection refused)")
(Background on this error at: https://sqlalche.me/e/20/e3q8)
2026-02-21 22:56:41,757 - ERROR - Error checking trade day: (pymysql.err.OperationalError) (2003, "Can't connect to MySQL server on 'localhost' ([Errno 61] Connection refused)")
(Background on this error at: https://sqlalche.me/e/20/e3q8)
2026-02-21 22:57:11,819 - ERROR - Error checking trade day: (pymysql.err.OperationalError) (2003, "Can't connect to MySQL server on 'localhost' ([Errno 61] Connection refused)")
(Background on this error at: https://sqlalche.me/e/20/e3q8)
2026-02-21 22:57:41,851 - ERROR - Error checking trade day: (pymysql.err.OperationalError) (2003, "Can't connect to MySQL server on 'localhost' ([Errno 61] Connection refused)")
(Background on this error at: https://sqlalche.me/e/20/e3q8)
2026-02-21 22:58:11,929 - ERROR - Error checking trade day: (pymysql.err.OperationalError) (2003, "Can't connect to MySQL server on 'localhost' ([Errno 61] Connection refused)")
(Background on this error at: https://sqlalche.me/e/20/e3q8)
2026-02-21 22:58:41,955 - ERROR - Error checking trade day: (pymysql.err.OperationalError) (2003, "Can't connect to MySQL server on 'localhost' ([Errno 61] Connection refused)")
(Background on this error at: https://sqlalche.me/e/20/e3q8)
2026-02-21 22:59:12,008 - ERROR - Error checking trade day: (pymysql.err.OperationalError) (2003, "Can't connect to MySQL server on 'localhost' ([Errno 61] Connection refused)")
(Background on this error at: https://sqlalche.me/e/20/e3q8)
2026-02-21 22:59:42,072 - ERROR - Error checking trade day: (pymysql.err.OperationalError) (2003, "Can't connect to MySQL server on 'localhost' ([Errno 61] Connection refused)")
(Background on this error at: https://sqlalche.me/e/20/e3q8)
2026-02-21 23:00:12,130 - ERROR - Error checking trade day: (pymysql.err.OperationalError) (2003, "Can't connect to MySQL server on 'localhost' ([Errno 61] Connection refused)")
(Background on this error at: https://sqlalche.me/e/20/e3q8)
2026-02-21 23:00:12,132 - INFO - 2026-02-21 is not a trading day. Idling...
2026-02-21 23:00:42,202 - ERROR - Error checking trade day: (pymysql.err.OperationalError) (2003, "Can't connect to MySQL server on 'localhost' ([Errno 61] Connection refused)")
(Background on this error at: https://sqlalche.me/e/20/e3q8)
2026-02-21 23:01:12,250 - ERROR - Error checking trade day: (pymysql.err.OperationalError) (2003, "Can't connect to MySQL server on 'localhost' ([Errno 61] Connection refused)")
(Background on this error at: https://sqlalche.me/e/20/e3q8)
2026-02-21 23:01:42,305 - ERROR - Error checking trade day: (pymysql.err.OperationalError) (2003, "Can't connect to MySQL server on 'localhost' ([Errno 61] Connection refused)")
(Background on this error at: https://sqlalche.me/e/20/e3q8)
2026-02-21 23:02:12,382 - ERROR - Error checking trade day: (pymysql.err.OperationalError) (2003, "Can't connect to MySQL server on 'localhost' ([Errno 61] Connection refused)")
(Background on this error at: https://sqlalche.me/e/20/e3q8)
2026-02-21 23:02:42,448 - ERROR - Error checking trade day: (pymysql.err.OperationalError) (2003, "Can't connect to MySQL server on 'localhost' ([Errno 61] Connection refused)")
(Background on this error at: https://sqlalche.me/e/20/e3q8)
2026-02-21 23:03:12,517 - ERROR - Error checking trade day: (pymysql.err.OperationalError) (2003, "Can't connect to MySQL server on 'localhost' ([Errno 61] Connection refused)")
(Background on this error at: https://sqlalche.me/e/20/e3q8)
2026-02-21 23:03:42,540 - ERROR - Error checking trade day: (pymysql.err.OperationalError) (2003, "Can't connect to MySQL server on 'localhost' ([Errno 61] Connection refused)")
(Background on this error at: https://sqlalche.me/e/20/e3q8)
2026-02-21 23:04:12,590 - ERROR - Error checking trade day: (pymysql.err.OperationalError) (2003, "Can't connect to MySQL server on 'localhost' ([Errno 61] Connection refused)")
(Background on this error at: https://sqlalche.me/e/20/e3q8)
2026-02-21 23:04:42,602 - ERROR - Error checking trade day: (pymysql.err.OperationalError) (2003, "Can't connect to MySQL server on 'localhost' ([Errno 61] Connection refused)")
(Background on this error at: https://sqlalche.me/e/20/e3q8)
2026-02-21 23:05:12,644 - ERROR - Error checking trade day: (pymysql.err.OperationalError) (2003, "Can't connect to MySQL server on 'localhost' ([Errno 61] Connection refused)")
(Background on this error at: https://sqlalche.me/e/20/e3q8)
2026-02-21 23:05:42,699 - ERROR - Error checking trade day: (pymysql.err.OperationalError) (2003, "Can't connect to MySQL server on 'localhost' ([Errno 61] Connection refused)")
(Background on this error at: https://sqlalche.me/e/20/e3q8)
2026-02-21 23:06:12,842 - ERROR - Error checking trade day: (pymysql.err.OperationalError) (2003, "Can't connect to MySQL server on 'localhost' ([Errno 61] Connection refused)")
(Background on this error at: https://sqlalche.me/e/20/e3q8)
2026-02-21 23:06:42,986 - ERROR - Error checking trade day: (pymysql.err.OperationalError) (2003, "Can't connect to MySQL server on 'localhost' ([Errno 61] Connection refused)")
(Background on this error at: https://sqlalche.me/e/20/e3q8)
2026-02-21 23:07:13,099 - ERROR - Error checking trade day: (pymysql.err.OperationalError) (2003, "Can't connect to MySQL server on 'localhost' ([Errno 61] Connection refused)")
(Background on this error at: https://sqlalche.me/e/20/e3q8)
2026-02-21 23:07:43,250 - ERROR - Error checking trade day: (pymysql.err.OperationalError) (2003, "Can't connect to MySQL server on 'localhost' ([Errno 61] Connection refused)")
(Background on this error at: https://sqlalche.me/e/20/e3q8)
2026-02-21 23:08:13,396 - ERROR - Error checking trade day: (pymysql.err.OperationalError) (2003, "Can't connect to MySQL server on 'localhost' ([Errno 61] Connection refused)")
(Background on this error at: https://sqlalche.me/e/20/e3q8)
2026-02-21 23:08:43,531 - ERROR - Error checking trade day: (pymysql.err.OperationalError) (2003, "Can't connect to MySQL server on 'localhost' ([Errno 61] Connection refused)")
(Background on this error at: https://sqlalche.me/e/20/e3q8)
2026-02-21 23:09:13,591 - ERROR - Error checking trade day: (pymysql.err.OperationalError) (2003, "Can't connect to MySQL server on 'localhost' ([Errno 61] Connection refused)")
(Background on this error at: https://sqlalche.me/e/20/e3q8)
2026-02-21 23:09:43,688 - ERROR - Error checking trade day: (pymysql.err.OperationalError) (2003, "Can't connect to MySQL server on 'localhost' ([Errno 61] Connection refused)")
(Background on this error at: https://sqlalche.me/e/20/e3q8)
2026-02-21 23:10:13,736 - ERROR - Error checking trade day: (pymysql.err.OperationalError) (2003, "Can't connect to MySQL server on 'localhost' ([Errno 61] Connection refused)")
(Background on this error at: https://sqlalche.me/e/20/e3q8)
2026-02-21 23:10:43,814 - ERROR - Error checking trade day: (pymysql.err.OperationalError) (2003, "Can't connect to MySQL server on 'localhost' ([Errno 61] Connection refused)")
(Background on this error at: https://sqlalche.me/e/20/e3q8)
2026-02-21 23:11:13,829 - ERROR - Error checking trade day: (pymysql.err.OperationalError) (2003, "Can't connect to MySQL server on 'localhost' ([Errno 61] Connection refused)")
(Background on this error at: https://sqlalche.me/e/20/e3q8)
2026-02-21 23:11:43,878 - ERROR - Error checking trade day: (pymysql.err.OperationalError) (2003, "Can't connect to MySQL server on 'localhost' ([Errno 61] Connection refused)")
(Background on this error at: https://sqlalche.me/e/20/e3q8)
2026-02-21 23:12:13,930 - ERROR - Error checking trade day: (pymysql.err.OperationalError) (2003, "Can't connect to MySQL server on 'localhost' ([Errno 61] Connection refused)")
(Background on this error at: https://sqlalche.me/e/20/e3q8)
2026-02-21 23:12:43,992 - ERROR - Error checking trade day: (pymysql.err.OperationalError) (2003, "Can't connect to MySQL server on 'localhost' ([Errno 61] Connection refused)")
(Background on this error at: https://sqlalche.me/e/20/e3q8)
2026-02-21 23:13:14,047 - ERROR - Error checking trade day: (pymysql.err.OperationalError) (2003, "Can't connect to MySQL server on 'localhost' ([Errno 61] Connection refused)")
(Background on this error at: https://sqlalche.me/e/20/e3q8)
2026-02-21 23:13:44,122 - ERROR - Error checking trade day: (pymysql.err.OperationalError) (2003, "Can't connect to MySQL server on 'localhost' ([Errno 61] Connection refused)")
(Background on this error at: https://sqlalche.me/e/20/e3q8)
2026-02-21 23:14:14,199 - ERROR - Error checking trade day: (pymysql.err.OperationalError) (2003, "Can't connect to MySQL server on 'localhost' ([Errno 61] Connection refused)")
(Background on this error at: https://sqlalche.me/e/20/e3q8)
2026-02-21 23:14:44,218 - ERROR - Error checking trade day: (pymysql.err.OperationalError) (2003, "Can't connect to MySQL server on 'localhost' ([Errno 61] Connection refused)")
(Background on this error at: https://sqlalche.me/e/20/e3q8)
2026-02-21 23:15:14,292 - ERROR - Error checking trade day: (pymysql.err.OperationalError) (2003, "Can't connect to MySQL server on 'localhost' ([Errno 61] Connection refused)")
(Background on this error at: https://sqlalche.me/e/20/e3q8)
2026-02-21 23:15:44,364 - ERROR - Error checking trade day: (pymysql.err.OperationalError) (2003, "Can't connect to MySQL server on 'localhost' ([Errno 61] Connection refused)")
(Background on this error at: https://sqlalche.me/e/20/e3q8)
2026-02-21 23:16:14,422 - ERROR - Error checking trade day: (pymysql.err.OperationalError) (2003, "Can't connect to MySQL server on 'localhost' ([Errno 61] Connection refused)")
(Background on this error at: https://sqlalche.me/e/20/e3q8)
2026-02-21 23:16:44,446 - ERROR - Error checking trade day: (pymysql.err.OperationalError) (2003, "Can't connect to MySQL server on 'localhost' ([Errno 61] Connection refused)")
(Background on this error at: https://sqlalche.me/e/20/e3q8)
2026-02-21 23:17:14,487 - ERROR - Error checking trade day: (pymysql.err.OperationalError) (2003, "Can't connect to MySQL server on 'localhost' ([Errno 61] Connection refused)")
(Background on this error at: https://sqlalche.me/e/20/e3q8)
2026-02-21 23:17:44,565 - ERROR - Error checking trade day: (pymysql.err.OperationalError) (2003, "Can't connect to MySQL server on 'localhost' ([Errno 61] Connection refused)")
(Background on this error at: https://sqlalche.me/e/20/e3q8)
2026-02-21 23:18:14,595 - ERROR - Error checking trade day: (pymysql.err.OperationalError) (2003, "Can't connect to MySQL server on 'localhost' ([Errno 61] Connection refused)")
(Background on this error at: https://sqlalche.me/e/20/e3q8)
2026-02-21 23:18:44,668 - ERROR - Error checking trade day: (pymysql.err.OperationalError) (2003, "Can't connect to MySQL server on 'localhost' ([Errno 61] Connection refused)")
(Background on this error at: https://sqlalche.me/e/20/e3q8)
2026-02-21 23:19:14,742 - ERROR - Error checking trade day: (pymysql.err.OperationalError) (2003, "Can't connect to MySQL server on 'localhost' ([Errno 61] Connection refused)")
(Background on this error at: https://sqlalche.me/e/20/e3q8)
2026-02-21 23:19:44,800 - ERROR - Error checking trade day: (pymysql.err.OperationalError) (2003, "Can't connect to MySQL server on 'localhost' ([Errno 61] Connection refused)")
(Background on this error at: https://sqlalche.me/e/20/e3q8)
2026-02-21 23:20:14,873 - ERROR - Error checking trade day: (pymysql.err.OperationalError) (2003, "Can't connect to MySQL server on 'localhost' ([Errno 61] Connection refused)")
(Background on this error at: https://sqlalche.me/e/20/e3q8)
2026-02-21 23:20:44,914 - ERROR - Error checking trade day: (pymysql.err.OperationalError) (2003, "Can't connect to MySQL server on 'localhost' ([Errno 61] Connection refused)")
(Background on this error at: https://sqlalche.me/e/20/e3q8)
2026-02-21 23:21:14,983 - ERROR - Error checking trade day: (pymysql.err.OperationalError) (2003, "Can't connect to MySQL server on 'localhost' ([Errno 61] Connection refused)")
(Background on this error at: https://sqlalche.me/e/20/e3q8)
2026-02-21 23:21:45,054 - ERROR - Error checking trade day: (pymysql.err.OperationalError) (2003, "Can't connect to MySQL server on 'localhost' ([Errno 61] Connection refused)")
(Background on this error at: https://sqlalche.me/e/20/e3q8)
2026-02-21 23:22:15,114 - ERROR - Error checking trade day: (pymysql.err.OperationalError) (2003, "Can't connect to MySQL server on 'localhost' ([Errno 61] Connection refused)")
(Background on this error at: https://sqlalche.me/e/20/e3q8)
2026-02-21 23:22:45,151 - ERROR - Error checking trade day: (pymysql.err.OperationalError) (2003, "Can't connect to MySQL server on 'localhost' ([Errno 61] Connection refused)")
(Background on this error at: https://sqlalche.me/e/20/e3q8)
2026-02-21 23:23:15,229 - ERROR - Error checking trade day: (pymysql.err.OperationalError) (2003, "Can't connect to MySQL server on 'localhost' ([Errno 61] Connection refused)")
(Background on this error at: https://sqlalche.me/e/20/e3q8)
2026-02-21 23:23:45,305 - ERROR - Error checking trade day: (pymysql.err.OperationalError) (2003, "Can't connect to MySQL server on 'localhost' ([Errno 61] Connection refused)")
(Background on this error at: https://sqlalche.me/e/20/e3q8)
2026-02-21 23:24:15,367 - ERROR - Error checking trade day: (pymysql.err.OperationalError) (2003, "Can't connect to MySQL server on 'localhost' ([Errno 61] Connection refused)")
(Background on this error at: https://sqlalche.me/e/20/e3q8)
2026-02-21 23:24:45,446 - ERROR - Error checking trade day: (pymysql.err.OperationalError) (2003, "Can't connect to MySQL server on 'localhost' ([Errno 61] Connection refused)")
(Background on this error at: https://sqlalche.me/e/20/e3q8)
2026-02-21 23:25:15,473 - ERROR - Error checking trade day: (pymysql.err.OperationalError) (2003, "Can't connect to MySQL server on 'localhost' ([Errno 61] Connection refused)")
(Background on this error at: https://sqlalche.me/e/20/e3q8)
2026-02-21 23:25:45,587 - ERROR - Error checking trade day: (pymysql.err.OperationalError) (2003, "Can't connect to MySQL server on 'localhost' ([Errno 61] Connection refused)")
(Background on this error at: https://sqlalche.me/e/20/e3q8)
2026-02-21 23:26:15,615 - ERROR - Error checking trade day: (pymysql.err.OperationalError) (2003, "Can't connect to MySQL server on 'localhost' ([Errno 61] Connection refused)")
(Background on this error at: https://sqlalche.me/e/20/e3q8)
2026-02-21 23:26:45,716 - ERROR - Error checking trade day: (pymysql.err.OperationalError) (2003, "Can't connect to MySQL server on 'localhost' ([Errno 61] Connection refused)")
(Background on this error at: https://sqlalche.me/e/20/e3q8)
2026-02-21 23:27:15,838 - ERROR - Error checking trade day: (pymysql.err.OperationalError) (2003, "Can't connect to MySQL server on 'localhost' ([Errno 61] Connection refused)")
(Background on this error at: https://sqlalche.me/e/20/e3q8)
2026-02-21 23:27:45,953 - ERROR - Error checking trade day: (pymysql.err.OperationalError) (2003, "Can't connect to MySQL server on 'localhost' ([Errno 61] Connection refused)")
(Background on this error at: https://sqlalche.me/e/20/e3q8)
2026-02-21 23:28:16,028 - ERROR - Error checking trade day: (pymysql.err.OperationalError) (2003, "Can't connect to MySQL server on 'localhost' ([Errno 61] Connection refused)")
(Background on this error at: https://sqlalche.me/e/20/e3q8)
2026-02-21 23:28:46,089 - ERROR - Error checking trade day: (pymysql.err.OperationalError) (2003, "Can't connect to MySQL server on 'localhost' ([Errno 61] Connection refused)")
(Background on this error at: https://sqlalche.me/e/20/e3q8)
2026-02-21 23:29:16,168 - ERROR - Error checking trade day: (pymysql.err.OperationalError) (2003, "Can't connect to MySQL server on 'localhost' ([Errno 61] Connection refused)")
(Background on this error at: https://sqlalche.me/e/20/e3q8)
2026-02-21 23:29:46,217 - ERROR - Error checking trade day: (pymysql.err.OperationalError) (2003, "Can't connect to MySQL server on 'localhost' ([Errno 61] Connection refused)")
(Background on this error at: https://sqlalche.me/e/20/e3q8)
2026-02-21 23:30:16,225 - ERROR - Error checking trade day: (pymysql.err.OperationalError) (2003, "Can't connect to MySQL server on 'localhost' ([Errno 61] Connection refused)")
(Background on this error at: https://sqlalche.me/e/20/e3q8)
2026-02-21 23:30:46,293 - ERROR - Error checking trade day: (pymysql.err.OperationalError) (2003, "Can't connect to MySQL server on 'localhost' ([Errno 61] Connection refused)")
(Background on this error at: https://sqlalche.me/e/20/e3q8)
2026-02-21 23:31:16,337 - ERROR - Error checking trade day: (pymysql.err.OperationalError) (2003, "Can't connect to MySQL server on 'localhost' ([Errno 61] Connection refused)")
(Background on this error at: https://sqlalche.me/e/20/e3q8)
2026-02-21 23:31:46,381 - ERROR - Error checking trade day: (pymysql.err.OperationalError) (2003, "Can't connect to MySQL server on 'localhost' ([Errno 61] Connection refused)")
(Background on this error at: https://sqlalche.me/e/20/e3q8)
2026-02-21 23:32:16,433 - ERROR - Error checking trade day: (pymysql.err.OperationalError) (2003, "Can't connect to MySQL server on 'localhost' ([Errno 61] Connection refused)")
(Background on this error at: https://sqlalche.me/e/20/e3q8)
2026-02-21 23:32:46,489 - ERROR - Error checking trade day: (pymysql.err.OperationalError) (2003, "Can't connect to MySQL server on 'localhost' ([Errno 61] Connection refused)")
(Background on this error at: https://sqlalche.me/e/20/e3q8)
2026-02-21 23:33:16,552 - ERROR - Error checking trade day: (pymysql.err.OperationalError) (2003, "Can't connect to MySQL server on 'localhost' ([Errno 61] Connection refused)")
(Background on this error at: https://sqlalche.me/e/20/e3q8)
2026-02-21 23:33:46,589 - ERROR - Error checking trade day: (pymysql.err.OperationalError) (2003, "Can't connect to MySQL server on 'localhost' ([Errno 61] Connection refused)")
(Background on this error at: https://sqlalche.me/e/20/e3q8)
2026-02-21 23:34:16,624 - ERROR - Error checking trade day: (pymysql.err.OperationalError) (2003, "Can't connect to MySQL server on 'localhost' ([Errno 61] Connection refused)")
(Background on this error at: https://sqlalche.me/e/20/e3q8)
2026-02-21 23:34:46,685 - ERROR - Error checking trade day: (pymysql.err.OperationalError) (2003, "Can't connect to MySQL server on 'localhost' ([Errno 61] Connection refused)")
(Background on this error at: https://sqlalche.me/e/20/e3q8)
2026-02-21 23:35:16,828 - ERROR - Error checking trade day: (pymysql.err.OperationalError) (2003, "Can't connect to MySQL server on 'localhost' ([Errno 61] Connection refused)")
(Background on this error at: https://sqlalche.me/e/20/e3q8)
2026-02-21 23:35:46,856 - ERROR - Error checking trade day: (pymysql.err.OperationalError) (2003, "Can't connect to MySQL server on 'localhost' ([Errno 61] Connection refused)")
(Background on this error at: https://sqlalche.me/e/20/e3q8)
2026-02-21 23:36:16,999 - ERROR - Error checking trade day: (pymysql.err.OperationalError) (2003, "Can't connect to MySQL server on 'localhost' ([Errno 61] Connection refused)")
(Background on this error at: https://sqlalche.me/e/20/e3q8)
2026-02-21 23:36:47,113 - ERROR - Error checking trade day: (pymysql.err.OperationalError) (2003, "Can't connect to MySQL server on 'localhost' ([Errno 61] Connection refused)")
(Background on this error at: https://sqlalche.me/e/20/e3q8)
2026-02-21 23:37:17,257 - ERROR - Error checking trade day: (pymysql.err.OperationalError) (2003, "Can't connect to MySQL server on 'localhost' ([Errno 61] Connection refused)")
(Background on this error at: https://sqlalche.me/e/20/e3q8)
2026-02-21 23:37:47,394 - ERROR - Error checking trade day: (pymysql.err.OperationalError) (2003, "Can't connect to MySQL server on 'localhost' ([Errno 61] Connection refused)")
(Background on this error at: https://sqlalche.me/e/20/e3q8)
2026-02-21 23:38:17,518 - ERROR - Error checking trade day: (pymysql.err.OperationalError) (2003, "Can't connect to MySQL server on 'localhost' ([Errno 61] Connection refused)")
(Background on this error at: https://sqlalche.me/e/20/e3q8)
2026-02-21 23:38:47,657 - ERROR - Error checking trade day: (pymysql.err.OperationalError) (2003, "Can't connect to MySQL server on 'localhost' ([Errno 61] Connection refused)")
(Background on this error at: https://sqlalche.me/e/20/e3q8)
2026-02-21 23:39:17,807 - ERROR - Error checking trade day: (pymysql.err.OperationalError) (2003, "Can't connect to MySQL server on 'localhost' ([Errno 61] Connection refused)")
(Background on this error at: https://sqlalche.me/e/20/e3q8)
2026-02-21 23:39:47,939 - ERROR - Error checking trade day: (pymysql.err.OperationalError) (2003, "Can't connect to MySQL server on 'localhost' ([Errno 61] Connection refused)")
(Background on this error at: https://sqlalche.me/e/20/e3q8)
2026-02-21 23:40:18,092 - ERROR - Error checking trade day: (pymysql.err.OperationalError) (2003, "Can't connect to MySQL server on 'localhost' ([Errno 61] Connection refused)")
(Background on this error at: https://sqlalche.me/e/20/e3q8)
2026-02-21 23:40:48,160 - ERROR - Error checking trade day: (pymysql.err.OperationalError) (2003, "Can't connect to MySQL server on 'localhost' ([Errno 61] Connection refused)")
(Background on this error at: https://sqlalche.me/e/20/e3q8)
2026-02-21 23:41:18,238 - ERROR - Error checking trade day: (pymysql.err.OperationalError) (2003, "Can't connect to MySQL server on 'localhost' ([Errno 61] Connection refused)")
(Background on this error at: https://sqlalche.me/e/20/e3q8)
2026-02-21 23:41:48,288 - ERROR - Error checking trade day: (pymysql.err.OperationalError) (2003, "Can't connect to MySQL server on 'localhost' ([Errno 61] Connection refused)")
(Background on this error at: https://sqlalche.me/e/20/e3q8)
2026-02-21 23:42:18,292 - ERROR - Error checking trade day: (pymysql.err.OperationalError) (2003, "Can't connect to MySQL server on 'localhost' ([Errno 61] Connection refused)")
(Background on this error at: https://sqlalche.me/e/20/e3q8)
2026-02-21 23:42:48,350 - ERROR - Error checking trade day: (pymysql.err.OperationalError) (2003, "Can't connect to MySQL server on 'localhost' ([Errno 61] Connection refused)")
(Background on this error at: https://sqlalche.me/e/20/e3q8)
2026-02-21 23:43:18,425 - ERROR - Error checking trade day: (pymysql.err.OperationalError) (2003, "Can't connect to MySQL server on 'localhost' ([Errno 61] Connection refused)")
(Background on this error at: https://sqlalche.me/e/20/e3q8)
2026-02-21 23:43:48,490 - ERROR - Error checking trade day: (pymysql.err.OperationalError) (2003, "Can't connect to MySQL server on 'localhost' ([Errno 61] Connection refused)")
(Background on this error at: https://sqlalche.me/e/20/e3q8)
2026-02-21 23:44:18,567 - ERROR - Error checking trade day: (pymysql.err.OperationalError) (2003, "Can't connect to MySQL server on 'localhost' ([Errno 61] Connection refused)")
(Background on this error at: https://sqlalche.me/e/20/e3q8)
2026-02-21 23:44:48,621 - ERROR - Error checking trade day: (pymysql.err.OperationalError) (2003, "Can't connect to MySQL server on 'localhost' ([Errno 61] Connection refused)")
(Background on this error at: https://sqlalche.me/e/20/e3q8)
2026-02-21 23:45:18,685 - ERROR - Error checking trade day: (pymysql.err.OperationalError) (2003, "Can't connect to MySQL server on 'localhost' ([Errno 61] Connection refused)")
(Background on this error at: https://sqlalche.me/e/20/e3q8)
2026-02-21 23:45:48,717 - ERROR - Error checking trade day: (pymysql.err.OperationalError) (2003, "Can't connect to MySQL server on 'localhost' ([Errno 61] Connection refused)")
(Background on this error at: https://sqlalche.me/e/20/e3q8)
2026-02-21 23:46:18,762 - ERROR - Error checking trade day: (pymysql.err.OperationalError) (2003, "Can't connect to MySQL server on 'localhost' ([Errno 61] Connection refused)")
(Background on this error at: https://sqlalche.me/e/20/e3q8)
2026-02-21 23:46:48,834 - ERROR - Error checking trade day: (pymysql.err.OperationalError) (2003, "Can't connect to MySQL server on 'localhost' ([Errno 61] Connection refused)")
(Background on this error at: https://sqlalche.me/e/20/e3q8)
2026-02-21 23:47:18,909 - ERROR - Error checking trade day: (pymysql.err.OperationalError) (2003, "Can't connect to MySQL server on 'localhost' ([Errno 61] Connection refused)")
(Background on this error at: https://sqlalche.me/e/20/e3q8)
2026-02-21 23:47:48,978 - ERROR - Error checking trade day: (pymysql.err.OperationalError) (2003, "Can't connect to MySQL server on 'localhost' ([Errno 61] Connection refused)")
(Background on this error at: https://sqlalche.me/e/20/e3q8)
2026-02-21 23:48:19,050 - ERROR - Error checking trade day: (pymysql.err.OperationalError) (2003, "Can't connect to MySQL server on 'localhost' ([Errno 61] Connection refused)")
(Background on this error at: https://sqlalche.me/e/20/e3q8)
2026-02-21 23:48:49,126 - ERROR - Error checking trade day: (pymysql.err.OperationalError) (2003, "Can't connect to MySQL server on 'localhost' ([Errno 61] Connection refused)")
(Background on this error at: https://sqlalche.me/e/20/e3q8)
2026-02-21 23:49:19,169 - ERROR - Error checking trade day: (pymysql.err.OperationalError) (2003, "Can't connect to MySQL server on 'localhost' ([Errno 61] Connection refused)")
(Background on this error at: https://sqlalche.me/e/20/e3q8)
2026-02-21 23:49:49,215 - ERROR - Error checking trade day: (pymysql.err.OperationalError) (2003, "Can't connect to MySQL server on 'localhost' ([Errno 61] Connection refused)")
(Background on this error at: https://sqlalche.me/e/20/e3q8)
2026-02-21 23:50:19,273 - ERROR - Error checking trade day: (pymysql.err.OperationalError) (2003, "Can't connect to MySQL server on 'localhost' ([Errno 61] Connection refused)")
(Background on this error at: https://sqlalche.me/e/20/e3q8)
2026-02-21 23:50:49,314 - ERROR - Error checking trade day: (pymysql.err.OperationalError) (2003, "Can't connect to MySQL server on 'localhost' ([Errno 61] Connection refused)")
(Background on this error at: https://sqlalche.me/e/20/e3q8)
2026-02-21 23:51:19,372 - ERROR - Error checking trade day: (pymysql.err.OperationalError) (2003, "Can't connect to MySQL server on 'localhost' ([Errno 61] Connection refused)")
(Background on this error at: https://sqlalche.me/e/20/e3q8)
2026-02-21 23:51:49,421 - ERROR - Error checking trade day: (pymysql.err.OperationalError) (2003, "Can't connect to MySQL server on 'localhost' ([Errno 61] Connection refused)")
(Background on this error at: https://sqlalche.me/e/20/e3q8)
2026-02-21 23:52:19,449 - ERROR - Error checking trade day: (pymysql.err.OperationalError) (2003, "Can't connect to MySQL server on 'localhost' ([Errno 61] Connection refused)")
(Background on this error at: https://sqlalche.me/e/20/e3q8)
2026-02-21 23:52:49,525 - ERROR - Error checking trade day: (pymysql.err.OperationalError) (2003, "Can't connect to MySQL server on 'localhost' ([Errno 61] Connection refused)")
(Background on this error at: https://sqlalche.me/e/20/e3q8)
2026-02-21 23:53:19,600 - ERROR - Error checking trade day: (pymysql.err.OperationalError) (2003, "Can't connect to MySQL server on 'localhost' ([Errno 61] Connection refused)")
(Background on this error at: https://sqlalche.me/e/20/e3q8)
2026-02-21 23:53:49,669 - ERROR - Error checking trade day: (pymysql.err.OperationalError) (2003, "Can't connect to MySQL server on 'localhost' ([Errno 61] Connection refused)")
(Background on this error at: https://sqlalche.me/e/20/e3q8)
2026-02-21 23:54:19,738 - ERROR - Error checking trade day: (pymysql.err.OperationalError) (2003, "Can't connect to MySQL server on 'localhost' ([Errno 61] Connection refused)")
(Background on this error at: https://sqlalche.me/e/20/e3q8)
2026-02-21 23:54:49,812 - ERROR - Error checking trade day: (pymysql.err.OperationalError) (2003, "Can't connect to MySQL server on 'localhost' ([Errno 61] Connection refused)")
(Background on this error at: https://sqlalche.me/e/20/e3q8)
2026-02-21 23:55:19,869 - ERROR - Error checking trade day: (pymysql.err.OperationalError) (2003, "Can't connect to MySQL server on 'localhost' ([Errno 61] Connection refused)")
(Background on this error at: https://sqlalche.me/e/20/e3q8)
2026-02-21 23:55:49,941 - ERROR - Error checking trade day: (pymysql.err.OperationalError) (2003, "Can't connect to MySQL server on 'localhost' ([Errno 61] Connection refused)")
(Background on this error at: https://sqlalche.me/e/20/e3q8)
2026-02-21 23:56:19,970 - ERROR - Error checking trade day: (pymysql.err.OperationalError) (2003, "Can't connect to MySQL server on 'localhost' ([Errno 61] Connection refused)")
(Background on this error at: https://sqlalche.me/e/20/e3q8)
2026-02-21 23:56:50,044 - ERROR - Error checking trade day: (pymysql.err.OperationalError) (2003, "Can't connect to MySQL server on 'localhost' ([Errno 61] Connection refused)")
(Background on this error at: https://sqlalche.me/e/20/e3q8)
2026-02-21 23:57:20,112 - ERROR - Error checking trade day: (pymysql.err.OperationalError) (2003, "Can't connect to MySQL server on 'localhost' ([Errno 61] Connection refused)")
(Background on this error at: https://sqlalche.me/e/20/e3q8)
2026-02-21 23:57:50,180 - ERROR - Error checking trade day: (pymysql.err.OperationalError) (2003, "Can't connect to MySQL server on 'localhost' ([Errno 61] Connection refused)")
(Background on this error at: https://sqlalche.me/e/20/e3q8)
2026-02-21 23:58:20,209 - ERROR - Error checking trade day: (pymysql.err.OperationalError) (2003, "Can't connect to MySQL server on 'localhost' ([Errno 61] Connection refused)")
(Background on this error at: https://sqlalche.me/e/20/e3q8)
2026-02-21 23:58:50,286 - ERROR - Error checking trade day: (pymysql.err.OperationalError) (2003, "Can't connect to MySQL server on 'localhost' ([Errno 61] Connection refused)")
(Background on this error at: https://sqlalche.me/e/20/e3q8)
2026-02-21 23:59:20,364 - ERROR - Error checking trade day: (pymysql.err.OperationalError) (2003, "Can't connect to MySQL server on 'localhost' ([Errno 61] Connection refused)")
(Background on this error at: https://sqlalche.me/e/20/e3q8)
2026-02-21 23:59:50,439 - ERROR - Error checking trade day: (pymysql.err.OperationalError) (2003, "Can't connect to MySQL server on 'localhost' ([Errno 61] Connection refused)")
(Background on this error at: https://sqlalche.me/e/20/e3q8)
2026-02-22 00:00:20,596 - ERROR - Error checking trade day: (pymysql.err.OperationalError) (2003, "Can't connect to MySQL server on 'localhost' ([Errno 61] Connection refused)")
(Background on this error at: https://sqlalche.me/e/20/e3q8)
2026-02-22 00:00:20,597 - INFO - 2026-02-22 is not a trading day. Idling...
2026-02-22 00:00:50,653 - ERROR - Error checking trade day: (pymysql.err.OperationalError) (2003, "Can't connect to MySQL server on 'localhost' ([Errno 61] Connection refused)")
(Background on this error at: https://sqlalche.me/e/20/e3q8)
2026-02-22 00:01:20,721 - ERROR - Error checking trade day: (pymysql.err.OperationalError) (2003, "Can't connect to MySQL server on 'localhost' ([Errno 61] Connection refused)")
(Background on this error at: https://sqlalche.me/e/20/e3q8)
2026-02-22 00:01:50,759 - ERROR - Error checking trade day: (pymysql.err.OperationalError) (2003, "Can't connect to MySQL server on 'localhost' ([Errno 61] Connection refused)")
(Background on this error at: https://sqlalche.me/e/20/e3q8)
2026-02-22 00:02:20,811 - ERROR - Error checking trade day: (pymysql.err.OperationalError) (2003, "Can't connect to MySQL server on 'localhost' ([Errno 61] Connection refused)")
(Background on this error at: https://sqlalche.me/e/20/e3q8)
2026-02-22 00:02:50,888 - ERROR - Error checking trade day: (pymysql.err.OperationalError) (2003, "Can't connect to MySQL server on 'localhost' ([Errno 61] Connection refused)")
(Background on this error at: https://sqlalche.me/e/20/e3q8)
2026-02-22 00:03:20,969 - ERROR - Error checking trade day: (pymysql.err.OperationalError) (2003, "Can't connect to MySQL server on 'localhost' ([Errno 61] Connection refused)")
(Background on this error at: https://sqlalche.me/e/20/e3q8)
2026-02-22 00:03:51,044 - ERROR - Error checking trade day: (pymysql.err.OperationalError) (2003, "Can't connect to MySQL server on 'localhost' ([Errno 61] Connection refused)")
(Background on this error at: https://sqlalche.me/e/20/e3q8)
2026-02-22 00:04:21,092 - ERROR - Error checking trade day: (pymysql.err.OperationalError) (2003, "Can't connect to MySQL server on 'localhost' ([Errno 61] Connection refused)")
(Background on this error at: https://sqlalche.me/e/20/e3q8)
2026-02-22 00:04:51,165 - ERROR - Error checking trade day: (pymysql.err.OperationalError) (2003, "Can't connect to MySQL server on 'localhost' ([Errno 61] Connection refused)")
(Background on this error at: https://sqlalche.me/e/20/e3q8)
2026-02-22 00:05:21,245 - ERROR - Error checking trade day: (pymysql.err.OperationalError) (2003, "Can't connect to MySQL server on 'localhost' ([Errno 61] Connection refused)")
(Background on this error at: https://sqlalche.me/e/20/e3q8)
2026-02-22 00:05:51,316 - ERROR - Error checking trade day: (pymysql.err.OperationalError) (2003, "Can't connect to MySQL server on 'localhost' ([Errno 61] Connection refused)")
(Background on this error at: https://sqlalche.me/e/20/e3q8)
2026-02-22 00:06:21,327 - ERROR - Error checking trade day: (pymysql.err.OperationalError) (2003, "Can't connect to MySQL server on 'localhost' ([Errno 61] Connection refused)")
(Background on this error at: https://sqlalche.me/e/20/e3q8)
2026-02-22 00:06:51,404 - ERROR - Error checking trade day: (pymysql.err.OperationalError) (2003, "Can't connect to MySQL server on 'localhost' ([Errno 61] Connection refused)")
(Background on this error at: https://sqlalche.me/e/20/e3q8)
2026-02-22 00:07:21,481 - ERROR - Error checking trade day: (pymysql.err.OperationalError) (2003, "Can't connect to MySQL server on 'localhost' ([Errno 61] Connection refused)")
(Background on this error at: https://sqlalche.me/e/20/e3q8)
2026-02-22 00:07:51,559 - ERROR - Error checking trade day: (pymysql.err.OperationalError) (2003, "Can't connect to MySQL server on 'localhost' ([Errno 61] Connection refused)")
(Background on this error at: https://sqlalche.me/e/20/e3q8)
2026-02-22 00:08:21,629 - ERROR - Error checking trade day: (pymysql.err.OperationalError) (2003, "Can't connect to MySQL server on 'localhost' ([Errno 61] Connection refused)")
(Background on this error at: https://sqlalche.me/e/20/e3q8)
2026-02-22 00:08:51,711 - ERROR - Error checking trade day: (pymysql.err.OperationalError) (2003, "Can't connect to MySQL server on 'localhost' ([Errno 61] Connection refused)")
(Background on this error at: https://sqlalche.me/e/20/e3q8)
2026-02-22 00:09:21,787 - ERROR - Error checking trade day: (pymysql.err.OperationalError) (2003, "Can't connect to MySQL server on 'localhost' ([Errno 61] Connection refused)")
(Background on this error at: https://sqlalche.me/e/20/e3q8)
2026-02-22 00:09:51,871 - ERROR - Error checking trade day: (pymysql.err.OperationalError) (2003, "Can't connect to MySQL server on 'localhost' ([Errno 61] Connection refused)")
(Background on this error at: https://sqlalche.me/e/20/e3q8)
2026-02-22 00:10:21,936 - ERROR - Error checking trade day: (pymysql.err.OperationalError) (2003, "Can't connect to MySQL server on 'localhost' ([Errno 61] Connection refused)")
(Background on this error at: https://sqlalche.me/e/20/e3q8)
2026-02-22 00:10:51,995 - ERROR - Error checking trade day: (pymysql.err.OperationalError) (2003, "Can't connect to MySQL server on 'localhost' ([Errno 61] Connection refused)")
(Background on this error at: https://sqlalche.me/e/20/e3q8)
2026-02-22 00:11:22,058 - ERROR - Error checking trade day: (pymysql.err.OperationalError) (2003, "Can't connect to MySQL server on 'localhost' ([Errno 61] Connection refused)")
(Background on this error at: https://sqlalche.me/e/20/e3q8)
2026-02-22 00:11:52,081 - ERROR - Error checking trade day: (pymysql.err.OperationalError) (2003, "Can't connect to MySQL server on 'localhost' ([Errno 61] Connection refused)")
(Background on this error at: https://sqlalche.me/e/20/e3q8)
2026-02-22 00:12:22,155 - ERROR - Error checking trade day: (pymysql.err.OperationalError) (2003, "Can't connect to MySQL server on 'localhost' ([Errno 61] Connection refused)")
(Background on this error at: https://sqlalche.me/e/20/e3q8)
2026-02-22 00:12:52,222 - ERROR - Error checking trade day: (pymysql.err.OperationalError) (2003, "Can't connect to MySQL server on 'localhost' ([Errno 61] Connection refused)")
(Background on this error at: https://sqlalche.me/e/20/e3q8)
2026-02-22 00:13:22,298 - ERROR - Error checking trade day: (pymysql.err.OperationalError) (2003, "Can't connect to MySQL server on 'localhost' ([Errno 61] Connection refused)")
(Background on this error at: https://sqlalche.me/e/20/e3q8)
2026-02-22 00:13:52,373 - ERROR - Error checking trade day: (pymysql.err.OperationalError) (2003, "Can't connect to MySQL server on 'localhost' ([Errno 61] Connection refused)")
(Background on this error at: https://sqlalche.me/e/20/e3q8)
2026-02-22 00:14:22,425 - ERROR - Error checking trade day: (pymysql.err.OperationalError) (2003, "Can't connect to MySQL server on 'localhost' ([Errno 61] Connection refused)")
(Background on this error at: https://sqlalche.me/e/20/e3q8)
2026-02-22 00:14:52,503 - ERROR - Error checking trade day: (pymysql.err.OperationalError) (2003, "Can't connect to MySQL server on 'localhost' ([Errno 61] Connection refused)")
(Background on this error at: https://sqlalche.me/e/20/e3q8)
2026-02-22 00:15:22,554 - ERROR - Error checking trade day: (pymysql.err.OperationalError) (2003, "Can't connect to MySQL server on 'localhost' ([Errno 61] Connection refused)")
(Background on this error at: https://sqlalche.me/e/20/e3q8)
2026-02-22 00:15:52,591 - ERROR - Error checking trade day: (pymysql.err.OperationalError) (2003, "Can't connect to MySQL server on 'localhost' ([Errno 61] Connection refused)")
(Background on this error at: https://sqlalche.me/e/20/e3q8)
2026-02-22 00:16:22,640 - ERROR - Error checking trade day: (pymysql.err.OperationalError) (2003, "Can't connect to MySQL server on 'localhost' ([Errno 61] Connection refused)")
(Background on this error at: https://sqlalche.me/e/20/e3q8)
2026-02-22 00:16:52,711 - ERROR - Error checking trade day: (pymysql.err.OperationalError) (2003, "Can't connect to MySQL server on 'localhost' ([Errno 61] Connection refused)")
(Background on this error at: https://sqlalche.me/e/20/e3q8)
2026-02-22 00:17:22,783 - ERROR - Error checking trade day: (pymysql.err.OperationalError) (2003, "Can't connect to MySQL server on 'localhost' ([Errno 61] Connection refused)")
(Background on this error at: https://sqlalche.me/e/20/e3q8)
2026-02-22 00:17:52,851 - ERROR - Error checking trade day: (pymysql.err.OperationalError) (2003, "Can't connect to MySQL server on 'localhost' ([Errno 61] Connection refused)")
(Background on this error at: https://sqlalche.me/e/20/e3q8)
2026-02-22 00:18:22,912 - ERROR - Error checking trade day: (pymysql.err.OperationalError) (2003, "Can't connect to MySQL server on 'localhost' ([Errno 61] Connection refused)")
(Background on this error at: https://sqlalche.me/e/20/e3q8)
2026-02-22 00:18:52,986 - ERROR - Error checking trade day: (pymysql.err.OperationalError) (2003, "Can't connect to MySQL server on 'localhost' ([Errno 61] Connection refused)")
(Background on this error at: https://sqlalche.me/e/20/e3q8)
2026-02-22 00:19:23,047 - ERROR - Error checking trade day: (pymysql.err.OperationalError) (2003, "Can't connect to MySQL server on 'localhost' ([Errno 61] Connection refused)")
(Background on this error at: https://sqlalche.me/e/20/e3q8)
2026-02-22 00:19:53,098 - ERROR - Error checking trade day: (pymysql.err.OperationalError) (2003, "Can't connect to MySQL server on 'localhost' ([Errno 61] Connection refused)")
(Background on this error at: https://sqlalche.me/e/20/e3q8)
2026-02-22 00:20:23,161 - ERROR - Error checking trade day: (pymysql.err.OperationalError) (2003, "Can't connect to MySQL server on 'localhost' ([Errno 61] Connection refused)")
(Background on this error at: https://sqlalche.me/e/20/e3q8)
2026-02-22 00:20:53,225 - ERROR - Error checking trade day: (pymysql.err.OperationalError) (2003, "Can't connect to MySQL server on 'localhost' ([Errno 61] Connection refused)")
(Background on this error at: https://sqlalche.me/e/20/e3q8)
2026-02-22 00:21:23,268 - ERROR - Error checking trade day: (pymysql.err.OperationalError) (2003, "Can't connect to MySQL server on 'localhost' ([Errno 61] Connection refused)")
(Background on this error at: https://sqlalche.me/e/20/e3q8)
2026-02-22 00:21:53,336 - ERROR - Error checking trade day: (pymysql.err.OperationalError) (2003, "Can't connect to MySQL server on 'localhost' ([Errno 61] Connection refused)")
(Background on this error at: https://sqlalche.me/e/20/e3q8)
2026-02-22 00:22:23,410 - ERROR - Error checking trade day: (pymysql.err.OperationalError) (2003, "Can't connect to MySQL server on 'localhost' ([Errno 61] Connection refused)")
(Background on this error at: https://sqlalche.me/e/20/e3q8)
2026-02-22 00:22:53,475 - ERROR - Error checking trade day: (pymysql.err.OperationalError) (2003, "Can't connect to MySQL server on 'localhost' ([Errno 61] Connection refused)")
(Background on this error at: https://sqlalche.me/e/20/e3q8)
2026-02-22 00:23:23,498 - ERROR - Error checking trade day: (pymysql.err.OperationalError) (2003, "Can't connect to MySQL server on 'localhost' ([Errno 61] Connection refused)")
(Background on this error at: https://sqlalche.me/e/20/e3q8)
2026-02-22 00:23:53,557 - ERROR - Error checking trade day: (pymysql.err.OperationalError) (2003, "Can't connect to MySQL server on 'localhost' ([Errno 61] Connection refused)")
(Background on this error at: https://sqlalche.me/e/20/e3q8)
2026-02-22 00:24:23,628 - ERROR - Error checking trade day: (pymysql.err.OperationalError) (2003, "Can't connect to MySQL server on 'localhost' ([Errno 61] Connection refused)")
(Background on this error at: https://sqlalche.me/e/20/e3q8)
2026-02-22 00:24:53,658 - ERROR - Error checking trade day: (pymysql.err.OperationalError) (2003, "Can't connect to MySQL server on 'localhost' ([Errno 61] Connection refused)")
(Background on this error at: https://sqlalche.me/e/20/e3q8)
2026-02-22 00:25:23,727 - ERROR - Error checking trade day: (pymysql.err.OperationalError) (2003, "Can't connect to MySQL server on 'localhost' ([Errno 61] Connection refused)")
(Background on this error at: https://sqlalche.me/e/20/e3q8)
2026-02-22 00:25:53,799 - ERROR - Error checking trade day: (pymysql.err.OperationalError) (2003, "Can't connect to MySQL server on 'localhost' ([Errno 61] Connection refused)")
(Background on this error at: https://sqlalche.me/e/20/e3q8)
2026-02-22 00:26:23,863 - ERROR - Error checking trade day: (pymysql.err.OperationalError) (2003, "Can't connect to MySQL server on 'localhost' ([Errno 61] Connection refused)")
(Background on this error at: https://sqlalche.me/e/20/e3q8)
2026-02-22 00:26:53,941 - ERROR - Error checking trade day: (pymysql.err.OperationalError) (2003, "Can't connect to MySQL server on 'localhost' ([Errno 61] Connection refused)")
(Background on this error at: https://sqlalche.me/e/20/e3q8)
2026-02-22 00:27:23,972 - ERROR - Error checking trade day: (pymysql.err.OperationalError) (2003, "Can't connect to MySQL server on 'localhost' ([Errno 61] Connection refused)")
(Background on this error at: https://sqlalche.me/e/20/e3q8)
2026-02-22 00:27:54,014 - ERROR - Error checking trade day: (pymysql.err.OperationalError) (2003, "Can't connect to MySQL server on 'localhost' ([Errno 61] Connection refused)")
(Background on this error at: https://sqlalche.me/e/20/e3q8)
2026-02-22 00:28:24,091 - ERROR - Error checking trade day: (pymysql.err.OperationalError) (2003, "Can't connect to MySQL server on 'localhost' ([Errno 61] Connection refused)")
(Background on this error at: https://sqlalche.me/e/20/e3q8)
2026-02-22 00:28:54,163 - ERROR - Error checking trade day: (pymysql.err.OperationalError) (2003, "Can't connect to MySQL server on 'localhost' ([Errno 61] Connection refused)")
(Background on this error at: https://sqlalche.me/e/20/e3q8)
2026-02-22 00:29:24,230 - ERROR - Error checking trade day: (pymysql.err.OperationalError) (2003, "Can't connect to MySQL server on 'localhost' ([Errno 61] Connection refused)")
(Background on this error at: https://sqlalche.me/e/20/e3q8)
2026-02-22 00:29:54,263 - ERROR - Error checking trade day: (pymysql.err.OperationalError) (2003, "Can't connect to MySQL server on 'localhost' ([Errno 61] Connection refused)")
(Background on this error at: https://sqlalche.me/e/20/e3q8)
2026-02-22 00:30:24,338 - ERROR - Error checking trade day: (pymysql.err.OperationalError) (2003, "Can't connect to MySQL server on 'localhost' ([Errno 61] Connection refused)")
(Background on this error at: https://sqlalche.me/e/20/e3q8)
2026-02-22 00:30:54,405 - ERROR - Error checking trade day: (pymysql.err.OperationalError) (2003, "Can't connect to MySQL server on 'localhost' ([Errno 61] Connection refused)")
(Background on this error at: https://sqlalche.me/e/20/e3q8)
2026-02-22 00:31:24,414 - ERROR - Error checking trade day: (pymysql.err.OperationalError) (2003, "Can't connect to MySQL server on 'localhost' ([Errno 61] Connection refused)")
(Background on this error at: https://sqlalche.me/e/20/e3q8)
2026-02-22 00:31:54,491 - ERROR - Error checking trade day: (pymysql.err.OperationalError) (2003, "Can't connect to MySQL server on 'localhost' ([Errno 61] Connection refused)")
(Background on this error at: https://sqlalche.me/e/20/e3q8)
2026-02-22 00:32:24,548 - ERROR - Error checking trade day: (pymysql.err.OperationalError) (2003, "Can't connect to MySQL server on 'localhost' ([Errno 61] Connection refused)")
(Background on this error at: https://sqlalche.me/e/20/e3q8)
2026-02-22 00:32:54,598 - ERROR - Error checking trade day: (pymysql.err.OperationalError) (2003, "Can't connect to MySQL server on 'localhost' ([Errno 61] Connection refused)")
(Background on this error at: https://sqlalche.me/e/20/e3q8)
2026-02-22 00:33:24,658 - ERROR - Error checking trade day: (pymysql.err.OperationalError) (2003, "Can't connect to MySQL server on 'localhost' ([Errno 61] Connection refused)")
(Background on this error at: https://sqlalche.me/e/20/e3q8)
2026-02-22 00:33:54,692 - ERROR - Error checking trade day: (pymysql.err.OperationalError) (2003, "Can't connect to MySQL server on 'localhost' ([Errno 61] Connection refused)")
(Background on this error at: https://sqlalche.me/e/20/e3q8)
2026-02-22 00:34:24,741 - ERROR - Error checking trade day: (pymysql.err.OperationalError) (2003, "Can't connect to MySQL server on 'localhost' ([Errno 61] Connection refused)")
(Background on this error at: https://sqlalche.me/e/20/e3q8)
2026-02-22 00:34:54,816 - ERROR - Error checking trade day: (pymysql.err.OperationalError) (2003, "Can't connect to MySQL server on 'localhost' ([Errno 61] Connection refused)")
(Background on this error at: https://sqlalche.me/e/20/e3q8)
2026-02-22 00:35:24,880 - ERROR - Error checking trade day: (pymysql.err.OperationalError) (2003, "Can't connect to MySQL server on 'localhost' ([Errno 61] Connection refused)")
(Background on this error at: https://sqlalche.me/e/20/e3q8)
2026-02-22 00:35:54,897 - ERROR - Error checking trade day: (pymysql.err.OperationalError) (2003, "Can't connect to MySQL server on 'localhost' ([Errno 61] Connection refused)")
(Background on this error at: https://sqlalche.me/e/20/e3q8)
2026-02-22 00:36:24,965 - ERROR - Error checking trade day: (pymysql.err.OperationalError) (2003, "Can't connect to MySQL server on 'localhost' ([Errno 61] Connection refused)")
(Background on this error at: https://sqlalche.me/e/20/e3q8)
2026-02-22 00:36:55,042 - ERROR - Error checking trade day: (pymysql.err.OperationalError) (2003, "Can't connect to MySQL server on 'localhost' ([Errno 61] Connection refused)")
(Background on this error at: https://sqlalche.me/e/20/e3q8)
2026-02-22 00:37:25,100 - ERROR - Error checking trade day: (pymysql.err.OperationalError) (2003, "Can't connect to MySQL server on 'localhost' ([Errno 61] Connection refused)")
(Background on this error at: https://sqlalche.me/e/20/e3q8)
2026-02-22 00:37:55,175 - ERROR - Error checking trade day: (pymysql.err.OperationalError) (2003, "Can't connect to MySQL server on 'localhost' ([Errno 61] Connection refused)")
(Background on this error at: https://sqlalche.me/e/20/e3q8)
2026-02-22 00:38:25,242 - ERROR - Error checking trade day: (pymysql.err.OperationalError) (2003, "Can't connect to MySQL server on 'localhost' ([Errno 61] Connection refused)")
(Background on this error at: https://sqlalche.me/e/20/e3q8)
2026-02-22 00:38:55,277 - ERROR - Error checking trade day: (pymysql.err.OperationalError) (2003, "Can't connect to MySQL server on 'localhost' ([Errno 61] Connection refused)")
(Background on this error at: https://sqlalche.me/e/20/e3q8)
2026-02-22 00:39:25,341 - ERROR - Error checking trade day: (pymysql.err.OperationalError) (2003, "Can't connect to MySQL server on 'localhost' ([Errno 61] Connection refused)")
(Background on this error at: https://sqlalche.me/e/20/e3q8)
2026-02-22 00:39:55,397 - ERROR - Error checking trade day: (pymysql.err.OperationalError) (2003, "Can't connect to MySQL server on 'localhost' ([Errno 61] Connection refused)")
(Background on this error at: https://sqlalche.me/e/20/e3q8)
2026-02-22 00:40:25,469 - ERROR - Error checking trade day: (pymysql.err.OperationalError) (2003, "Can't connect to MySQL server on 'localhost' ([Errno 61] Connection refused)")
(Background on this error at: https://sqlalche.me/e/20/e3q8)
2026-02-22 00:40:55,494 - ERROR - Error checking trade day: (pymysql.err.OperationalError) (2003, "Can't connect to MySQL server on 'localhost' ([Errno 61] Connection refused)")
(Background on this error at: https://sqlalche.me/e/20/e3q8)
2026-02-22 00:41:25,569 - ERROR - Error checking trade day: (pymysql.err.OperationalError) (2003, "Can't connect to MySQL server on 'localhost' ([Errno 61] Connection refused)")
(Background on this error at: https://sqlalche.me/e/20/e3q8)
2026-02-22 00:41:55,579 - ERROR - Error checking trade day: (pymysql.err.OperationalError) (2003, "Can't connect to MySQL server on 'localhost' ([Errno 61] Connection refused)")
(Background on this error at: https://sqlalche.me/e/20/e3q8)
2026-02-22 00:42:25,655 - ERROR - Error checking trade day: (pymysql.err.OperationalError) (2003, "Can't connect to MySQL server on 'localhost' ([Errno 61] Connection refused)")
(Background on this error at: https://sqlalche.me/e/20/e3q8)
2026-02-22 00:42:55,719 - ERROR - Error checking trade day: (pymysql.err.OperationalError) (2003, "Can't connect to MySQL server on 'localhost' ([Errno 61] Connection refused)")
(Background on this error at: https://sqlalche.me/e/20/e3q8)
2026-02-22 00:43:25,788 - ERROR - Error checking trade day: (pymysql.err.OperationalError) (2003, "Can't connect to MySQL server on 'localhost' ([Errno 61] Connection refused)")
(Background on this error at: https://sqlalche.me/e/20/e3q8)
2026-02-22 00:43:55,803 - ERROR - Error checking trade day: (pymysql.err.OperationalError) (2003, "Can't connect to MySQL server on 'localhost' ([Errno 61] Connection refused)")
(Background on this error at: https://sqlalche.me/e/20/e3q8)
2026-02-22 00:44:25,841 - ERROR - Error checking trade day: (pymysql.err.OperationalError) (2003, "Can't connect to MySQL server on 'localhost' ([Errno 61] Connection refused)")
(Background on this error at: https://sqlalche.me/e/20/e3q8)
2026-02-22 00:44:55,904 - ERROR - Error checking trade day: (pymysql.err.OperationalError) (2003, "Can't connect to MySQL server on 'localhost' ([Errno 61] Connection refused)")
(Background on this error at: https://sqlalche.me/e/20/e3q8)
2026-02-22 00:45:25,970 - ERROR - Error checking trade day: (pymysql.err.OperationalError) (2003, "Can't connect to MySQL server on 'localhost' ([Errno 61] Connection refused)")
(Background on this error at: https://sqlalche.me/e/20/e3q8)
2026-02-22 00:45:55,982 - ERROR - Error checking trade day: (pymysql.err.OperationalError) (2003, "Can't connect to MySQL server on 'localhost' ([Errno 61] Connection refused)")
(Background on this error at: https://sqlalche.me/e/20/e3q8)
2026-02-22 00:46:26,041 - ERROR - Error checking trade day: (pymysql.err.OperationalError) (2003, "Can't connect to MySQL server on 'localhost' ([Errno 61] Connection refused)")
(Background on this error at: https://sqlalche.me/e/20/e3q8)
2026-02-22 00:46:56,113 - ERROR - Error checking trade day: (pymysql.err.OperationalError) (2003, "Can't connect to MySQL server on 'localhost' ([Errno 61] Connection refused)")
(Background on this error at: https://sqlalche.me/e/20/e3q8)
2026-02-22 00:47:26,180 - ERROR - Error checking trade day: (pymysql.err.OperationalError) (2003, "Can't connect to MySQL server on 'localhost' ([Errno 61] Connection refused)")
(Background on this error at: https://sqlalche.me/e/20/e3q8)
2026-02-22 00:54:57,127 - ERROR - Error checking trade day: (pymysql.err.OperationalError) (2013, 'Lost connection to MySQL server during query')
[SQL: SELECT is_open FROM dim_trade_cal WHERE cal_date = %(date)s AND exchange = 'SSE']
[parameters: {'date': '20260222'}]
(Background on this error at: https://sqlalche.me/e/20/e3q8)
2026-02-22 00:55:27,182 - ERROR - Error checking trade day: (pymysql.err.OperationalError) (2003, "Can't connect to MySQL server on 'localhost' ([Errno 61] Connection refused)")
(Background on this error at: https://sqlalche.me/e/20/e3q8)
2026-02-22 00:55:57,254 - ERROR - Error checking trade day: (pymysql.err.OperationalError) (2003, "Can't connect to MySQL server on 'localhost' ([Errno 61] Connection refused)")
(Background on this error at: https://sqlalche.me/e/20/e3q8)
2026-02-22 00:56:27,306 - ERROR - Error checking trade day: (pymysql.err.OperationalError) (2003, "Can't connect to MySQL server on 'localhost' ([Errno 61] Connection refused)")
(Background on this error at: https://sqlalche.me/e/20/e3q8)
2026-02-22 00:56:57,368 - ERROR - Error checking trade day: (pymysql.err.OperationalError) (2003, "Can't connect to MySQL server on 'localhost' ([Errno 61] Connection refused)")
(Background on this error at: https://sqlalche.me/e/20/e3q8)
2026-02-22 00:57:27,445 - ERROR - Error checking trade day: (pymysql.err.OperationalError) (2003, "Can't connect to MySQL server on 'localhost' ([Errno 61] Connection refused)")
(Background on this error at: https://sqlalche.me/e/20/e3q8)
2026-02-22 00:57:57,519 - ERROR - Error checking trade day: (pymysql.err.OperationalError) (2003, "Can't connect to MySQL server on 'localhost' ([Errno 61] Connection refused)")
(Background on this error at: https://sqlalche.me/e/20/e3q8)
2026-02-22 00:59:57,674 - ERROR - Error checking trade day: (pymysql.err.OperationalError) (2013, 'Lost connection to MySQL server during query ([Errno 54] Connection reset by peer)')
[SQL: SELECT is_open FROM dim_trade_cal WHERE cal_date = %(date)s AND exchange = 'SSE']
[parameters: {'date': '20260222'}]
(Background on this error at: https://sqlalche.me/e/20/e3q8)
2026-02-22 01:00:27,682 - ERROR - Error checking trade day: (pymysql.err.OperationalError) (2003, "Can't connect to MySQL server on 'localhost' ([Errno 61] Connection refused)")
(Background on this error at: https://sqlalche.me/e/20/e3q8)
2026-02-22 01:00:27,683 - INFO - 2026-02-22 is not a trading day. Idling...
2026-02-22 01:00:57,735 - ERROR - Error checking trade day: (pymysql.err.OperationalError) (2003, "Can't connect to MySQL server on 'localhost' ([Errno 61] Connection refused)")
(Background on this error at: https://sqlalche.me/e/20/e3q8)
2026-02-22 01:01:27,790 - ERROR - Error checking trade day: (pymysql.err.OperationalError) (2003, "Can't connect to MySQL server on 'localhost' ([Errno 61] Connection refused)")
(Background on this error at: https://sqlalche.me/e/20/e3q8)
2026-02-22 01:01:57,832 - ERROR - Error checking trade day: (pymysql.err.OperationalError) (2003, "Can't connect to MySQL server on 'localhost' ([Errno 61] Connection refused)")
(Background on this error at: https://sqlalche.me/e/20/e3q8)
2026-02-22 01:02:27,890 - ERROR - Error checking trade day: (pymysql.err.OperationalError) (2003, "Can't connect to MySQL server on 'localhost' ([Errno 61] Connection refused)")
(Background on this error at: https://sqlalche.me/e/20/e3q8)
2026-02-22 01:02:57,947 - ERROR - Error checking trade day: (pymysql.err.OperationalError) (2003, "Can't connect to MySQL server on 'localhost' ([Errno 61] Connection refused)")
(Background on this error at: https://sqlalche.me/e/20/e3q8)
2026-02-22 01:03:28,009 - ERROR - Error checking trade day: (pymysql.err.OperationalError) (2003, "Can't connect to MySQL server on 'localhost' ([Errno 61] Connection refused)")
(Background on this error at: https://sqlalche.me/e/20/e3q8)
2026-02-22 01:03:58,084 - ERROR - Error checking trade day: (pymysql.err.OperationalError) (2003, "Can't connect to MySQL server on 'localhost' ([Errno 61] Connection refused)")
(Background on this error at: https://sqlalche.me/e/20/e3q8)
2026-02-22 01:04:28,152 - ERROR - Error checking trade day: (pymysql.err.OperationalError) (2003, "Can't connect to MySQL server on 'localhost' ([Errno 61] Connection refused)")
(Background on this error at: https://sqlalche.me/e/20/e3q8)
2026-02-22 01:04:58,254 - ERROR - Error checking trade day: (pymysql.err.OperationalError) (2003, "Can't connect to MySQL server on 'localhost' ([Errno 61] Connection refused)")
(Background on this error at: https://sqlalche.me/e/20/e3q8)
2026-02-22 01:05:28,397 - ERROR - Error checking trade day: (pymysql.err.OperationalError) (2003, "Can't connect to MySQL server on 'localhost' ([Errno 61] Connection refused)")
(Background on this error at: https://sqlalche.me/e/20/e3q8)
2026-02-22 01:05:58,547 - ERROR - Error checking trade day: (pymysql.err.OperationalError) (2003, "Can't connect to MySQL server on 'localhost' ([Errno 61] Connection refused)")
(Background on this error at: https://sqlalche.me/e/20/e3q8)
2026-02-22 01:06:28,699 - ERROR - Error checking trade day: (pymysql.err.OperationalError) (2003, "Can't connect to MySQL server on 'localhost' ([Errno 61] Connection refused)")
(Background on this error at: https://sqlalche.me/e/20/e3q8)
2026-02-22 01:06:58,849 - ERROR - Error checking trade day: (pymysql.err.OperationalError) (2003, "Can't connect to MySQL server on 'localhost' ([Errno 61] Connection refused)")
(Background on this error at: https://sqlalche.me/e/20/e3q8)
2026-02-22 01:07:28,948 - ERROR - Error checking trade day: (pymysql.err.OperationalError) (2003, "Can't connect to MySQL server on 'localhost' ([Errno 61] Connection refused)")
(Background on this error at: https://sqlalche.me/e/20/e3q8)
2026-02-22 01:07:59,101 - ERROR - Error checking trade day: (pymysql.err.OperationalError) (2003, "Can't connect to MySQL server on 'localhost' ([Errno 61] Connection refused)")
(Background on this error at: https://sqlalche.me/e/20/e3q8)
2026-02-22 01:08:29,254 - ERROR - Error checking trade day: (pymysql.err.OperationalError) (2003, "Can't connect to MySQL server on 'localhost' ([Errno 61] Connection refused)")
(Background on this error at: https://sqlalche.me/e/20/e3q8)
2026-02-22 01:08:59,400 - ERROR - Error checking trade day: (pymysql.err.OperationalError) (2003, "Can't connect to MySQL server on 'localhost' ([Errno 61] Connection refused)")
(Background on this error at: https://sqlalche.me/e/20/e3q8)
2026-02-22 01:09:29,552 - ERROR - Error checking trade day: (pymysql.err.OperationalError) (2003, "Can't connect to MySQL server on 'localhost' ([Errno 61] Connection refused)")
(Background on this error at: https://sqlalche.me/e/20/e3q8)
2026-02-22 01:09:59,606 - ERROR - Error checking trade day: (pymysql.err.OperationalError) (2003, "Can't connect to MySQL server on 'localhost' ([Errno 61] Connection refused)")
(Background on this error at: https://sqlalche.me/e/20/e3q8)
2026-02-22 01:10:29,749 - ERROR - Error checking trade day: (pymysql.err.OperationalError) (2003, "Can't connect to MySQL server on 'localhost' ([Errno 61] Connection refused)")
(Background on this error at: https://sqlalche.me/e/20/e3q8)
2026-02-22 01:10:59,897 - ERROR - Error checking trade day: (pymysql.err.OperationalError) (2003, "Can't connect to MySQL server on 'localhost' ([Errno 61] Connection refused)")
(Background on this error at: https://sqlalche.me/e/20/e3q8)
2026-02-22 01:11:30,018 - ERROR - Error checking trade day: (pymysql.err.OperationalError) (2003, "Can't connect to MySQL server on 'localhost' ([Errno 61] Connection refused)")
(Background on this error at: https://sqlalche.me/e/20/e3q8)
2026-02-22 01:12:00,167 - ERROR - Error checking trade day: (pymysql.err.OperationalError) (2003, "Can't connect to MySQL server on 'localhost' ([Errno 61] Connection refused)")
(Background on this error at: https://sqlalche.me/e/20/e3q8)
2026-02-22 01:12:30,318 - ERROR - Error checking trade day: (pymysql.err.OperationalError) (2003, "Can't connect to MySQL server on 'localhost' ([Errno 61] Connection refused)")
(Background on this error at: https://sqlalche.me/e/20/e3q8)
2026-02-22 01:13:00,465 - ERROR - Error checking trade day: (pymysql.err.OperationalError) (2003, "Can't connect to MySQL server on 'localhost' ([Errno 61] Connection refused)")
(Background on this error at: https://sqlalche.me/e/20/e3q8)
2026-02-22 01:13:30,583 - ERROR - Error checking trade day: (pymysql.err.OperationalError) (2003, "Can't connect to MySQL server on 'localhost' ([Errno 61] Connection refused)")
(Background on this error at: https://sqlalche.me/e/20/e3q8)
2026-02-22 01:14:00,728 - ERROR - Error checking trade day: (pymysql.err.OperationalError) (2003, "Can't connect to MySQL server on 'localhost' ([Errno 61] Connection refused)")
(Background on this error at: https://sqlalche.me/e/20/e3q8)
2026-02-22 01:14:30,865 - ERROR - Error checking trade day: (pymysql.err.OperationalError) (2003, "Can't connect to MySQL server on 'localhost' ([Errno 61] Connection refused)")
(Background on this error at: https://sqlalche.me/e/20/e3q8)
2026-02-22 01:15:00,997 - ERROR - Error checking trade day: (pymysql.err.OperationalError) (2003, "Can't connect to MySQL server on 'localhost' ([Errno 61] Connection refused)")
(Background on this error at: https://sqlalche.me/e/20/e3q8)
2026-02-22 01:15:31,110 - ERROR - Error checking trade day: (pymysql.err.OperationalError) (2003, "Can't connect to MySQL server on 'localhost' ([Errno 61] Connection refused)")
(Background on this error at: https://sqlalche.me/e/20/e3q8)
2026-02-22 01:16:01,257 - ERROR - Error checking trade day: (pymysql.err.OperationalError) (2003, "Can't connect to MySQL server on 'localhost' ([Errno 61] Connection refused)")
(Background on this error at: https://sqlalche.me/e/20/e3q8)
2026-02-22 01:16:31,389 - ERROR - Error checking trade day: (pymysql.err.OperationalError) (2003, "Can't connect to MySQL server on 'localhost' ([Errno 61] Connection refused)")
(Background on this error at: https://sqlalche.me/e/20/e3q8)
2026-02-22 01:17:01,540 - ERROR - Error checking trade day: (pymysql.err.OperationalError) (2003, "Can't connect to MySQL server on 'localhost' ([Errno 61] Connection refused)")
(Background on this error at: https://sqlalche.me/e/20/e3q8)
2026-02-22 01:17:31,640 - ERROR - Error checking trade day: (pymysql.err.OperationalError) (2003, "Can't connect to MySQL server on 'localhost' ([Errno 61] Connection refused)")
(Background on this error at: https://sqlalche.me/e/20/e3q8)
2026-02-22 01:18:01,727 - ERROR - Error checking trade day: (pymysql.err.OperationalError) (2003, "Can't connect to MySQL server on 'localhost' ([Errno 61] Connection refused)")
(Background on this error at: https://sqlalche.me/e/20/e3q8)
2026-02-22 01:18:31,877 - ERROR - Error checking trade day: (pymysql.err.OperationalError) (2003, "Can't connect to MySQL server on 'localhost' ([Errno 61] Connection refused)")
(Background on this error at: https://sqlalche.me/e/20/e3q8)
2026-02-22 01:19:02,029 - ERROR - Error checking trade day: (pymysql.err.OperationalError) (2003, "Can't connect to MySQL server on 'localhost' ([Errno 61] Connection refused)")
(Background on this error at: https://sqlalche.me/e/20/e3q8)
2026-02-22 01:19:32,181 - ERROR - Error checking trade day: (pymysql.err.OperationalError) (2003, "Can't connect to MySQL server on 'localhost' ([Errno 61] Connection refused)")
(Background on this error at: https://sqlalche.me/e/20/e3q8)
2026-02-22 01:20:02,333 - ERROR - Error checking trade day: (pymysql.err.OperationalError) (2003, "Can't connect to MySQL server on 'localhost' ([Errno 61] Connection refused)")
(Background on this error at: https://sqlalche.me/e/20/e3q8)
2026-02-22 01:20:32,445 - ERROR - Error checking trade day: (pymysql.err.OperationalError) (2003, "Can't connect to MySQL server on 'localhost' ([Errno 61] Connection refused)")
(Background on this error at: https://sqlalche.me/e/20/e3q8)
2026-02-22 01:21:02,585 - ERROR - Error checking trade day: (pymysql.err.OperationalError) (2003, "Can't connect to MySQL server on 'localhost' ([Errno 61] Connection refused)")
(Background on this error at: https://sqlalche.me/e/20/e3q8)
2026-02-22 01:21:32,736 - ERROR - Error checking trade day: (pymysql.err.OperationalError) (2003, "Can't connect to MySQL server on 'localhost' ([Errno 61] Connection refused)")
(Background on this error at: https://sqlalche.me/e/20/e3q8)
2026-02-22 01:22:02,883 - ERROR - Error checking trade day: (pymysql.err.OperationalError) (2003, "Can't connect to MySQL server on 'localhost' ([Errno 61] Connection refused)")
(Background on this error at: https://sqlalche.me/e/20/e3q8)
2026-02-22 01:22:32,980 - ERROR - Error checking trade day: (pymysql.err.OperationalError) (2003, "Can't connect to MySQL server on 'localhost' ([Errno 61] Connection refused)")
(Background on this error at: https://sqlalche.me/e/20/e3q8)
2026-02-22 01:23:03,131 - ERROR - Error checking trade day: (pymysql.err.OperationalError) (2003, "Can't connect to MySQL server on 'localhost' ([Errno 61] Connection refused)")
(Background on this error at: https://sqlalche.me/e/20/e3q8)
2026-02-22 01:23:33,144 - ERROR - Error checking trade day: (pymysql.err.OperationalError) (2003, "Can't connect to MySQL server on 'localhost' ([Errno 61] Connection refused)")
(Background on this error at: https://sqlalche.me/e/20/e3q8)
2026-02-22 01:24:03,178 - ERROR - Error checking trade day: (pymysql.err.OperationalError) (2003, "Can't connect to MySQL server on 'localhost' ([Errno 61] Connection refused)")
(Background on this error at: https://sqlalche.me/e/20/e3q8)
2026-02-22 01:24:33,328 - ERROR - Error checking trade day: (pymysql.err.OperationalError) (2003, "Can't connect to MySQL server on 'localhost' ([Errno 61] Connection refused)")
(Background on this error at: https://sqlalche.me/e/20/e3q8)
2026-02-22 01:25:03,444 - ERROR - Error checking trade day: (pymysql.err.OperationalError) (2003, "Can't connect to MySQL server on 'localhost' ([Errno 61] Connection refused)")
(Background on this error at: https://sqlalche.me/e/20/e3q8)
2026-02-22 01:25:33,586 - ERROR - Error checking trade day: (pymysql.err.OperationalError) (2003, "Can't connect to MySQL server on 'localhost' ([Errno 61] Connection refused)")
(Background on this error at: https://sqlalche.me/e/20/e3q8)
2026-02-22 01:26:03,736 - ERROR - Error checking trade day: (pymysql.err.OperationalError) (2003, "Can't connect to MySQL server on 'localhost' ([Errno 61] Connection refused)")
(Background on this error at: https://sqlalche.me/e/20/e3q8)
2026-02-22 01:26:33,743 - ERROR - Error checking trade day: (pymysql.err.OperationalError) (2003, "Can't connect to MySQL server on 'localhost' ([Errno 61] Connection refused)")
(Background on this error at: https://sqlalche.me/e/20/e3q8)
2026-02-22 01:27:03,883 - ERROR - Error checking trade day: (pymysql.err.OperationalError) (2003, "Can't connect to MySQL server on 'localhost' ([Errno 61] Connection refused)")
(Background on this error at: https://sqlalche.me/e/20/e3q8)
2026-02-22 01:27:34,015 - ERROR - Error checking trade day: (pymysql.err.OperationalError) (2003, "Can't connect to MySQL server on 'localhost' ([Errno 61] Connection refused)")
(Background on this error at: https://sqlalche.me/e/20/e3q8)
2026-02-22 01:28:04,164 - ERROR - Error checking trade day: (pymysql.err.OperationalError) (2003, "Can't connect to MySQL server on 'localhost' ([Errno 61] Connection refused)")
(Background on this error at: https://sqlalche.me/e/20/e3q8)
2026-02-22 01:28:34,315 - ERROR - Error checking trade day: (pymysql.err.OperationalError) (2003, "Can't connect to MySQL server on 'localhost' ([Errno 61] Connection refused)")
(Background on this error at: https://sqlalche.me/e/20/e3q8)
2026-02-22 01:29:04,454 - ERROR - Error checking trade day: (pymysql.err.OperationalError) (2003, "Can't connect to MySQL server on 'localhost' ([Errno 61] Connection refused)")
(Background on this error at: https://sqlalche.me/e/20/e3q8)
2026-02-22 01:29:34,595 - ERROR - Error checking trade day: (pymysql.err.OperationalError) (2003, "Can't connect to MySQL server on 'localhost' ([Errno 61] Connection refused)")
(Background on this error at: https://sqlalche.me/e/20/e3q8)
2026-02-22 01:30:04,742 - ERROR - Error checking trade day: (pymysql.err.OperationalError) (2003, "Can't connect to MySQL server on 'localhost' ([Errno 61] Connection refused)")
(Background on this error at: https://sqlalche.me/e/20/e3q8)
2026-02-22 01:30:34,878 - ERROR - Error checking trade day: (pymysql.err.OperationalError) (2003, "Can't connect to MySQL server on 'localhost' ([Errno 61] Connection refused)")
(Background on this error at: https://sqlalche.me/e/20/e3q8)
2026-02-22 01:31:05,020 - ERROR - Error checking trade day: (pymysql.err.OperationalError) (2003, "Can't connect to MySQL server on 'localhost' ([Errno 61] Connection refused)")
(Background on this error at: https://sqlalche.me/e/20/e3q8)
2026-02-22 01:31:35,087 - ERROR - Error checking trade day: (pymysql.err.OperationalError) (2003, "Can't connect to MySQL server on 'localhost' ([Errno 61] Connection refused)")
(Background on this error at: https://sqlalche.me/e/20/e3q8)
2026-02-22 01:32:05,199 - ERROR - Error checking trade day: (pymysql.err.OperationalError) (2003, "Can't connect to MySQL server on 'localhost' ([Errno 61] Connection refused)")
(Background on this error at: https://sqlalche.me/e/20/e3q8)
2026-02-22 01:32:35,340 - ERROR - Error checking trade day: (pymysql.err.OperationalError) (2003, "Can't connect to MySQL server on 'localhost' ([Errno 61] Connection refused)")
(Background on this error at: https://sqlalche.me/e/20/e3q8)
2026-02-22 01:33:05,480 - ERROR - Error checking trade day: (pymysql.err.OperationalError) (2003, "Can't connect to MySQL server on 'localhost' ([Errno 61] Connection refused)")
(Background on this error at: https://sqlalche.me/e/20/e3q8)
2026-02-22 01:33:35,621 - ERROR - Error checking trade day: (pymysql.err.OperationalError) (2003, "Can't connect to MySQL server on 'localhost' ([Errno 61] Connection refused)")
(Background on this error at: https://sqlalche.me/e/20/e3q8)
2026-02-22 01:34:05,744 - ERROR - Error checking trade day: (pymysql.err.OperationalError) (2003, "Can't connect to MySQL server on 'localhost' ([Errno 61] Connection refused)")
(Background on this error at: https://sqlalche.me/e/20/e3q8)
2026-02-22 01:34:35,893 - ERROR - Error checking trade day: (pymysql.err.OperationalError) (2003, "Can't connect to MySQL server on 'localhost' ([Errno 61] Connection refused)")
(Background on this error at: https://sqlalche.me/e/20/e3q8)
2026-02-22 01:35:06,043 - ERROR - Error checking trade day: (pymysql.err.OperationalError) (2003, "Can't connect to MySQL server on 'localhost' ([Errno 61] Connection refused)")
(Background on this error at: https://sqlalche.me/e/20/e3q8)
2026-02-22 01:35:36,137 - ERROR - Error checking trade day: (pymysql.err.OperationalError) (2003, "Can't connect to MySQL server on 'localhost' ([Errno 61] Connection refused)")
(Background on this error at: https://sqlalche.me/e/20/e3q8)
2026-02-22 01:36:06,286 - ERROR - Error checking trade day: (pymysql.err.OperationalError) (2003, "Can't connect to MySQL server on 'localhost' ([Errno 61] Connection refused)")
(Background on this error at: https://sqlalche.me/e/20/e3q8)
2026-02-22 01:36:36,436 - ERROR - Error checking trade day: (pymysql.err.OperationalError) (2003, "Can't connect to MySQL server on 'localhost' ([Errno 61] Connection refused)")
(Background on this error at: https://sqlalche.me/e/20/e3q8)
2026-02-22 01:37:06,583 - ERROR - Error checking trade day: (pymysql.err.OperationalError) (2003, "Can't connect to MySQL server on 'localhost' ([Errno 61] Connection refused)")
(Background on this error at: https://sqlalche.me/e/20/e3q8)
2026-02-22 01:37:36,736 - ERROR - Error checking trade day: (pymysql.err.OperationalError) (2003, "Can't connect to MySQL server on 'localhost' ([Errno 61] Connection refused)")
(Background on this error at: https://sqlalche.me/e/20/e3q8)
2026-02-22 01:38:06,882 - ERROR - Error checking trade day: (pymysql.err.OperationalError) (2003, "Can't connect to MySQL server on 'localhost' ([Errno 61] Connection refused)")
(Background on this error at: https://sqlalche.me/e/20/e3q8)
2026-02-22 01:38:37,022 - ERROR - Error checking trade day: (pymysql.err.OperationalError) (2003, "Can't connect to MySQL server on 'localhost' ([Errno 61] Connection refused)")
(Background on this error at: https://sqlalche.me/e/20/e3q8)
2026-02-22 01:39:07,161 - ERROR - Error checking trade day: (pymysql.err.OperationalError) (2003, "Can't connect to MySQL server on 'localhost' ([Errno 61] Connection refused)")
(Background on this error at: https://sqlalche.me/e/20/e3q8)
2026-02-22 01:39:37,307 - ERROR - Error checking trade day: (pymysql.err.OperationalError) (2003, "Can't connect to MySQL server on 'localhost' ([Errno 61] Connection refused)")
(Background on this error at: https://sqlalche.me/e/20/e3q8)
2026-02-22 01:40:07,441 - ERROR - Error checking trade day: (pymysql.err.OperationalError) (2003, "Can't connect to MySQL server on 'localhost' ([Errno 61] Connection refused)")
(Background on this error at: https://sqlalche.me/e/20/e3q8)
2026-02-22 01:40:37,576 - ERROR - Error checking trade day: (pymysql.err.OperationalError) (2003, "Can't connect to MySQL server on 'localhost' ([Errno 61] Connection refused)")
(Background on this error at: https://sqlalche.me/e/20/e3q8)
2026-02-22 01:41:07,726 - ERROR - Error checking trade day: (pymysql.err.OperationalError) (2003, "Can't connect to MySQL server on 'localhost' ([Errno 61] Connection refused)")
(Background on this error at: https://sqlalche.me/e/20/e3q8)
2026-02-22 01:41:37,851 - ERROR - Error checking trade day: (pymysql.err.OperationalError) (2003, "Can't connect to MySQL server on 'localhost' ([Errno 61] Connection refused)")
(Background on this error at: https://sqlalche.me/e/20/e3q8)
2026-02-22 01:42:07,998 - ERROR - Error checking trade day: (pymysql.err.OperationalError) (2003, "Can't connect to MySQL server on 'localhost' ([Errno 61] Connection refused)")
(Background on this error at: https://sqlalche.me/e/20/e3q8)
2026-02-22 01:42:38,145 - ERROR - Error checking trade day: (pymysql.err.OperationalError) (2003, "Can't connect to MySQL server on 'localhost' ([Errno 61] Connection refused)")
(Background on this error at: https://sqlalche.me/e/20/e3q8)
2026-02-22 01:43:08,282 - ERROR - Error checking trade day: (pymysql.err.OperationalError) (2003, "Can't connect to MySQL server on 'localhost' ([Errno 61] Connection refused)")
(Background on this error at: https://sqlalche.me/e/20/e3q8)
2026-02-22 01:43:38,424 - ERROR - Error checking trade day: (pymysql.err.OperationalError) (2003, "Can't connect to MySQL server on 'localhost' ([Errno 61] Connection refused)")
(Background on this error at: https://sqlalche.me/e/20/e3q8)
2026-02-22 01:44:08,566 - ERROR - Error checking trade day: (pymysql.err.OperationalError) (2003, "Can't connect to MySQL server on 'localhost' ([Errno 61] Connection refused)")
(Background on this error at: https://sqlalche.me/e/20/e3q8)
2026-02-22 01:44:38,695 - ERROR - Error checking trade day: (pymysql.err.OperationalError) (2003, "Can't connect to MySQL server on 'localhost' ([Errno 61] Connection refused)")
(Background on this error at: https://sqlalche.me/e/20/e3q8)
2026-02-22 01:45:08,831 - ERROR - Error checking trade day: (pymysql.err.OperationalError) (2003, "Can't connect to MySQL server on 'localhost' ([Errno 61] Connection refused)")
(Background on this error at: https://sqlalche.me/e/20/e3q8)
2026-02-22 01:45:38,960 - ERROR - Error checking trade day: (pymysql.err.OperationalError) (2003, "Can't connect to MySQL server on 'localhost' ([Errno 61] Connection refused)")
(Background on this error at: https://sqlalche.me/e/20/e3q8)
2026-02-22 01:46:09,056 - ERROR - Error checking trade day: (pymysql.err.OperationalError) (2003, "Can't connect to MySQL server on 'localhost' ([Errno 61] Connection refused)")
(Background on this error at: https://sqlalche.me/e/20/e3q8)
2026-02-22 01:46:39,194 - ERROR - Error checking trade day: (pymysql.err.OperationalError) (2003, "Can't connect to MySQL server on 'localhost' ([Errno 61] Connection refused)")
(Background on this error at: https://sqlalche.me/e/20/e3q8)
2026-02-22 01:47:09,347 - ERROR - Error checking trade day: (pymysql.err.OperationalError) (2003, "Can't connect to MySQL server on 'localhost' ([Errno 61] Connection refused)")
(Background on this error at: https://sqlalche.me/e/20/e3q8)
2026-02-22 01:47:39,416 - ERROR - Error checking trade day: (pymysql.err.OperationalError) (2003, "Can't connect to MySQL server on 'localhost' ([Errno 61] Connection refused)")
(Background on this error at: https://sqlalche.me/e/20/e3q8)
2026-02-22 01:48:09,546 - ERROR - Error checking trade day: (pymysql.err.OperationalError) (2003, "Can't connect to MySQL server on 'localhost' ([Errno 61] Connection refused)")
(Background on this error at: https://sqlalche.me/e/20/e3q8)
2026-02-22 01:48:39,694 - ERROR - Error checking trade day: (pymysql.err.OperationalError) (2003, "Can't connect to MySQL server on 'localhost' ([Errno 61] Connection refused)")
(Background on this error at: https://sqlalche.me/e/20/e3q8)
2026-02-22 01:49:09,829 - ERROR - Error checking trade day: (pymysql.err.OperationalError) (2003, "Can't connect to MySQL server on 'localhost' ([Errno 61] Connection refused)")
(Background on this error at: https://sqlalche.me/e/20/e3q8)
2026-02-22 01:49:39,974 - ERROR - Error checking trade day: (pymysql.err.OperationalError) (2003, "Can't connect to MySQL server on 'localhost' ([Errno 61] Connection refused)")
(Background on this error at: https://sqlalche.me/e/20/e3q8)
2026-02-22 01:50:10,127 - ERROR - Error checking trade day: (pymysql.err.OperationalError) (2003, "Can't connect to MySQL server on 'localhost' ([Errno 61] Connection refused)")
(Background on this error at: https://sqlalche.me/e/20/e3q8)
2026-02-22 01:50:40,247 - ERROR - Error checking trade day: (pymysql.err.OperationalError) (2003, "Can't connect to MySQL server on 'localhost' ([Errno 61] Connection refused)")
(Background on this error at: https://sqlalche.me/e/20/e3q8)
2026-02-22 01:51:10,377 - ERROR - Error checking trade day: (pymysql.err.OperationalError) (2003, "Can't connect to MySQL server on 'localhost' ([Errno 61] Connection refused)")
(Background on this error at: https://sqlalche.me/e/20/e3q8)
2026-02-22 01:51:40,513 - ERROR - Error checking trade day: (pymysql.err.OperationalError) (2003, "Can't connect to MySQL server on 'localhost' ([Errno 61] Connection refused)")
(Background on this error at: https://sqlalche.me/e/20/e3q8)
2026-02-22 01:52:10,651 - ERROR - Error checking trade day: (pymysql.err.OperationalError) (2003, "Can't connect to MySQL server on 'localhost' ([Errno 61] Connection refused)")
(Background on this error at: https://sqlalche.me/e/20/e3q8)
2026-02-22 01:52:40,802 - ERROR - Error checking trade day: (pymysql.err.OperationalError) (2003, "Can't connect to MySQL server on 'localhost' ([Errno 61] Connection refused)")
(Background on this error at: https://sqlalche.me/e/20/e3q8)
2026-02-22 01:53:10,931 - ERROR - Error checking trade day: (pymysql.err.OperationalError) (2003, "Can't connect to MySQL server on 'localhost' ([Errno 61] Connection refused)")
(Background on this error at: https://sqlalche.me/e/20/e3q8)
2026-02-22 01:53:41,052 - ERROR - Error checking trade day: (pymysql.err.OperationalError) (2003, "Can't connect to MySQL server on 'localhost' ([Errno 61] Connection refused)")
(Background on this error at: https://sqlalche.me/e/20/e3q8)
2026-02-22 01:54:11,204 - ERROR - Error checking trade day: (pymysql.err.OperationalError) (2003, "Can't connect to MySQL server on 'localhost' ([Errno 61] Connection refused)")
(Background on this error at: https://sqlalche.me/e/20/e3q8)
2026-02-22 01:54:41,305 - ERROR - Error checking trade day: (pymysql.err.OperationalError) (2003, "Can't connect to MySQL server on 'localhost' ([Errno 61] Connection refused)")
(Background on this error at: https://sqlalche.me/e/20/e3q8)
2026-02-22 01:55:11,457 - ERROR - Error checking trade day: (pymysql.err.OperationalError) (2003, "Can't connect to MySQL server on 'localhost' ([Errno 61] Connection refused)")
(Background on this error at: https://sqlalche.me/e/20/e3q8)
2026-02-22 01:55:41,606 - ERROR - Error checking trade day: (pymysql.err.OperationalError) (2003, "Can't connect to MySQL server on 'localhost' ([Errno 61] Connection refused)")
(Background on this error at: https://sqlalche.me/e/20/e3q8)
2026-02-22 01:56:11,751 - ERROR - Error checking trade day: (pymysql.err.OperationalError) (2003, "Can't connect to MySQL server on 'localhost' ([Errno 61] Connection refused)")
(Background on this error at: https://sqlalche.me/e/20/e3q8)
2026-02-22 01:56:41,899 - ERROR - Error checking trade day: (pymysql.err.OperationalError) (2003, "Can't connect to MySQL server on 'localhost' ([Errno 61] Connection refused)")
(Background on this error at: https://sqlalche.me/e/20/e3q8)
2026-02-22 01:57:12,012 - ERROR - Error checking trade day: (pymysql.err.OperationalError) (2003, "Can't connect to MySQL server on 'localhost' ([Errno 61] Connection refused)")
(Background on this error at: https://sqlalche.me/e/20/e3q8)
2026-02-22 01:57:42,097 - ERROR - Error checking trade day: (pymysql.err.OperationalError) (2003, "Can't connect to MySQL server on 'localhost' ([Errno 61] Connection refused)")
(Background on this error at: https://sqlalche.me/e/20/e3q8)
2026-02-22 01:58:12,132 - ERROR - Error checking trade day: (pymysql.err.OperationalError) (2003, "Can't connect to MySQL server on 'localhost' ([Errno 61] Connection refused)")
(Background on this error at: https://sqlalche.me/e/20/e3q8)
2026-02-22 01:58:42,253 - ERROR - Error checking trade day: (pymysql.err.OperationalError) (2003, "Can't connect to MySQL server on 'localhost' ([Errno 61] Connection refused)")
(Background on this error at: https://sqlalche.me/e/20/e3q8)
2026-02-22 01:59:12,404 - ERROR - Error checking trade day: (pymysql.err.OperationalError) (2003, "Can't connect to MySQL server on 'localhost' ([Errno 61] Connection refused)")
(Background on this error at: https://sqlalche.me/e/20/e3q8)
2026-02-22 01:59:42,545 - ERROR - Error checking trade day: (pymysql.err.OperationalError) (2003, "Can't connect to MySQL server on 'localhost' ([Errno 61] Connection refused)")
(Background on this error at: https://sqlalche.me/e/20/e3q8)
2026-02-22 02:00:12,672 - ERROR - Error checking trade day: (pymysql.err.OperationalError) (2003, "Can't connect to MySQL server on 'localhost' ([Errno 61] Connection refused)")
(Background on this error at: https://sqlalche.me/e/20/e3q8)
2026-02-22 02:00:12,672 - INFO - 2026-02-22 is not a trading day. Idling...
2026-02-22 02:00:42,824 - ERROR - Error checking trade day: (pymysql.err.OperationalError) (2003, "Can't connect to MySQL server on 'localhost' ([Errno 61] Connection refused)")
(Background on this error at: https://sqlalche.me/e/20/e3q8)
2026-02-22 02:01:12,973 - ERROR - Error checking trade day: (pymysql.err.OperationalError) (2003, "Can't connect to MySQL server on 'localhost' ([Errno 61] Connection refused)")
(Background on this error at: https://sqlalche.me/e/20/e3q8)
2026-02-22 02:01:43,025 - ERROR - Error checking trade day: (pymysql.err.OperationalError) (2003, "Can't connect to MySQL server on 'localhost' ([Errno 61] Connection refused)")
(Background on this error at: https://sqlalche.me/e/20/e3q8)
2026-02-22 02:02:13,154 - ERROR - Error checking trade day: (pymysql.err.OperationalError) (2003, "Can't connect to MySQL server on 'localhost' ([Errno 61] Connection refused)")
(Background on this error at: https://sqlalche.me/e/20/e3q8)
2026-02-22 02:02:43,250 - ERROR - Error checking trade day: (pymysql.err.OperationalError) (2003, "Can't connect to MySQL server on 'localhost' ([Errno 61] Connection refused)")
(Background on this error at: https://sqlalche.me/e/20/e3q8)
2026-02-22 02:03:13,402 - ERROR - Error checking trade day: (pymysql.err.OperationalError) (2003, "Can't connect to MySQL server on 'localhost' ([Errno 61] Connection refused)")
(Background on this error at: https://sqlalche.me/e/20/e3q8)
2026-02-22 02:03:43,553 - ERROR - Error checking trade day: (pymysql.err.OperationalError) (2003, "Can't connect to MySQL server on 'localhost' ([Errno 61] Connection refused)")
(Background on this error at: https://sqlalche.me/e/20/e3q8)
2026-02-22 02:04:13,623 - ERROR - Error checking trade day: (pymysql.err.OperationalError) (2003, "Can't connect to MySQL server on 'localhost' ([Errno 61] Connection refused)")
(Background on this error at: https://sqlalche.me/e/20/e3q8)
2026-02-22 02:04:43,754 - ERROR - Error checking trade day: (pymysql.err.OperationalError) (2003, "Can't connect to MySQL server on 'localhost' ([Errno 61] Connection refused)")
(Background on this error at: https://sqlalche.me/e/20/e3q8)
2026-02-22 02:05:13,884 - ERROR - Error checking trade day: (pymysql.err.OperationalError) (2003, "Can't connect to MySQL server on 'localhost' ([Errno 61] Connection refused)")
(Background on this error at: https://sqlalche.me/e/20/e3q8)
2026-02-22 02:05:43,924 - ERROR - Error checking trade day: (pymysql.err.OperationalError) (2003, "Can't connect to MySQL server on 'localhost' ([Errno 61] Connection refused)")
(Background on this error at: https://sqlalche.me/e/20/e3q8)
2026-02-22 02:06:14,068 - ERROR - Error checking trade day: (pymysql.err.OperationalError) (2003, "Can't connect to MySQL server on 'localhost' ([Errno 61] Connection refused)")
(Background on this error at: https://sqlalche.me/e/20/e3q8)
2026-02-22 02:06:44,190 - ERROR - Error checking trade day: (pymysql.err.OperationalError) (2003, "Can't connect to MySQL server on 'localhost' ([Errno 61] Connection refused)")
(Background on this error at: https://sqlalche.me/e/20/e3q8)
2026-02-22 02:07:14,330 - ERROR - Error checking trade day: (pymysql.err.OperationalError) (2003, "Can't connect to MySQL server on 'localhost' ([Errno 61] Connection refused)")
(Background on this error at: https://sqlalche.me/e/20/e3q8)
2026-02-22 02:07:44,477 - ERROR - Error checking trade day: (pymysql.err.OperationalError) (2003, "Can't connect to MySQL server on 'localhost' ([Errno 61] Connection refused)")
(Background on this error at: https://sqlalche.me/e/20/e3q8)
2026-02-22 02:08:14,624 - ERROR - Error checking trade day: (pymysql.err.OperationalError) (2003, "Can't connect to MySQL server on 'localhost' ([Errno 61] Connection refused)")
(Background on this error at: https://sqlalche.me/e/20/e3q8)
2026-02-22 02:08:44,749 - ERROR - Error checking trade day: (pymysql.err.OperationalError) (2003, "Can't connect to MySQL server on 'localhost' ([Errno 61] Connection refused)")
(Background on this error at: https://sqlalche.me/e/20/e3q8)
2026-02-22 02:09:14,882 - ERROR - Error checking trade day: (pymysql.err.OperationalError) (2003, "Can't connect to MySQL server on 'localhost' ([Errno 61] Connection refused)")
(Background on this error at: https://sqlalche.me/e/20/e3q8)
2026-02-22 02:09:45,009 - ERROR - Error checking trade day: (pymysql.err.OperationalError) (2003, "Can't connect to MySQL server on 'localhost' ([Errno 61] Connection refused)")
(Background on this error at: https://sqlalche.me/e/20/e3q8)
2026-02-22 02:10:15,097 - ERROR - Error checking trade day: (pymysql.err.OperationalError) (2003, "Can't connect to MySQL server on 'localhost' ([Errno 61] Connection refused)")
(Background on this error at: https://sqlalche.me/e/20/e3q8)
2026-02-22 02:10:45,238 - ERROR - Error checking trade day: (pymysql.err.OperationalError) (2003, "Can't connect to MySQL server on 'localhost' ([Errno 61] Connection refused)")
(Background on this error at: https://sqlalche.me/e/20/e3q8)
2026-02-22 02:11:15,357 - ERROR - Error checking trade day: (pymysql.err.OperationalError) (2003, "Can't connect to MySQL server on 'localhost' ([Errno 61] Connection refused)")
(Background on this error at: https://sqlalche.me/e/20/e3q8)
2026-02-22 02:11:45,442 - ERROR - Error checking trade day: (pymysql.err.OperationalError) (2003, "Can't connect to MySQL server on 'localhost' ([Errno 61] Connection refused)")
(Background on this error at: https://sqlalche.me/e/20/e3q8)
2026-02-22 02:12:15,588 - ERROR - Error checking trade day: (pymysql.err.OperationalError) (2003, "Can't connect to MySQL server on 'localhost' ([Errno 61] Connection refused)")
(Background on this error at: https://sqlalche.me/e/20/e3q8)
2026-02-22 02:12:45,710 - ERROR - Error checking trade day: (pymysql.err.OperationalError) (2003, "Can't connect to MySQL server on 'localhost' ([Errno 61] Connection refused)")
(Background on this error at: https://sqlalche.me/e/20/e3q8)
2026-02-22 02:13:15,858 - ERROR - Error checking trade day: (pymysql.err.OperationalError) (2003, "Can't connect to MySQL server on 'localhost' ([Errno 61] Connection refused)")
(Background on this error at: https://sqlalche.me/e/20/e3q8)
2026-02-22 02:13:46,010 - ERROR - Error checking trade day: (pymysql.err.OperationalError) (2003, "Can't connect to MySQL server on 'localhost' ([Errno 61] Connection refused)")
(Background on this error at: https://sqlalche.me/e/20/e3q8)
2026-02-22 02:14:16,161 - ERROR - Error checking trade day: (pymysql.err.OperationalError) (2003, "Can't connect to MySQL server on 'localhost' ([Errno 61] Connection refused)")
(Background on this error at: https://sqlalche.me/e/20/e3q8)
2026-02-22 02:14:46,246 - ERROR - Error checking trade day: (pymysql.err.OperationalError) (2003, "Can't connect to MySQL server on 'localhost' ([Errno 61] Connection refused)")
(Background on this error at: https://sqlalche.me/e/20/e3q8)
2026-02-22 02:15:16,395 - ERROR - Error checking trade day: (pymysql.err.OperationalError) (2003, "Can't connect to MySQL server on 'localhost' ([Errno 61] Connection refused)")
(Background on this error at: https://sqlalche.me/e/20/e3q8)
2026-02-22 02:15:46,548 - ERROR - Error checking trade day: (pymysql.err.OperationalError) (2003, "Can't connect to MySQL server on 'localhost' ([Errno 61] Connection refused)")
(Background on this error at: https://sqlalche.me/e/20/e3q8)
2026-02-22 02:16:16,692 - ERROR - Error checking trade day: (pymysql.err.OperationalError) (2003, "Can't connect to MySQL server on 'localhost' ([Errno 61] Connection refused)")
(Background on this error at: https://sqlalche.me/e/20/e3q8)
2026-02-22 02:16:46,810 - ERROR - Error checking trade day: (pymysql.err.OperationalError) (2003, "Can't connect to MySQL server on 'localhost' ([Errno 61] Connection refused)")
(Background on this error at: https://sqlalche.me/e/20/e3q8)
2026-02-22 02:17:16,932 - ERROR - Error checking trade day: (pymysql.err.OperationalError) (2003, "Can't connect to MySQL server on 'localhost' ([Errno 61] Connection refused)")
(Background on this error at: https://sqlalche.me/e/20/e3q8)
2026-02-22 02:17:47,061 - ERROR - Error checking trade day: (pymysql.err.OperationalError) (2003, "Can't connect to MySQL server on 'localhost' ([Errno 61] Connection refused)")
(Background on this error at: https://sqlalche.me/e/20/e3q8)
2026-02-22 02:18:17,202 - ERROR - Error checking trade day: (pymysql.err.OperationalError) (2003, "Can't connect to MySQL server on 'localhost' ([Errno 61] Connection refused)")
(Background on this error at: https://sqlalche.me/e/20/e3q8)
2026-02-22 02:18:47,353 - ERROR - Error checking trade day: (pymysql.err.OperationalError) (2003, "Can't connect to MySQL server on 'localhost' ([Errno 61] Connection refused)")
(Background on this error at: https://sqlalche.me/e/20/e3q8)
2026-02-22 02:19:17,493 - ERROR - Error checking trade day: (pymysql.err.OperationalError) (2003, "Can't connect to MySQL server on 'localhost' ([Errno 61] Connection refused)")
(Background on this error at: https://sqlalche.me/e/20/e3q8)
2026-02-22 02:19:47,646 - ERROR - Error checking trade day: (pymysql.err.OperationalError) (2003, "Can't connect to MySQL server on 'localhost' ([Errno 61] Connection refused)")
(Background on this error at: https://sqlalche.me/e/20/e3q8)
2026-02-22 02:20:17,785 - ERROR - Error checking trade day: (pymysql.err.OperationalError) (2003, "Can't connect to MySQL server on 'localhost' ([Errno 61] Connection refused)")
(Background on this error at: https://sqlalche.me/e/20/e3q8)
2026-02-22 02:20:47,902 - ERROR - Error checking trade day: (pymysql.err.OperationalError) (2003, "Can't connect to MySQL server on 'localhost' ([Errno 61] Connection refused)")
(Background on this error at: https://sqlalche.me/e/20/e3q8)
2026-02-22 02:21:18,054 - ERROR - Error checking trade day: (pymysql.err.OperationalError) (2003, "Can't connect to MySQL server on 'localhost' ([Errno 61] Connection refused)")
(Background on this error at: https://sqlalche.me/e/20/e3q8)
2026-02-22 02:21:48,189 - ERROR - Error checking trade day: (pymysql.err.OperationalError) (2003, "Can't connect to MySQL server on 'localhost' ([Errno 61] Connection refused)")
(Background on this error at: https://sqlalche.me/e/20/e3q8)
2026-02-22 02:22:18,330 - ERROR - Error checking trade day: (pymysql.err.OperationalError) (2003, "Can't connect to MySQL server on 'localhost' ([Errno 61] Connection refused)")
(Background on this error at: https://sqlalche.me/e/20/e3q8)
2026-02-22 02:22:48,474 - ERROR - Error checking trade day: (pymysql.err.OperationalError) (2003, "Can't connect to MySQL server on 'localhost' ([Errno 61] Connection refused)")
(Background on this error at: https://sqlalche.me/e/20/e3q8)
2026-02-22 02:23:18,565 - ERROR - Error checking trade day: (pymysql.err.OperationalError) (2003, "Can't connect to MySQL server on 'localhost' ([Errno 61] Connection refused)")
(Background on this error at: https://sqlalche.me/e/20/e3q8)
2026-02-22 02:23:48,696 - ERROR - Error checking trade day: (pymysql.err.OperationalError) (2003, "Can't connect to MySQL server on 'localhost' ([Errno 61] Connection refused)")
(Background on this error at: https://sqlalche.me/e/20/e3q8)
2026-02-22 02:24:18,802 - ERROR - Error checking trade day: (pymysql.err.OperationalError) (2003, "Can't connect to MySQL server on 'localhost' ([Errno 61] Connection refused)")
(Background on this error at: https://sqlalche.me/e/20/e3q8)
2026-02-22 02:24:48,941 - ERROR - Error checking trade day: (pymysql.err.OperationalError) (2003, "Can't connect to MySQL server on 'localhost' ([Errno 61] Connection refused)")
(Background on this error at: https://sqlalche.me/e/20/e3q8)
2026-02-22 02:25:19,092 - ERROR - Error checking trade day: (pymysql.err.OperationalError) (2003, "Can't connect to MySQL server on 'localhost' ([Errno 61] Connection refused)")
(Background on this error at: https://sqlalche.me/e/20/e3q8)
2026-02-22 02:25:49,233 - ERROR - Error checking trade day: (pymysql.err.OperationalError) (2003, "Can't connect to MySQL server on 'localhost' ([Errno 61] Connection refused)")
(Background on this error at: https://sqlalche.me/e/20/e3q8)
2026-02-22 02:26:19,383 - ERROR - Error checking trade day: (pymysql.err.OperationalError) (2003, "Can't connect to MySQL server on 'localhost' ([Errno 61] Connection refused)")
(Background on this error at: https://sqlalche.me/e/20/e3q8)
2026-02-22 02:26:49,517 - ERROR - Error checking trade day: (pymysql.err.OperationalError) (2003, "Can't connect to MySQL server on 'localhost' ([Errno 61] Connection refused)")
(Background on this error at: https://sqlalche.me/e/20/e3q8)
2026-02-22 02:27:19,647 - ERROR - Error checking trade day: (pymysql.err.OperationalError) (2003, "Can't connect to MySQL server on 'localhost' ([Errno 61] Connection refused)")
(Background on this error at: https://sqlalche.me/e/20/e3q8)
2026-02-22 02:27:49,799 - ERROR - Error checking trade day: (pymysql.err.OperationalError) (2003, "Can't connect to MySQL server on 'localhost' ([Errno 61] Connection refused)")
(Background on this error at: https://sqlalche.me/e/20/e3q8)
2026-02-22 02:28:19,951 - ERROR - Error checking trade day: (pymysql.err.OperationalError) (2003, "Can't connect to MySQL server on 'localhost' ([Errno 61] Connection refused)")
(Background on this error at: https://sqlalche.me/e/20/e3q8)
2026-02-22 02:28:50,094 - ERROR - Error checking trade day: (pymysql.err.OperationalError) (2003, "Can't connect to MySQL server on 'localhost' ([Errno 61] Connection refused)")
(Background on this error at: https://sqlalche.me/e/20/e3q8)
2026-02-22 02:29:20,228 - ERROR - Error checking trade day: (pymysql.err.OperationalError) (2003, "Can't connect to MySQL server on 'localhost' ([Errno 61] Connection refused)")
(Background on this error at: https://sqlalche.me/e/20/e3q8)
2026-02-22 02:29:50,363 - ERROR - Error checking trade day: (pymysql.err.OperationalError) (2003, "Can't connect to MySQL server on 'localhost' ([Errno 61] Connection refused)")
(Background on this error at: https://sqlalche.me/e/20/e3q8)
2026-02-22 02:30:20,511 - ERROR - Error checking trade day: (pymysql.err.OperationalError) (2003, "Can't connect to MySQL server on 'localhost' ([Errno 61] Connection refused)")
(Background on this error at: https://sqlalche.me/e/20/e3q8)
2026-02-22 02:30:50,647 - ERROR - Error checking trade day: (pymysql.err.OperationalError) (2003, "Can't connect to MySQL server on 'localhost' ([Errno 61] Connection refused)")
(Background on this error at: https://sqlalche.me/e/20/e3q8)
2026-02-22 02:31:20,784 - ERROR - Error checking trade day: (pymysql.err.OperationalError) (2003, "Can't connect to MySQL server on 'localhost' ([Errno 61] Connection refused)")
(Background on this error at: https://sqlalche.me/e/20/e3q8)
2026-02-22 02:31:50,897 - ERROR - Error checking trade day: (pymysql.err.OperationalError) (2003, "Can't connect to MySQL server on 'localhost' ([Errno 61] Connection refused)")
(Background on this error at: https://sqlalche.me/e/20/e3q8)
2026-02-22 02:32:21,019 - ERROR - Error checking trade day: (pymysql.err.OperationalError) (2003, "Can't connect to MySQL server on 'localhost' ([Errno 61] Connection refused)")
(Background on this error at: https://sqlalche.me/e/20/e3q8)
2026-02-22 02:32:51,165 - ERROR - Error checking trade day: (pymysql.err.OperationalError) (2003, "Can't connect to MySQL server on 'localhost' ([Errno 61] Connection refused)")
(Background on this error at: https://sqlalche.me/e/20/e3q8)
2026-02-22 02:33:21,312 - ERROR - Error checking trade day: (pymysql.err.OperationalError) (2003, "Can't connect to MySQL server on 'localhost' ([Errno 61] Connection refused)")
(Background on this error at: https://sqlalche.me/e/20/e3q8)
2026-02-22 02:33:51,464 - ERROR - Error checking trade day: (pymysql.err.OperationalError) (2003, "Can't connect to MySQL server on 'localhost' ([Errno 61] Connection refused)")
(Background on this error at: https://sqlalche.me/e/20/e3q8)
2026-02-22 02:34:21,611 - ERROR - Error checking trade day: (pymysql.err.OperationalError) (2003, "Can't connect to MySQL server on 'localhost' ([Errno 61] Connection refused)")
(Background on this error at: https://sqlalche.me/e/20/e3q8)
2026-02-22 02:34:51,697 - ERROR - Error checking trade day: (pymysql.err.OperationalError) (2003, "Can't connect to MySQL server on 'localhost' ([Errno 61] Connection refused)")
(Background on this error at: https://sqlalche.me/e/20/e3q8)
2026-02-22 02:35:21,847 - ERROR - Error checking trade day: (pymysql.err.OperationalError) (2003, "Can't connect to MySQL server on 'localhost' ([Errno 61] Connection refused)")
(Background on this error at: https://sqlalche.me/e/20/e3q8)
2026-02-22 02:35:51,994 - ERROR - Error checking trade day: (pymysql.err.OperationalError) (2003, "Can't connect to MySQL server on 'localhost' ([Errno 61] Connection refused)")
(Background on this error at: https://sqlalche.me/e/20/e3q8)
2026-02-22 02:36:22,147 - ERROR - Error checking trade day: (pymysql.err.OperationalError) (2003, "Can't connect to MySQL server on 'localhost' ([Errno 61] Connection refused)")
(Background on this error at: https://sqlalche.me/e/20/e3q8)
2026-02-22 02:36:52,292 - ERROR - Error checking trade day: (pymysql.err.OperationalError) (2003, "Can't connect to MySQL server on 'localhost' ([Errno 61] Connection refused)")
(Background on this error at: https://sqlalche.me/e/20/e3q8)
2026-02-22 02:37:22,444 - ERROR - Error checking trade day: (pymysql.err.OperationalError) (2003, "Can't connect to MySQL server on 'localhost' ([Errno 61] Connection refused)")
(Background on this error at: https://sqlalche.me/e/20/e3q8)
2026-02-22 02:37:52,532 - ERROR - Error checking trade day: (pymysql.err.OperationalError) (2003, "Can't connect to MySQL server on 'localhost' ([Errno 61] Connection refused)")
(Background on this error at: https://sqlalche.me/e/20/e3q8)
2026-02-22 02:38:22,663 - ERROR - Error checking trade day: (pymysql.err.OperationalError) (2003, "Can't connect to MySQL server on 'localhost' ([Errno 61] Connection refused)")
(Background on this error at: https://sqlalche.me/e/20/e3q8)
2026-02-22 02:38:52,810 - ERROR - Error checking trade day: (pymysql.err.OperationalError) (2003, "Can't connect to MySQL server on 'localhost' ([Errno 61] Connection refused)")
(Background on this error at: https://sqlalche.me/e/20/e3q8)
2026-02-22 02:39:22,961 - ERROR - Error checking trade day: (pymysql.err.OperationalError) (2003, "Can't connect to MySQL server on 'localhost' ([Errno 61] Connection refused)")
(Background on this error at: https://sqlalche.me/e/20/e3q8)
2026-02-22 02:39:53,085 - ERROR - Error checking trade day: (pymysql.err.OperationalError) (2003, "Can't connect to MySQL server on 'localhost' ([Errno 61] Connection refused)")
(Background on this error at: https://sqlalche.me/e/20/e3q8)
2026-02-22 02:40:23,222 - ERROR - Error checking trade day: (pymysql.err.OperationalError) (2003, "Can't connect to MySQL server on 'localhost' ([Errno 61] Connection refused)")
(Background on this error at: https://sqlalche.me/e/20/e3q8)
2026-02-22 02:40:53,372 - ERROR - Error checking trade day: (pymysql.err.OperationalError) (2003, "Can't connect to MySQL server on 'localhost' ([Errno 61] Connection refused)")
(Background on this error at: https://sqlalche.me/e/20/e3q8)
2026-02-22 02:41:23,467 - ERROR - Error checking trade day: (pymysql.err.OperationalError) (2003, "Can't connect to MySQL server on 'localhost' ([Errno 61] Connection refused)")
(Background on this error at: https://sqlalche.me/e/20/e3q8)
2026-02-22 02:41:53,617 - ERROR - Error checking trade day: (pymysql.err.OperationalError) (2003, "Can't connect to MySQL server on 'localhost' ([Errno 61] Connection refused)")
(Background on this error at: https://sqlalche.me/e/20/e3q8)
2026-02-22 02:42:23,761 - ERROR - Error checking trade day: (pymysql.err.OperationalError) (2003, "Can't connect to MySQL server on 'localhost' ([Errno 61] Connection refused)")
(Background on this error at: https://sqlalche.me/e/20/e3q8)
2026-02-22 02:42:53,905 - ERROR - Error checking trade day: (pymysql.err.OperationalError) (2003, "Can't connect to MySQL server on 'localhost' ([Errno 61] Connection refused)")
(Background on this error at: https://sqlalche.me/e/20/e3q8)
2026-02-22 02:43:24,034 - ERROR - Error checking trade day: (pymysql.err.OperationalError) (2003, "Can't connect to MySQL server on 'localhost' ([Errno 61] Connection refused)")
(Background on this error at: https://sqlalche.me/e/20/e3q8)
2026-02-22 02:43:54,167 - ERROR - Error checking trade day: (pymysql.err.OperationalError) (2003, "Can't connect to MySQL server on 'localhost' ([Errno 61] Connection refused)")
(Background on this error at: https://sqlalche.me/e/20/e3q8)
2026-02-22 02:44:24,315 - ERROR - Error checking trade day: (pymysql.err.OperationalError) (2003, "Can't connect to MySQL server on 'localhost' ([Errno 61] Connection refused)")
(Background on this error at: https://sqlalche.me/e/20/e3q8)
2026-02-22 02:44:54,433 - ERROR - Error checking trade day: (pymysql.err.OperationalError) (2003, "Can't connect to MySQL server on 'localhost' ([Errno 61] Connection refused)")
(Background on this error at: https://sqlalche.me/e/20/e3q8)
2026-02-22 02:45:24,567 - ERROR - Error checking trade day: (pymysql.err.OperationalError) (2003, "Can't connect to MySQL server on 'localhost' ([Errno 61] Connection refused)")
(Background on this error at: https://sqlalche.me/e/20/e3q8)
2026-02-22 02:45:54,632 - ERROR - Error checking trade day: (pymysql.err.OperationalError) (2003, "Can't connect to MySQL server on 'localhost' ([Errno 61] Connection refused)")
(Background on this error at: https://sqlalche.me/e/20/e3q8)
2026-02-22 02:46:24,748 - ERROR - Error checking trade day: (pymysql.err.OperationalError) (2003, "Can't connect to MySQL server on 'localhost' ([Errno 61] Connection refused)")
(Background on this error at: https://sqlalche.me/e/20/e3q8)
2026-02-22 02:46:54,899 - ERROR - Error checking trade day: (pymysql.err.OperationalError) (2003, "Can't connect to MySQL server on 'localhost' ([Errno 61] Connection refused)")
(Background on this error at: https://sqlalche.me/e/20/e3q8)
2026-02-22 02:47:25,050 - ERROR - Error checking trade day: (pymysql.err.OperationalError) (2003, "Can't connect to MySQL server on 'localhost' ([Errno 61] Connection refused)")
(Background on this error at: https://sqlalche.me/e/20/e3q8)
2026-02-22 02:47:55,196 - ERROR - Error checking trade day: (pymysql.err.OperationalError) (2003, "Can't connect to MySQL server on 'localhost' ([Errno 61] Connection refused)")
(Background on this error at: https://sqlalche.me/e/20/e3q8)
2026-02-22 02:48:25,331 - ERROR - Error checking trade day: (pymysql.err.OperationalError) (2003, "Can't connect to MySQL server on 'localhost' ([Errno 61] Connection refused)")
(Background on this error at: https://sqlalche.me/e/20/e3q8)
2026-02-22 02:48:55,478 - ERROR - Error checking trade day: (pymysql.err.OperationalError) (2003, "Can't connect to MySQL server on 'localhost' ([Errno 61] Connection refused)")
(Background on this error at: https://sqlalche.me/e/20/e3q8)
2026-02-22 02:49:25,625 - ERROR - Error checking trade day: (pymysql.err.OperationalError) (2003, "Can't connect to MySQL server on 'localhost' ([Errno 61] Connection refused)")
(Background on this error at: https://sqlalche.me/e/20/e3q8)
2026-02-22 02:49:55,727 - ERROR - Error checking trade day: (pymysql.err.OperationalError) (2003, "Can't connect to MySQL server on 'localhost' ([Errno 61] Connection refused)")
(Background on this error at: https://sqlalche.me/e/20/e3q8)
2026-02-22 02:50:25,867 - ERROR - Error checking trade day: (pymysql.err.OperationalError) (2003, "Can't connect to MySQL server on 'localhost' ([Errno 61] Connection refused)")
(Background on this error at: https://sqlalche.me/e/20/e3q8)
2026-02-22 02:50:56,012 - ERROR - Error checking trade day: (pymysql.err.OperationalError) (2003, "Can't connect to MySQL server on 'localhost' ([Errno 61] Connection refused)")
(Background on this error at: https://sqlalche.me/e/20/e3q8)
2026-02-22 02:51:26,140 - ERROR - Error checking trade day: (pymysql.err.OperationalError) (2003, "Can't connect to MySQL server on 'localhost' ([Errno 61] Connection refused)")
(Background on this error at: https://sqlalche.me/e/20/e3q8)
2026-02-22 02:51:56,264 - ERROR - Error checking trade day: (pymysql.err.OperationalError) (2003, "Can't connect to MySQL server on 'localhost' ([Errno 61] Connection refused)")
(Background on this error at: https://sqlalche.me/e/20/e3q8)
2026-02-22 02:52:26,405 - ERROR - Error checking trade day: (pymysql.err.OperationalError) (2003, "Can't connect to MySQL server on 'localhost' ([Errno 61] Connection refused)")
(Background on this error at: https://sqlalche.me/e/20/e3q8)
2026-02-22 02:52:56,543 - ERROR - Error checking trade day: (pymysql.err.OperationalError) (2003, "Can't connect to MySQL server on 'localhost' ([Errno 61] Connection refused)")
(Background on this error at: https://sqlalche.me/e/20/e3q8)
2026-02-22 02:53:26,655 - ERROR - Error checking trade day: (pymysql.err.OperationalError) (2003, "Can't connect to MySQL server on 'localhost' ([Errno 61] Connection refused)")
(Background on this error at: https://sqlalche.me/e/20/e3q8)
2026-02-22 02:53:56,791 - ERROR - Error checking trade day: (pymysql.err.OperationalError) (2003, "Can't connect to MySQL server on 'localhost' ([Errno 61] Connection refused)")
(Background on this error at: https://sqlalche.me/e/20/e3q8)
2026-02-22 02:54:26,943 - ERROR - Error checking trade day: (pymysql.err.OperationalError) (2003, "Can't connect to MySQL server on 'localhost' ([Errno 61] Connection refused)")
(Background on this error at: https://sqlalche.me/e/20/e3q8)
2026-02-22 02:54:57,090 - ERROR - Error checking trade day: (pymysql.err.OperationalError) (2003, "Can't connect to MySQL server on 'localhost' ([Errno 61] Connection refused)")
(Background on this error at: https://sqlalche.me/e/20/e3q8)
2026-02-22 02:55:27,104 - ERROR - Error checking trade day: (pymysql.err.OperationalError) (2003, "Can't connect to MySQL server on 'localhost' ([Errno 61] Connection refused)")
(Background on this error at: https://sqlalche.me/e/20/e3q8)
2026-02-22 02:55:57,224 - ERROR - Error checking trade day: (pymysql.err.OperationalError) (2003, "Can't connect to MySQL server on 'localhost' ([Errno 61] Connection refused)")
(Background on this error at: https://sqlalche.me/e/20/e3q8)
2026-02-22 02:56:27,365 - ERROR - Error checking trade day: (pymysql.err.OperationalError) (2003, "Can't connect to MySQL server on 'localhost' ([Errno 61] Connection refused)")
(Background on this error at: https://sqlalche.me/e/20/e3q8)
2026-02-22 02:56:57,519 - ERROR - Error checking trade day: (pymysql.err.OperationalError) (2003, "Can't connect to MySQL server on 'localhost' ([Errno 61] Connection refused)")
(Background on this error at: https://sqlalche.me/e/20/e3q8)
2026-02-22 02:57:27,671 - ERROR - Error checking trade day: (pymysql.err.OperationalError) (2003, "Can't connect to MySQL server on 'localhost' ([Errno 61] Connection refused)")
(Background on this error at: https://sqlalche.me/e/20/e3q8)
2026-02-22 02:57:57,820 - ERROR - Error checking trade day: (pymysql.err.OperationalError) (2003, "Can't connect to MySQL server on 'localhost' ([Errno 61] Connection refused)")
(Background on this error at: https://sqlalche.me/e/20/e3q8)
2026-02-22 02:58:27,956 - ERROR - Error checking trade day: (pymysql.err.OperationalError) (2003, "Can't connect to MySQL server on 'localhost' ([Errno 61] Connection refused)")
(Background on this error at: https://sqlalche.me/e/20/e3q8)
2026-02-22 02:58:58,107 - ERROR - Error checking trade day: (pymysql.err.OperationalError) (2003, "Can't connect to MySQL server on 'localhost' ([Errno 61] Connection refused)")
(Background on this error at: https://sqlalche.me/e/20/e3q8)
2026-02-22 02:59:28,215 - ERROR - Error checking trade day: (pymysql.err.OperationalError) (2003, "Can't connect to MySQL server on 'localhost' ([Errno 61] Connection refused)")
(Background on this error at: https://sqlalche.me/e/20/e3q8)
2026-02-22 02:59:58,367 - ERROR - Error checking trade day: (pymysql.err.OperationalError) (2003, "Can't connect to MySQL server on 'localhost' ([Errno 61] Connection refused)")
(Background on this error at: https://sqlalche.me/e/20/e3q8)
2026-02-22 03:00:28,520 - ERROR - Error checking trade day: (pymysql.err.OperationalError) (2003, "Can't connect to MySQL server on 'localhost' ([Errno 61] Connection refused)")
(Background on this error at: https://sqlalche.me/e/20/e3q8)
2026-02-22 03:00:28,520 - INFO - 2026-02-22 is not a trading day. Idling...
2026-02-22 03:00:58,648 - ERROR - Error checking trade day: (pymysql.err.OperationalError) (2003, "Can't connect to MySQL server on 'localhost' ([Errno 61] Connection refused)")
(Background on this error at: https://sqlalche.me/e/20/e3q8)
2026-02-22 03:01:28,782 - ERROR - Error checking trade day: (pymysql.err.OperationalError) (2003, "Can't connect to MySQL server on 'localhost' ([Errno 61] Connection refused)")
(Background on this error at: https://sqlalche.me/e/20/e3q8)
2026-02-22 03:01:58,923 - ERROR - Error checking trade day: (pymysql.err.OperationalError) (2003, "Can't connect to MySQL server on 'localhost' ([Errno 61] Connection refused)")
(Background on this error at: https://sqlalche.me/e/20/e3q8)
2026-02-22 03:02:29,074 - ERROR - Error checking trade day: (pymysql.err.OperationalError) (2003, "Can't connect to MySQL server on 'localhost' ([Errno 61] Connection refused)")
(Background on this error at: https://sqlalche.me/e/20/e3q8)
2026-02-22 03:02:59,219 - ERROR - Error checking trade day: (pymysql.err.OperationalError) (2003, "Can't connect to MySQL server on 'localhost' ([Errno 61] Connection refused)")
(Background on this error at: https://sqlalche.me/e/20/e3q8)
2026-02-22 03:03:29,362 - ERROR - Error checking trade day: (pymysql.err.OperationalError) (2003, "Can't connect to MySQL server on 'localhost' ([Errno 61] Connection refused)")
(Background on this error at: https://sqlalche.me/e/20/e3q8)
2026-02-22 03:03:59,506 - ERROR - Error checking trade day: (pymysql.err.OperationalError) (2003, "Can't connect to MySQL server on 'localhost' ([Errno 61] Connection refused)")
(Background on this error at: https://sqlalche.me/e/20/e3q8)
2026-02-22 03:04:29,650 - ERROR - Error checking trade day: (pymysql.err.OperationalError) (2003, "Can't connect to MySQL server on 'localhost' ([Errno 61] Connection refused)")
(Background on this error at: https://sqlalche.me/e/20/e3q8)
2026-02-22 03:04:59,793 - ERROR - Error checking trade day: (pymysql.err.OperationalError) (2003, "Can't connect to MySQL server on 'localhost' ([Errno 61] Connection refused)")
(Background on this error at: https://sqlalche.me/e/20/e3q8)
2026-02-22 03:05:29,946 - ERROR - Error checking trade day: (pymysql.err.OperationalError) (2003, "Can't connect to MySQL server on 'localhost' ([Errno 61] Connection refused)")
(Background on this error at: https://sqlalche.me/e/20/e3q8)
2026-02-22 03:06:00,081 - ERROR - Error checking trade day: (pymysql.err.OperationalError) (2003, "Can't connect to MySQL server on 'localhost' ([Errno 61] Connection refused)")
(Background on this error at: https://sqlalche.me/e/20/e3q8)
2026-02-22 03:06:30,225 - ERROR - Error checking trade day: (pymysql.err.OperationalError) (2003, "Can't connect to MySQL server on 'localhost' ([Errno 61] Connection refused)")
(Background on this error at: https://sqlalche.me/e/20/e3q8)
2026-02-22 03:07:00,336 - ERROR - Error checking trade day: (pymysql.err.OperationalError) (2003, "Can't connect to MySQL server on 'localhost' ([Errno 61] Connection refused)")
(Background on this error at: https://sqlalche.me/e/20/e3q8)
2026-02-22 03:07:30,465 - ERROR - Error checking trade day: (pymysql.err.OperationalError) (2003, "Can't connect to MySQL server on 'localhost' ([Errno 61] Connection refused)")
(Background on this error at: https://sqlalche.me/e/20/e3q8)
2026-02-22 03:08:00,595 - ERROR - Error checking trade day: (pymysql.err.OperationalError) (2003, "Can't connect to MySQL server on 'localhost' ([Errno 61] Connection refused)")
(Background on this error at: https://sqlalche.me/e/20/e3q8)
2026-02-22 03:08:30,671 - ERROR - Error checking trade day: (pymysql.err.OperationalError) (2003, "Can't connect to MySQL server on 'localhost' ([Errno 61] Connection refused)")
(Background on this error at: https://sqlalche.me/e/20/e3q8)
2026-02-22 03:09:00,813 - ERROR - Error checking trade day: (pymysql.err.OperationalError) (2003, "Can't connect to MySQL server on 'localhost' ([Errno 61] Connection refused)")
(Background on this error at: https://sqlalche.me/e/20/e3q8)
2026-02-22 03:09:30,906 - ERROR - Error checking trade day: (pymysql.err.OperationalError) (2003, "Can't connect to MySQL server on 'localhost' ([Errno 61] Connection refused)")
(Background on this error at: https://sqlalche.me/e/20/e3q8)
2026-02-22 03:10:00,916 - ERROR - Error checking trade day: (pymysql.err.OperationalError) (2003, "Can't connect to MySQL server on 'localhost' ([Errno 61] Connection refused)")
(Background on this error at: https://sqlalche.me/e/20/e3q8)
2026-02-22 03:10:31,049 - ERROR - Error checking trade day: (pymysql.err.OperationalError) (2003, "Can't connect to MySQL server on 'localhost' ([Errno 61] Connection refused)")
(Background on this error at: https://sqlalche.me/e/20/e3q8)
2026-02-22 03:11:01,199 - ERROR - Error checking trade day: (pymysql.err.OperationalError) (2003, "Can't connect to MySQL server on 'localhost' ([Errno 61] Connection refused)")
(Background on this error at: https://sqlalche.me/e/20/e3q8)
2026-02-22 03:11:31,291 - ERROR - Error checking trade day: (pymysql.err.OperationalError) (2003, "Can't connect to MySQL server on 'localhost' ([Errno 61] Connection refused)")
(Background on this error at: https://sqlalche.me/e/20/e3q8)
2026-02-22 03:12:01,443 - ERROR - Error checking trade day: (pymysql.err.OperationalError) (2003, "Can't connect to MySQL server on 'localhost' ([Errno 61] Connection refused)")
(Background on this error at: https://sqlalche.me/e/20/e3q8)
2026-02-22 03:12:31,595 - ERROR - Error checking trade day: (pymysql.err.OperationalError) (2003, "Can't connect to MySQL server on 'localhost' ([Errno 61] Connection refused)")
(Background on this error at: https://sqlalche.me/e/20/e3q8)
2026-02-22 03:13:01,744 - ERROR - Error checking trade day: (pymysql.err.OperationalError) (2003, "Can't connect to MySQL server on 'localhost' ([Errno 61] Connection refused)")
(Background on this error at: https://sqlalche.me/e/20/e3q8)
2026-02-22 03:13:31,868 - ERROR - Error checking trade day: (pymysql.err.OperationalError) (2003, "Can't connect to MySQL server on 'localhost' ([Errno 61] Connection refused)")
(Background on this error at: https://sqlalche.me/e/20/e3q8)
2026-02-22 03:14:01,967 - ERROR - Error checking trade day: (pymysql.err.OperationalError) (2003, "Can't connect to MySQL server on 'localhost' ([Errno 61] Connection refused)")
(Background on this error at: https://sqlalche.me/e/20/e3q8)
2026-02-22 03:14:32,111 - ERROR - Error checking trade day: (pymysql.err.OperationalError) (2003, "Can't connect to MySQL server on 'localhost' ([Errno 61] Connection refused)")
(Background on this error at: https://sqlalche.me/e/20/e3q8)
2026-02-22 03:15:02,239 - ERROR - Error checking trade day: (pymysql.err.OperationalError) (2003, "Can't connect to MySQL server on 'localhost' ([Errno 61] Connection refused)")
(Background on this error at: https://sqlalche.me/e/20/e3q8)
2026-02-22 03:15:32,377 - ERROR - Error checking trade day: (pymysql.err.OperationalError) (2003, "Can't connect to MySQL server on 'localhost' ([Errno 61] Connection refused)")
(Background on this error at: https://sqlalche.me/e/20/e3q8)
2026-02-22 03:16:02,528 - ERROR - Error checking trade day: (pymysql.err.OperationalError) (2003, "Can't connect to MySQL server on 'localhost' ([Errno 61] Connection refused)")
(Background on this error at: https://sqlalche.me/e/20/e3q8)
2026-02-22 03:16:32,678 - ERROR - Error checking trade day: (pymysql.err.OperationalError) (2003, "Can't connect to MySQL server on 'localhost' ([Errno 61] Connection refused)")
(Background on this error at: https://sqlalche.me/e/20/e3q8)
2026-02-22 03:17:02,817 - ERROR - Error checking trade day: (pymysql.err.OperationalError) (2003, "Can't connect to MySQL server on 'localhost' ([Errno 61] Connection refused)")
(Background on this error at: https://sqlalche.me/e/20/e3q8)
2026-02-22 03:17:32,968 - ERROR - Error checking trade day: (pymysql.err.OperationalError) (2003, "Can't connect to MySQL server on 'localhost' ([Errno 61] Connection refused)")
(Background on this error at: https://sqlalche.me/e/20/e3q8)
2026-02-22 03:18:03,119 - ERROR - Error checking trade day: (pymysql.err.OperationalError) (2003, "Can't connect to MySQL server on 'localhost' ([Errno 61] Connection refused)")
(Background on this error at: https://sqlalche.me/e/20/e3q8)
2026-02-22 03:18:33,202 - ERROR - Error checking trade day: (pymysql.err.OperationalError) (2003, "Can't connect to MySQL server on 'localhost' ([Errno 61] Connection refused)")
(Background on this error at: https://sqlalche.me/e/20/e3q8)
2026-02-22 03:19:03,355 - ERROR - Error checking trade day: (pymysql.err.OperationalError) (2003, "Can't connect to MySQL server on 'localhost' ([Errno 61] Connection refused)")
(Background on this error at: https://sqlalche.me/e/20/e3q8)
2026-02-22 03:19:33,494 - ERROR - Error checking trade day: (pymysql.err.OperationalError) (2003, "Can't connect to MySQL server on 'localhost' ([Errno 61] Connection refused)")
(Background on this error at: https://sqlalche.me/e/20/e3q8)
2026-02-22 03:20:03,638 - ERROR - Error checking trade day: (pymysql.err.OperationalError) (2003, "Can't connect to MySQL server on 'localhost' ([Errno 61] Connection refused)")
(Background on this error at: https://sqlalche.me/e/20/e3q8)
2026-02-22 03:20:33,789 - ERROR - Error checking trade day: (pymysql.err.OperationalError) (2003, "Can't connect to MySQL server on 'localhost' ([Errno 61] Connection refused)")
(Background on this error at: https://sqlalche.me/e/20/e3q8)
2026-02-22 03:21:03,926 - ERROR - Error checking trade day: (pymysql.err.OperationalError) (2003, "Can't connect to MySQL server on 'localhost' ([Errno 61] Connection refused)")
(Background on this error at: https://sqlalche.me/e/20/e3q8)
2026-02-22 03:21:34,071 - ERROR - Error checking trade day: (pymysql.err.OperationalError) (2003, "Can't connect to MySQL server on 'localhost' ([Errno 61] Connection refused)")
(Background on this error at: https://sqlalche.me/e/20/e3q8)
2026-02-22 03:22:04,218 - ERROR - Error checking trade day: (pymysql.err.OperationalError) (2003, "Can't connect to MySQL server on 'localhost' ([Errno 61] Connection refused)")
(Background on this error at: https://sqlalche.me/e/20/e3q8)
2026-02-22 03:22:34,361 - ERROR - Error checking trade day: (pymysql.err.OperationalError) (2003, "Can't connect to MySQL server on 'localhost' ([Errno 61] Connection refused)")
(Background on this error at: https://sqlalche.me/e/20/e3q8)
2026-02-22 03:23:04,514 - ERROR - Error checking trade day: (pymysql.err.OperationalError) (2003, "Can't connect to MySQL server on 'localhost' ([Errno 61] Connection refused)")
(Background on this error at: https://sqlalche.me/e/20/e3q8)
2026-02-22 03:23:34,660 - ERROR - Error checking trade day: (pymysql.err.OperationalError) (2003, "Can't connect to MySQL server on 'localhost' ([Errno 61] Connection refused)")
(Background on this error at: https://sqlalche.me/e/20/e3q8)
2026-02-22 03:24:04,769 - ERROR - Error checking trade day: (pymysql.err.OperationalError) (2003, "Can't connect to MySQL server on 'localhost' ([Errno 61] Connection refused)")
(Background on this error at: https://sqlalche.me/e/20/e3q8)
2026-02-22 03:24:34,807 - ERROR - Error checking trade day: (pymysql.err.OperationalError) (2003, "Can't connect to MySQL server on 'localhost' ([Errno 61] Connection refused)")
(Background on this error at: https://sqlalche.me/e/20/e3q8)
2026-02-22 03:25:04,951 - ERROR - Error checking trade day: (pymysql.err.OperationalError) (2003, "Can't connect to MySQL server on 'localhost' ([Errno 61] Connection refused)")
(Background on this error at: https://sqlalche.me/e/20/e3q8)
2026-02-22 03:25:35,082 - ERROR - Error checking trade day: (pymysql.err.OperationalError) (2003, "Can't connect to MySQL server on 'localhost' ([Errno 61] Connection refused)")
(Background on this error at: https://sqlalche.me/e/20/e3q8)
2026-02-22 03:26:05,233 - ERROR - Error checking trade day: (pymysql.err.OperationalError) (2003, "Can't connect to MySQL server on 'localhost' ([Errno 61] Connection refused)")
(Background on this error at: https://sqlalche.me/e/20/e3q8)
2026-02-22 03:26:35,387 - ERROR - Error checking trade day: (pymysql.err.OperationalError) (2003, "Can't connect to MySQL server on 'localhost' ([Errno 61] Connection refused)")
(Background on this error at: https://sqlalche.me/e/20/e3q8)
2026-02-22 03:27:05,535 - ERROR - Error checking trade day: (pymysql.err.OperationalError) (2003, "Can't connect to MySQL server on 'localhost' ([Errno 61] Connection refused)")
(Background on this error at: https://sqlalche.me/e/20/e3q8)
2026-02-22 03:27:35,663 - ERROR - Error checking trade day: (pymysql.err.OperationalError) (2003, "Can't connect to MySQL server on 'localhost' ([Errno 61] Connection refused)")
(Background on this error at: https://sqlalche.me/e/20/e3q8)
2026-02-22 03:28:05,780 - ERROR - Error checking trade day: (pymysql.err.OperationalError) (2003, "Can't connect to MySQL server on 'localhost' ([Errno 61] Connection refused)")
(Background on this error at: https://sqlalche.me/e/20/e3q8)
2026-02-22 03:28:35,871 - ERROR - Error checking trade day: (pymysql.err.OperationalError) (2003, "Can't connect to MySQL server on 'localhost' ([Errno 61] Connection refused)")
(Background on this error at: https://sqlalche.me/e/20/e3q8)
2026-02-22 03:29:06,020 - ERROR - Error checking trade day: (pymysql.err.OperationalError) (2003, "Can't connect to MySQL server on 'localhost' ([Errno 61] Connection refused)")
(Background on this error at: https://sqlalche.me/e/20/e3q8)
2026-02-22 03:29:36,135 - ERROR - Error checking trade day: (pymysql.err.OperationalError) (2003, "Can't connect to MySQL server on 'localhost' ([Errno 61] Connection refused)")
(Background on this error at: https://sqlalche.me/e/20/e3q8)
2026-02-22 03:30:06,281 - ERROR - Error checking trade day: (pymysql.err.OperationalError) (2003, "Can't connect to MySQL server on 'localhost' ([Errno 61] Connection refused)")
(Background on this error at: https://sqlalche.me/e/20/e3q8)
2026-02-22 03:30:36,432 - ERROR - Error checking trade day: (pymysql.err.OperationalError) (2003, "Can't connect to MySQL server on 'localhost' ([Errno 61] Connection refused)")
(Background on this error at: https://sqlalche.me/e/20/e3q8)
2026-02-22 03:31:06,582 - ERROR - Error checking trade day: (pymysql.err.OperationalError) (2003, "Can't connect to MySQL server on 'localhost' ([Errno 61] Connection refused)")
(Background on this error at: https://sqlalche.me/e/20/e3q8)
2026-02-22 03:31:36,712 - ERROR - Error checking trade day: (pymysql.err.OperationalError) (2003, "Can't connect to MySQL server on 'localhost' ([Errno 61] Connection refused)")
(Background on this error at: https://sqlalche.me/e/20/e3q8)
2026-02-22 03:32:06,856 - ERROR - Error checking trade day: (pymysql.err.OperationalError) (2003, "Can't connect to MySQL server on 'localhost' ([Errno 61] Connection refused)")
(Background on this error at: https://sqlalche.me/e/20/e3q8)
2026-02-22 03:32:36,998 - ERROR - Error checking trade day: (pymysql.err.OperationalError) (2003, "Can't connect to MySQL server on 'localhost' ([Errno 61] Connection refused)")
(Background on this error at: https://sqlalche.me/e/20/e3q8)
2026-02-22 03:33:07,134 - ERROR - Error checking trade day: (pymysql.err.OperationalError) (2003, "Can't connect to MySQL server on 'localhost' ([Errno 61] Connection refused)")
(Background on this error at: https://sqlalche.me/e/20/e3q8)
2026-02-22 03:33:37,269 - ERROR - Error checking trade day: (pymysql.err.OperationalError) (2003, "Can't connect to MySQL server on 'localhost' ([Errno 61] Connection refused)")
(Background on this error at: https://sqlalche.me/e/20/e3q8)
2026-02-22 03:34:07,422 - ERROR - Error checking trade day: (pymysql.err.OperationalError) (2003, "Can't connect to MySQL server on 'localhost' ([Errno 61] Connection refused)")
(Background on this error at: https://sqlalche.me/e/20/e3q8)
2026-02-22 03:34:37,525 - ERROR - Error checking trade day: (pymysql.err.OperationalError) (2003, "Can't connect to MySQL server on 'localhost' ([Errno 61] Connection refused)")
(Background on this error at: https://sqlalche.me/e/20/e3q8)
2026-02-22 03:35:07,670 - ERROR - Error checking trade day: (pymysql.err.OperationalError) (2003, "Can't connect to MySQL server on 'localhost' ([Errno 61] Connection refused)")
(Background on this error at: https://sqlalche.me/e/20/e3q8)
2026-02-22 03:35:37,819 - ERROR - Error checking trade day: (pymysql.err.OperationalError) (2003, "Can't connect to MySQL server on 'localhost' ([Errno 61] Connection refused)")
(Background on this error at: https://sqlalche.me/e/20/e3q8)
2026-02-22 03:36:07,949 - ERROR - Error checking trade day: (pymysql.err.OperationalError) (2003, "Can't connect to MySQL server on 'localhost' ([Errno 61] Connection refused)")
(Background on this error at: https://sqlalche.me/e/20/e3q8)
2026-02-22 03:36:38,083 - ERROR - Error checking trade day: (pymysql.err.OperationalError) (2003, "Can't connect to MySQL server on 'localhost' ([Errno 61] Connection refused)")
(Background on this error at: https://sqlalche.me/e/20/e3q8)
2026-02-22 03:37:08,223 - ERROR - Error checking trade day: (pymysql.err.OperationalError) (2003, "Can't connect to MySQL server on 'localhost' ([Errno 61] Connection refused)")
(Background on this error at: https://sqlalche.me/e/20/e3q8)
2026-02-22 03:37:38,367 - ERROR - Error checking trade day: (pymysql.err.OperationalError) (2003, "Can't connect to MySQL server on 'localhost' ([Errno 61] Connection refused)")
(Background on this error at: https://sqlalche.me/e/20/e3q8)
2026-02-22 03:38:08,498 - ERROR - Error checking trade day: (pymysql.err.OperationalError) (2003, "Can't connect to MySQL server on 'localhost' ([Errno 61] Connection refused)")
(Background on this error at: https://sqlalche.me/e/20/e3q8)
2026-02-22 03:38:38,632 - ERROR - Error checking trade day: (pymysql.err.OperationalError) (2003, "Can't connect to MySQL server on 'localhost' ([Errno 61] Connection refused)")
(Background on this error at: https://sqlalche.me/e/20/e3q8)
2026-02-22 03:39:08,759 - ERROR - Error checking trade day: (pymysql.err.OperationalError) (2003, "Can't connect to MySQL server on 'localhost' ([Errno 61] Connection refused)")
(Background on this error at: https://sqlalche.me/e/20/e3q8)
2026-02-22 03:39:38,912 - ERROR - Error checking trade day: (pymysql.err.OperationalError) (2003, "Can't connect to MySQL server on 'localhost' ([Errno 61] Connection refused)")
(Background on this error at: https://sqlalche.me/e/20/e3q8)
2026-02-22 03:40:09,060 - ERROR - Error checking trade day: (pymysql.err.OperationalError) (2003, "Can't connect to MySQL server on 'localhost' ([Errno 61] Connection refused)")
(Background on this error at: https://sqlalche.me/e/20/e3q8)
2026-02-22 03:40:39,200 - ERROR - Error checking trade day: (pymysql.err.OperationalError) (2003, "Can't connect to MySQL server on 'localhost' ([Errno 61] Connection refused)")
(Background on this error at: https://sqlalche.me/e/20/e3q8)
2026-02-22 03:41:09,352 - ERROR - Error checking trade day: (pymysql.err.OperationalError) (2003, "Can't connect to MySQL server on 'localhost' ([Errno 61] Connection refused)")
(Background on this error at: https://sqlalche.me/e/20/e3q8)
2026-02-22 03:41:39,474 - ERROR - Error checking trade day: (pymysql.err.OperationalError) (2003, "Can't connect to MySQL server on 'localhost' ([Errno 61] Connection refused)")
(Background on this error at: https://sqlalche.me/e/20/e3q8)
2026-02-22 03:42:09,625 - ERROR - Error checking trade day: (pymysql.err.OperationalError) (2003, "Can't connect to MySQL server on 'localhost' ([Errno 61] Connection refused)")
(Background on this error at: https://sqlalche.me/e/20/e3q8)
2026-02-22 03:42:39,759 - ERROR - Error checking trade day: (pymysql.err.OperationalError) (2003, "Can't connect to MySQL server on 'localhost' ([Errno 61] Connection refused)")
(Background on this error at: https://sqlalche.me/e/20/e3q8)
2026-02-22 03:43:09,908 - ERROR - Error checking trade day: (pymysql.err.OperationalError) (2003, "Can't connect to MySQL server on 'localhost' ([Errno 61] Connection refused)")
(Background on this error at: https://sqlalche.me/e/20/e3q8)
2026-02-22 03:43:40,036 - ERROR - Error checking trade day: (pymysql.err.OperationalError) (2003, "Can't connect to MySQL server on 'localhost' ([Errno 61] Connection refused)")
(Background on this error at: https://sqlalche.me/e/20/e3q8)
2026-02-22 03:44:10,184 - ERROR - Error checking trade day: (pymysql.err.OperationalError) (2003, "Can't connect to MySQL server on 'localhost' ([Errno 61] Connection refused)")
(Background on this error at: https://sqlalche.me/e/20/e3q8)
2026-02-22 03:44:40,322 - ERROR - Error checking trade day: (pymysql.err.OperationalError) (2003, "Can't connect to MySQL server on 'localhost' ([Errno 61] Connection refused)")
(Background on this error at: https://sqlalche.me/e/20/e3q8)
2026-02-22 03:45:10,366 - ERROR - Error checking trade day: (pymysql.err.OperationalError) (2003, "Can't connect to MySQL server on 'localhost' ([Errno 61] Connection refused)")
(Background on this error at: https://sqlalche.me/e/20/e3q8)
2026-02-22 03:45:40,513 - ERROR - Error checking trade day: (pymysql.err.OperationalError) (2003, "Can't connect to MySQL server on 'localhost' ([Errno 61] Connection refused)")
(Background on this error at: https://sqlalche.me/e/20/e3q8)
2026-02-22 03:46:10,663 - ERROR - Error checking trade day: (pymysql.err.OperationalError) (2003, "Can't connect to MySQL server on 'localhost' ([Errno 61] Connection refused)")
(Background on this error at: https://sqlalche.me/e/20/e3q8)
2026-02-22 03:46:40,814 - ERROR - Error checking trade day: (pymysql.err.OperationalError) (2003, "Can't connect to MySQL server on 'localhost' ([Errno 61] Connection refused)")
(Background on this error at: https://sqlalche.me/e/20/e3q8)
2026-02-22 03:47:10,954 - ERROR - Error checking trade day: (pymysql.err.OperationalError) (2003, "Can't connect to MySQL server on 'localhost' ([Errno 61] Connection refused)")
(Background on this error at: https://sqlalche.me/e/20/e3q8)
2026-02-22 03:47:41,084 - ERROR - Error checking trade day: (pymysql.err.OperationalError) (2003, "Can't connect to MySQL server on 'localhost' ([Errno 61] Connection refused)")
(Background on this error at: https://sqlalche.me/e/20/e3q8)
2026-02-22 03:48:11,235 - ERROR - Error checking trade day: (pymysql.err.OperationalError) (2003, "Can't connect to MySQL server on 'localhost' ([Errno 61] Connection refused)")
(Background on this error at: https://sqlalche.me/e/20/e3q8)
2026-02-22 03:48:41,370 - ERROR - Error checking trade day: (pymysql.err.OperationalError) (2003, "Can't connect to MySQL server on 'localhost' ([Errno 61] Connection refused)")
(Background on this error at: https://sqlalche.me/e/20/e3q8)
2026-02-22 03:49:11,521 - ERROR - Error checking trade day: (pymysql.err.OperationalError) (2003, "Can't connect to MySQL server on 'localhost' ([Errno 61] Connection refused)")
(Background on this error at: https://sqlalche.me/e/20/e3q8)
2026-02-22 03:49:41,662 - ERROR - Error checking trade day: (pymysql.err.OperationalError) (2003, "Can't connect to MySQL server on 'localhost' ([Errno 61] Connection refused)")
(Background on this error at: https://sqlalche.me/e/20/e3q8)
2026-02-22 03:50:11,808 - ERROR - Error checking trade day: (pymysql.err.OperationalError) (2003, "Can't connect to MySQL server on 'localhost' ([Errno 61] Connection refused)")
(Background on this error at: https://sqlalche.me/e/20/e3q8)
2026-02-22 03:50:41,955 - ERROR - Error checking trade day: (pymysql.err.OperationalError) (2003, "Can't connect to MySQL server on 'localhost' ([Errno 61] Connection refused)")
(Background on this error at: https://sqlalche.me/e/20/e3q8)
2026-02-22 03:51:11,963 - ERROR - Error checking trade day: (pymysql.err.OperationalError) (2003, "Can't connect to MySQL server on 'localhost' ([Errno 61] Connection refused)")
(Background on this error at: https://sqlalche.me/e/20/e3q8)
2026-02-22 03:51:42,117 - ERROR - Error checking trade day: (pymysql.err.OperationalError) (2003, "Can't connect to MySQL server on 'localhost' ([Errno 61] Connection refused)")
(Background on this error at: https://sqlalche.me/e/20/e3q8)
2026-02-22 03:52:12,267 - ERROR - Error checking trade day: (pymysql.err.OperationalError) (2003, "Can't connect to MySQL server on 'localhost' ([Errno 61] Connection refused)")
(Background on this error at: https://sqlalche.me/e/20/e3q8)
2026-02-22 03:52:42,374 - ERROR - Error checking trade day: (pymysql.err.OperationalError) (2003, "Can't connect to MySQL server on 'localhost' ([Errno 61] Connection refused)")
(Background on this error at: https://sqlalche.me/e/20/e3q8)
2026-02-22 03:53:12,514 - ERROR - Error checking trade day: (pymysql.err.OperationalError) (2003, "Can't connect to MySQL server on 'localhost' ([Errno 61] Connection refused)")
(Background on this error at: https://sqlalche.me/e/20/e3q8)
2026-02-22 03:53:42,665 - ERROR - Error checking trade day: (pymysql.err.OperationalError) (2003, "Can't connect to MySQL server on 'localhost' ([Errno 61] Connection refused)")
(Background on this error at: https://sqlalche.me/e/20/e3q8)
2026-02-22 03:54:12,769 - ERROR - Error checking trade day: (pymysql.err.OperationalError) (2003, "Can't connect to MySQL server on 'localhost' ([Errno 61] Connection refused)")
(Background on this error at: https://sqlalche.me/e/20/e3q8)
2026-02-22 03:54:42,912 - ERROR - Error checking trade day: (pymysql.err.OperationalError) (2003, "Can't connect to MySQL server on 'localhost' ([Errno 61] Connection refused)")
(Background on this error at: https://sqlalche.me/e/20/e3q8)
2026-02-22 03:55:13,065 - ERROR - Error checking trade day: (pymysql.err.OperationalError) (2003, "Can't connect to MySQL server on 'localhost' ([Errno 61] Connection refused)")
(Background on this error at: https://sqlalche.me/e/20/e3q8)
2026-02-22 03:55:43,138 - ERROR - Error checking trade day: (pymysql.err.OperationalError) (2003, "Can't connect to MySQL server on 'localhost' ([Errno 61] Connection refused)")
(Background on this error at: https://sqlalche.me/e/20/e3q8)
2026-02-22 03:56:13,282 - ERROR - Error checking trade day: (pymysql.err.OperationalError) (2003, "Can't connect to MySQL server on 'localhost' ([Errno 61] Connection refused)")
(Background on this error at: https://sqlalche.me/e/20/e3q8)
2026-02-22 03:56:43,435 - ERROR - Error checking trade day: (pymysql.err.OperationalError) (2003, "Can't connect to MySQL server on 'localhost' ([Errno 61] Connection refused)")
(Background on this error at: https://sqlalche.me/e/20/e3q8)
2026-02-22 03:57:13,569 - ERROR - Error checking trade day: (pymysql.err.OperationalError) (2003, "Can't connect to MySQL server on 'localhost' ([Errno 61] Connection refused)")
(Background on this error at: https://sqlalche.me/e/20/e3q8)
2026-02-22 03:57:43,714 - ERROR - Error checking trade day: (pymysql.err.OperationalError) (2003, "Can't connect to MySQL server on 'localhost' ([Errno 61] Connection refused)")
(Background on this error at: https://sqlalche.me/e/20/e3q8)
2026-02-22 03:58:13,854 - ERROR - Error checking trade day: (pymysql.err.OperationalError) (2003, "Can't connect to MySQL server on 'localhost' ([Errno 61] Connection refused)")
(Background on this error at: https://sqlalche.me/e/20/e3q8)
2026-02-22 03:58:43,998 - ERROR - Error checking trade day: (pymysql.err.OperationalError) (2003, "Can't connect to MySQL server on 'localhost' ([Errno 61] Connection refused)")
(Background on this error at: https://sqlalche.me/e/20/e3q8)
2026-02-22 03:59:14,142 - ERROR - Error checking trade day: (pymysql.err.OperationalError) (2003, "Can't connect to MySQL server on 'localhost' ([Errno 61] Connection refused)")
(Background on this error at: https://sqlalche.me/e/20/e3q8)
2026-02-22 03:59:44,295 - ERROR - Error checking trade day: (pymysql.err.OperationalError) (2003, "Can't connect to MySQL server on 'localhost' ([Errno 61] Connection refused)")
(Background on this error at: https://sqlalche.me/e/20/e3q8)
2026-02-22 04:00:14,440 - ERROR - Error checking trade day: (pymysql.err.OperationalError) (2003, "Can't connect to MySQL server on 'localhost' ([Errno 61] Connection refused)")
(Background on this error at: https://sqlalche.me/e/20/e3q8)
2026-02-22 04:00:14,441 - INFO - 2026-02-22 is not a trading day. Idling...
2026-02-22 04:00:44,586 - ERROR - Error checking trade day: (pymysql.err.OperationalError) (2003, "Can't connect to MySQL server on 'localhost' ([Errno 61] Connection refused)")
(Background on this error at: https://sqlalche.me/e/20/e3q8)
2026-02-22 04:01:14,735 - ERROR - Error checking trade day: (pymysql.err.OperationalError) (2003, "Can't connect to MySQL server on 'localhost' ([Errno 61] Connection refused)")
(Background on this error at: https://sqlalche.me/e/20/e3q8)
2026-02-22 04:01:44,875 - ERROR - Error checking trade day: (pymysql.err.OperationalError) (2003, "Can't connect to MySQL server on 'localhost' ([Errno 61] Connection refused)")
(Background on this error at: https://sqlalche.me/e/20/e3q8)
2026-02-22 04:02:14,976 - ERROR - Error checking trade day: (pymysql.err.OperationalError) (2003, "Can't connect to MySQL server on 'localhost' ([Errno 61] Connection refused)")
(Background on this error at: https://sqlalche.me/e/20/e3q8)
2026-02-22 04:02:45,126 - ERROR - Error checking trade day: (pymysql.err.OperationalError) (2003, "Can't connect to MySQL server on 'localhost' ([Errno 61] Connection refused)")
(Background on this error at: https://sqlalche.me/e/20/e3q8)
2026-02-22 04:03:15,183 - ERROR - Error checking trade day: (pymysql.err.OperationalError) (2003, "Can't connect to MySQL server on 'localhost' ([Errno 61] Connection refused)")
(Background on this error at: https://sqlalche.me/e/20/e3q8)
2026-02-22 04:03:45,336 - ERROR - Error checking trade day: (pymysql.err.OperationalError) (2003, "Can't connect to MySQL server on 'localhost' ([Errno 61] Connection refused)")
(Background on this error at: https://sqlalche.me/e/20/e3q8)
2026-02-22 04:04:15,477 - ERROR - Error checking trade day: (pymysql.err.OperationalError) (2003, "Can't connect to MySQL server on 'localhost' ([Errno 61] Connection refused)")
(Background on this error at: https://sqlalche.me/e/20/e3q8)
2026-02-22 04:04:45,629 - ERROR - Error checking trade day: (pymysql.err.OperationalError) (2003, "Can't connect to MySQL server on 'localhost' ([Errno 61] Connection refused)")
(Background on this error at: https://sqlalche.me/e/20/e3q8)
2026-02-22 04:05:15,781 - ERROR - Error checking trade day: (pymysql.err.OperationalError) (2003, "Can't connect to MySQL server on 'localhost' ([Errno 61] Connection refused)")
(Background on this error at: https://sqlalche.me/e/20/e3q8)
2026-02-22 04:05:45,915 - ERROR - Error checking trade day: (pymysql.err.OperationalError) (2003, "Can't connect to MySQL server on 'localhost' ([Errno 61] Connection refused)")
(Background on this error at: https://sqlalche.me/e/20/e3q8)
2026-02-22 04:06:16,058 - ERROR - Error checking trade day: (pymysql.err.OperationalError) (2003, "Can't connect to MySQL server on 'localhost' ([Errno 61] Connection refused)")
(Background on this error at: https://sqlalche.me/e/20/e3q8)
2026-02-22 04:06:46,206 - ERROR - Error checking trade day: (pymysql.err.OperationalError) (2003, "Can't connect to MySQL server on 'localhost' ([Errno 61] Connection refused)")
(Background on this error at: https://sqlalche.me/e/20/e3q8)
2026-02-22 04:07:16,346 - ERROR - Error checking trade day: (pymysql.err.OperationalError) (2003, "Can't connect to MySQL server on 'localhost' ([Errno 61] Connection refused)")
(Background on this error at: https://sqlalche.me/e/20/e3q8)
2026-02-22 04:07:46,497 - ERROR - Error checking trade day: (pymysql.err.OperationalError) (2003, "Can't connect to MySQL server on 'localhost' ([Errno 61] Connection refused)")
(Background on this error at: https://sqlalche.me/e/20/e3q8)
2026-02-22 04:08:16,641 - ERROR - Error checking trade day: (pymysql.err.OperationalError) (2003, "Can't connect to MySQL server on 'localhost' ([Errno 61] Connection refused)")
(Background on this error at: https://sqlalche.me/e/20/e3q8)
2026-02-22 04:08:46,794 - ERROR - Error checking trade day: (pymysql.err.OperationalError) (2003, "Can't connect to MySQL server on 'localhost' ([Errno 61] Connection refused)")
(Background on this error at: https://sqlalche.me/e/20/e3q8)
2026-02-22 04:09:16,930 - ERROR - Error checking trade day: (pymysql.err.OperationalError) (2003, "Can't connect to MySQL server on 'localhost' ([Errno 61] Connection refused)")
(Background on this error at: https://sqlalche.me/e/20/e3q8)
2026-02-22 04:09:47,076 - ERROR - Error checking trade day: (pymysql.err.OperationalError) (2003, "Can't connect to MySQL server on 'localhost' ([Errno 61] Connection refused)")
(Background on this error at: https://sqlalche.me/e/20/e3q8)
2026-02-22 04:10:17,226 - ERROR - Error checking trade day: (pymysql.err.OperationalError) (2003, "Can't connect to MySQL server on 'localhost' ([Errno 61] Connection refused)")
(Background on this error at: https://sqlalche.me/e/20/e3q8)
2026-02-22 04:10:47,369 - ERROR - Error checking trade day: (pymysql.err.OperationalError) (2003, "Can't connect to MySQL server on 'localhost' ([Errno 61] Connection refused)")
(Background on this error at: https://sqlalche.me/e/20/e3q8)
2026-02-22 04:11:17,515 - ERROR - Error checking trade day: (pymysql.err.OperationalError) (2003, "Can't connect to MySQL server on 'localhost' ([Errno 61] Connection refused)")
(Background on this error at: https://sqlalche.me/e/20/e3q8)
2026-02-22 04:11:47,666 - ERROR - Error checking trade day: (pymysql.err.OperationalError) (2003, "Can't connect to MySQL server on 'localhost' ([Errno 61] Connection refused)")
(Background on this error at: https://sqlalche.me/e/20/e3q8)
2026-02-22 04:12:17,808 - ERROR - Error checking trade day: (pymysql.err.OperationalError) (2003, "Can't connect to MySQL server on 'localhost' ([Errno 61] Connection refused)")
(Background on this error at: https://sqlalche.me/e/20/e3q8)
2026-02-22 04:12:47,946 - ERROR - Error checking trade day: (pymysql.err.OperationalError) (2003, "Can't connect to MySQL server on 'localhost' ([Errno 61] Connection refused)")
(Background on this error at: https://sqlalche.me/e/20/e3q8)
2026-02-22 04:13:18,094 - ERROR - Error checking trade day: (pymysql.err.OperationalError) (2003, "Can't connect to MySQL server on 'localhost' ([Errno 61] Connection refused)")
(Background on this error at: https://sqlalche.me/e/20/e3q8)
2026-02-22 04:13:48,242 - ERROR - Error checking trade day: (pymysql.err.OperationalError) (2003, "Can't connect to MySQL server on 'localhost' ([Errno 61] Connection refused)")
(Background on this error at: https://sqlalche.me/e/20/e3q8)
2026-02-22 04:14:18,381 - ERROR - Error checking trade day: (pymysql.err.OperationalError) (2003, "Can't connect to MySQL server on 'localhost' ([Errno 61] Connection refused)")
(Background on this error at: https://sqlalche.me/e/20/e3q8)
2026-02-22 04:14:48,515 - ERROR - Error checking trade day: (pymysql.err.OperationalError) (2003, "Can't connect to MySQL server on 'localhost' ([Errno 61] Connection refused)")
(Background on this error at: https://sqlalche.me/e/20/e3q8)
2026-02-22 04:15:18,645 - ERROR - Error checking trade day: (pymysql.err.OperationalError) (2003, "Can't connect to MySQL server on 'localhost' ([Errno 61] Connection refused)")
(Background on this error at: https://sqlalche.me/e/20/e3q8)
2026-02-22 04:15:48,796 - ERROR - Error checking trade day: (pymysql.err.OperationalError) (2003, "Can't connect to MySQL server on 'localhost' ([Errno 61] Connection refused)")
(Background on this error at: https://sqlalche.me/e/20/e3q8)
2026-02-22 04:16:18,946 - ERROR - Error checking trade day: (pymysql.err.OperationalError) (2003, "Can't connect to MySQL server on 'localhost' ([Errno 61] Connection refused)")
(Background on this error at: https://sqlalche.me/e/20/e3q8)
2026-02-22 04:16:49,088 - ERROR - Error checking trade day: (pymysql.err.OperationalError) (2003, "Can't connect to MySQL server on 'localhost' ([Errno 61] Connection refused)")
(Background on this error at: https://sqlalche.me/e/20/e3q8)
2026-02-22 04:17:19,239 - ERROR - Error checking trade day: (pymysql.err.OperationalError) (2003, "Can't connect to MySQL server on 'localhost' ([Errno 61] Connection refused)")
(Background on this error at: https://sqlalche.me/e/20/e3q8)
2026-02-22 04:17:49,389 - ERROR - Error checking trade day: (pymysql.err.OperationalError) (2003, "Can't connect to MySQL server on 'localhost' ([Errno 61] Connection refused)")
(Background on this error at: https://sqlalche.me/e/20/e3q8)
2026-02-22 04:18:19,539 - ERROR - Error checking trade day: (pymysql.err.OperationalError) (2003, "Can't connect to MySQL server on 'localhost' ([Errno 61] Connection refused)")
(Background on this error at: https://sqlalche.me/e/20/e3q8)
2026-02-22 04:18:49,639 - ERROR - Error checking trade day: (pymysql.err.OperationalError) (2003, "Can't connect to MySQL server on 'localhost' ([Errno 61] Connection refused)")
(Background on this error at: https://sqlalche.me/e/20/e3q8)
2026-02-22 04:19:19,784 - ERROR - Error checking trade day: (pymysql.err.OperationalError) (2003, "Can't connect to MySQL server on 'localhost' ([Errno 61] Connection refused)")
(Background on this error at: https://sqlalche.me/e/20/e3q8)
2026-02-22 04:19:49,916 - ERROR - Error checking trade day: (pymysql.err.OperationalError) (2003, "Can't connect to MySQL server on 'localhost' ([Errno 61] Connection refused)")
(Background on this error at: https://sqlalche.me/e/20/e3q8)
2026-02-22 04:20:20,046 - ERROR - Error checking trade day: (pymysql.err.OperationalError) (2003, "Can't connect to MySQL server on 'localhost' ([Errno 61] Connection refused)")
(Background on this error at: https://sqlalche.me/e/20/e3q8)
2026-02-22 04:20:50,197 - ERROR - Error checking trade day: (pymysql.err.OperationalError) (2003, "Can't connect to MySQL server on 'localhost' ([Errno 61] Connection refused)")
(Background on this error at: https://sqlalche.me/e/20/e3q8)
2026-02-22 04:21:20,323 - ERROR - Error checking trade day: (pymysql.err.OperationalError) (2003, "Can't connect to MySQL server on 'localhost' ([Errno 61] Connection refused)")
(Background on this error at: https://sqlalche.me/e/20/e3q8)
2026-02-22 04:21:50,472 - ERROR - Error checking trade day: (pymysql.err.OperationalError) (2003, "Can't connect to MySQL server on 'localhost' ([Errno 61] Connection refused)")
(Background on this error at: https://sqlalche.me/e/20/e3q8)
2026-02-22 04:22:20,584 - ERROR - Error checking trade day: (pymysql.err.OperationalError) (2003, "Can't connect to MySQL server on 'localhost' ([Errno 61] Connection refused)")
(Background on this error at: https://sqlalche.me/e/20/e3q8)
2026-02-22 04:22:50,732 - ERROR - Error checking trade day: (pymysql.err.OperationalError) (2003, "Can't connect to MySQL server on 'localhost' ([Errno 61] Connection refused)")
(Background on this error at: https://sqlalche.me/e/20/e3q8)
2026-02-22 04:23:20,776 - ERROR - Error checking trade day: (pymysql.err.OperationalError) (2003, "Can't connect to MySQL server on 'localhost' ([Errno 61] Connection refused)")
(Background on this error at: https://sqlalche.me/e/20/e3q8)
2026-02-22 04:23:50,898 - ERROR - Error checking trade day: (pymysql.err.OperationalError) (2003, "Can't connect to MySQL server on 'localhost' ([Errno 61] Connection refused)")
(Background on this error at: https://sqlalche.me/e/20/e3q8)
2026-02-22 04:24:21,043 - ERROR - Error checking trade day: (pymysql.err.OperationalError) (2003, "Can't connect to MySQL server on 'localhost' ([Errno 61] Connection refused)")
(Background on this error at: https://sqlalche.me/e/20/e3q8)
2026-02-22 04:24:51,182 - ERROR - Error checking trade day: (pymysql.err.OperationalError) (2003, "Can't connect to MySQL server on 'localhost' ([Errno 61] Connection refused)")
(Background on this error at: https://sqlalche.me/e/20/e3q8)
2026-02-22 04:25:21,335 - ERROR - Error checking trade day: (pymysql.err.OperationalError) (2003, "Can't connect to MySQL server on 'localhost' ([Errno 61] Connection refused)")
(Background on this error at: https://sqlalche.me/e/20/e3q8)
2026-02-22 04:25:51,502 - ERROR - Error checking trade day: (pymysql.err.OperationalError) (2003, "Can't connect to MySQL server on 'localhost' ([Errno 61] Connection refused)")
(Background on this error at: https://sqlalche.me/e/20/e3q8)
2026-02-22 04:26:21,635 - ERROR - Error checking trade day: (pymysql.err.OperationalError) (2003, "Can't connect to MySQL server on 'localhost' ([Errno 61] Connection refused)")
(Background on this error at: https://sqlalche.me/e/20/e3q8)
2026-02-22 04:26:51,782 - ERROR - Error checking trade day: (pymysql.err.OperationalError) (2003, "Can't connect to MySQL server on 'localhost' ([Errno 61] Connection refused)")
(Background on this error at: https://sqlalche.me/e/20/e3q8)
2026-02-22 04:27:21,815 - ERROR - Error checking trade day: (pymysql.err.OperationalError) (2003, "Can't connect to MySQL server on 'localhost' ([Errno 61] Connection refused)")
(Background on this error at: https://sqlalche.me/e/20/e3q8)
2026-02-22 04:27:51,935 - ERROR - Error checking trade day: (pymysql.err.OperationalError) (2003, "Can't connect to MySQL server on 'localhost' ([Errno 61] Connection refused)")
(Background on this error at: https://sqlalche.me/e/20/e3q8)
2026-02-22 04:28:22,002 - ERROR - Error checking trade day: (pymysql.err.OperationalError) (2003, "Can't connect to MySQL server on 'localhost' ([Errno 61] Connection refused)")
(Background on this error at: https://sqlalche.me/e/20/e3q8)
2026-02-22 04:28:52,135 - ERROR - Error checking trade day: (pymysql.err.OperationalError) (2003, "Can't connect to MySQL server on 'localhost' ([Errno 61] Connection refused)")
(Background on this error at: https://sqlalche.me/e/20/e3q8)
2026-02-22 04:29:22,261 - ERROR - Error checking trade day: (pymysql.err.OperationalError) (2003, "Can't connect to MySQL server on 'localhost' ([Errno 61] Connection refused)")
(Background on this error at: https://sqlalche.me/e/20/e3q8)
2026-02-22 04:29:52,386 - ERROR - Error checking trade day: (pymysql.err.OperationalError) (2003, "Can't connect to MySQL server on 'localhost' ([Errno 61] Connection refused)")
(Background on this error at: https://sqlalche.me/e/20/e3q8)
2026-02-22 04:30:22,535 - ERROR - Error checking trade day: (pymysql.err.OperationalError) (2003, "Can't connect to MySQL server on 'localhost' ([Errno 61] Connection refused)")
(Background on this error at: https://sqlalche.me/e/20/e3q8)
2026-02-22 04:30:52,678 - ERROR - Error checking trade day: (pymysql.err.OperationalError) (2003, "Can't connect to MySQL server on 'localhost' ([Errno 61] Connection refused)")
(Background on this error at: https://sqlalche.me/e/20/e3q8)
2026-02-22 04:31:22,828 - ERROR - Error checking trade day: (pymysql.err.OperationalError) (2003, "Can't connect to MySQL server on 'localhost' ([Errno 61] Connection refused)")
(Background on this error at: https://sqlalche.me/e/20/e3q8)
2026-02-22 04:31:52,964 - ERROR - Error checking trade day: (pymysql.err.OperationalError) (2003, "Can't connect to MySQL server on 'localhost' ([Errno 61] Connection refused)")
(Background on this error at: https://sqlalche.me/e/20/e3q8)
2026-02-22 04:32:23,105 - ERROR - Error checking trade day: (pymysql.err.OperationalError) (2003, "Can't connect to MySQL server on 'localhost' ([Errno 61] Connection refused)")
(Background on this error at: https://sqlalche.me/e/20/e3q8)
2026-02-22 04:32:53,240 - ERROR - Error checking trade day: (pymysql.err.OperationalError) (2003, "Can't connect to MySQL server on 'localhost' ([Errno 61] Connection refused)")
(Background on this error at: https://sqlalche.me/e/20/e3q8)
2026-02-22 04:33:23,355 - ERROR - Error checking trade day: (pymysql.err.OperationalError) (2003, "Can't connect to MySQL server on 'localhost' ([Errno 61] Connection refused)")
(Background on this error at: https://sqlalche.me/e/20/e3q8)
2026-02-22 04:33:53,497 - ERROR - Error checking trade day: (pymysql.err.OperationalError) (2003, "Can't connect to MySQL server on 'localhost' ([Errno 61] Connection refused)")
(Background on this error at: https://sqlalche.me/e/20/e3q8)
2026-02-22 04:34:23,638 - ERROR - Error checking trade day: (pymysql.err.OperationalError) (2003, "Can't connect to MySQL server on 'localhost' ([Errno 61] Connection refused)")
(Background on this error at: https://sqlalche.me/e/20/e3q8)
2026-02-22 04:34:53,778 - ERROR - Error checking trade day: (pymysql.err.OperationalError) (2003, "Can't connect to MySQL server on 'localhost' ([Errno 61] Connection refused)")
(Background on this error at: https://sqlalche.me/e/20/e3q8)
2026-02-22 04:35:23,900 - ERROR - Error checking trade day: (pymysql.err.OperationalError) (2003, "Can't connect to MySQL server on 'localhost' ([Errno 61] Connection refused)")
(Background on this error at: https://sqlalche.me/e/20/e3q8)
2026-02-22 04:35:54,052 - ERROR - Error checking trade day: (pymysql.err.OperationalError) (2003, "Can't connect to MySQL server on 'localhost' ([Errno 61] Connection refused)")
(Background on this error at: https://sqlalche.me/e/20/e3q8)
2026-02-22 04:36:24,204 - ERROR - Error checking trade day: (pymysql.err.OperationalError) (2003, "Can't connect to MySQL server on 'localhost' ([Errno 61] Connection refused)")
(Background on this error at: https://sqlalche.me/e/20/e3q8)
2026-02-22 04:36:54,347 - ERROR - Error checking trade day: (pymysql.err.OperationalError) (2003, "Can't connect to MySQL server on 'localhost' ([Errno 61] Connection refused)")
(Background on this error at: https://sqlalche.me/e/20/e3q8)
2026-02-22 04:37:24,500 - ERROR - Error checking trade day: (pymysql.err.OperationalError) (2003, "Can't connect to MySQL server on 'localhost' ([Errno 61] Connection refused)")
(Background on this error at: https://sqlalche.me/e/20/e3q8)
2026-02-22 04:37:54,649 - ERROR - Error checking trade day: (pymysql.err.OperationalError) (2003, "Can't connect to MySQL server on 'localhost' ([Errno 61] Connection refused)")
(Background on this error at: https://sqlalche.me/e/20/e3q8)
2026-02-22 04:38:24,795 - ERROR - Error checking trade day: (pymysql.err.OperationalError) (2003, "Can't connect to MySQL server on 'localhost' ([Errno 61] Connection refused)")
(Background on this error at: https://sqlalche.me/e/20/e3q8)
2026-02-22 04:38:54,937 - ERROR - Error checking trade day: (pymysql.err.OperationalError) (2003, "Can't connect to MySQL server on 'localhost' ([Errno 61] Connection refused)")
(Background on this error at: https://sqlalche.me/e/20/e3q8)
2026-02-22 04:39:25,088 - ERROR - Error checking trade day: (pymysql.err.OperationalError) (2003, "Can't connect to MySQL server on 'localhost' ([Errno 61] Connection refused)")
(Background on this error at: https://sqlalche.me/e/20/e3q8)
2026-02-22 04:39:55,226 - ERROR - Error checking trade day: (pymysql.err.OperationalError) (2003, "Can't connect to MySQL server on 'localhost' ([Errno 61] Connection refused)")
(Background on this error at: https://sqlalche.me/e/20/e3q8)
2026-02-22 04:40:25,373 - ERROR - Error checking trade day: (pymysql.err.OperationalError) (2003, "Can't connect to MySQL server on 'localhost' ([Errno 61] Connection refused)")
(Background on this error at: https://sqlalche.me/e/20/e3q8)
2026-02-22 04:40:55,519 - ERROR - Error checking trade day: (pymysql.err.OperationalError) (2003, "Can't connect to MySQL server on 'localhost' ([Errno 61] Connection refused)")
(Background on this error at: https://sqlalche.me/e/20/e3q8)
2026-02-22 04:41:25,663 - ERROR - Error checking trade day: (pymysql.err.OperationalError) (2003, "Can't connect to MySQL server on 'localhost' ([Errno 61] Connection refused)")
(Background on this error at: https://sqlalche.me/e/20/e3q8)
2026-02-22 04:41:55,804 - ERROR - Error checking trade day: (pymysql.err.OperationalError) (2003, "Can't connect to MySQL server on 'localhost' ([Errno 61] Connection refused)")
(Background on this error at: https://sqlalche.me/e/20/e3q8)
2026-02-22 04:42:25,957 - ERROR - Error checking trade day: (pymysql.err.OperationalError) (2003, "Can't connect to MySQL server on 'localhost' ([Errno 61] Connection refused)")
(Background on this error at: https://sqlalche.me/e/20/e3q8)
2026-02-22 04:42:56,096 - ERROR - Error checking trade day: (pymysql.err.OperationalError) (2003, "Can't connect to MySQL server on 'localhost' ([Errno 61] Connection refused)")
(Background on this error at: https://sqlalche.me/e/20/e3q8)
2026-02-22 04:43:26,224 - ERROR - Error checking trade day: (pymysql.err.OperationalError) (2003, "Can't connect to MySQL server on 'localhost' ([Errno 61] Connection refused)")
(Background on this error at: https://sqlalche.me/e/20/e3q8)
2026-02-22 04:43:56,373 - ERROR - Error checking trade day: (pymysql.err.OperationalError) (2003, "Can't connect to MySQL server on 'localhost' ([Errno 61] Connection refused)")
(Background on this error at: https://sqlalche.me/e/20/e3q8)
2026-02-22 04:44:26,518 - ERROR - Error checking trade day: (pymysql.err.OperationalError) (2003, "Can't connect to MySQL server on 'localhost' ([Errno 61] Connection refused)")
(Background on this error at: https://sqlalche.me/e/20/e3q8)
2026-02-22 04:44:56,642 - ERROR - Error checking trade day: (pymysql.err.OperationalError) (2003, "Can't connect to MySQL server on 'localhost' ([Errno 61] Connection refused)")
(Background on this error at: https://sqlalche.me/e/20/e3q8)
2026-02-22 04:45:26,758 - ERROR - Error checking trade day: (pymysql.err.OperationalError) (2003, "Can't connect to MySQL server on 'localhost' ([Errno 61] Connection refused)")
(Background on this error at: https://sqlalche.me/e/20/e3q8)
2026-02-22 04:45:56,907 - ERROR - Error checking trade day: (pymysql.err.OperationalError) (2003, "Can't connect to MySQL server on 'localhost' ([Errno 61] Connection refused)")
(Background on this error at: https://sqlalche.me/e/20/e3q8)
2026-02-22 04:46:27,055 - ERROR - Error checking trade day: (pymysql.err.OperationalError) (2003, "Can't connect to MySQL server on 'localhost' ([Errno 61] Connection refused)")
(Background on this error at: https://sqlalche.me/e/20/e3q8)
2026-02-22 04:46:57,202 - ERROR - Error checking trade day: (pymysql.err.OperationalError) (2003, "Can't connect to MySQL server on 'localhost' ([Errno 61] Connection refused)")
(Background on this error at: https://sqlalche.me/e/20/e3q8)
2026-02-22 04:47:27,336 - ERROR - Error checking trade day: (pymysql.err.OperationalError) (2003, "Can't connect to MySQL server on 'localhost' ([Errno 61] Connection refused)")
(Background on this error at: https://sqlalche.me/e/20/e3q8)
2026-02-22 04:47:57,486 - ERROR - Error checking trade day: (pymysql.err.OperationalError) (2003, "Can't connect to MySQL server on 'localhost' ([Errno 61] Connection refused)")
(Background on this error at: https://sqlalche.me/e/20/e3q8)
2026-02-22 04:48:27,637 - ERROR - Error checking trade day: (pymysql.err.OperationalError) (2003, "Can't connect to MySQL server on 'localhost' ([Errno 61] Connection refused)")
(Background on this error at: https://sqlalche.me/e/20/e3q8)
2026-02-22 04:48:57,775 - ERROR - Error checking trade day: (pymysql.err.OperationalError) (2003, "Can't connect to MySQL server on 'localhost' ([Errno 61] Connection refused)")
(Background on this error at: https://sqlalche.me/e/20/e3q8)
2026-02-22 04:49:27,919 - ERROR - Error checking trade day: (pymysql.err.OperationalError) (2003, "Can't connect to MySQL server on 'localhost' ([Errno 61] Connection refused)")
(Background on this error at: https://sqlalche.me/e/20/e3q8)
2026-02-22 04:49:58,062 - ERROR - Error checking trade day: (pymysql.err.OperationalError) (2003, "Can't connect to MySQL server on 'localhost' ([Errno 61] Connection refused)")
(Background on this error at: https://sqlalche.me/e/20/e3q8)
2026-02-22 04:50:28,189 - ERROR - Error checking trade day: (pymysql.err.OperationalError) (2003, "Can't connect to MySQL server on 'localhost' ([Errno 61] Connection refused)")
(Background on this error at: https://sqlalche.me/e/20/e3q8)
2026-02-22 04:50:58,334 - ERROR - Error checking trade day: (pymysql.err.OperationalError) (2003, "Can't connect to MySQL server on 'localhost' ([Errno 61] Connection refused)")
(Background on this error at: https://sqlalche.me/e/20/e3q8)
2026-02-22 04:51:28,478 - ERROR - Error checking trade day: (pymysql.err.OperationalError) (2003, "Can't connect to MySQL server on 'localhost' ([Errno 61] Connection refused)")
(Background on this error at: https://sqlalche.me/e/20/e3q8)
2026-02-22 04:51:58,624 - ERROR - Error checking trade day: (pymysql.err.OperationalError) (2003, "Can't connect to MySQL server on 'localhost' ([Errno 61] Connection refused)")
(Background on this error at: https://sqlalche.me/e/20/e3q8)
2026-02-22 04:52:28,772 - ERROR - Error checking trade day: (pymysql.err.OperationalError) (2003, "Can't connect to MySQL server on 'localhost' ([Errno 61] Connection refused)")
(Background on this error at: https://sqlalche.me/e/20/e3q8)
2026-02-22 04:52:58,917 - ERROR - Error checking trade day: (pymysql.err.OperationalError) (2003, "Can't connect to MySQL server on 'localhost' ([Errno 61] Connection refused)")
(Background on this error at: https://sqlalche.me/e/20/e3q8)
2026-02-22 04:53:29,056 - ERROR - Error checking trade day: (pymysql.err.OperationalError) (2003, "Can't connect to MySQL server on 'localhost' ([Errno 61] Connection refused)")
(Background on this error at: https://sqlalche.me/e/20/e3q8)
2026-02-22 04:53:59,205 - ERROR - Error checking trade day: (pymysql.err.OperationalError) (2003, "Can't connect to MySQL server on 'localhost' ([Errno 61] Connection refused)")
(Background on this error at: https://sqlalche.me/e/20/e3q8)
2026-02-22 04:54:29,342 - ERROR - Error checking trade day: (pymysql.err.OperationalError) (2003, "Can't connect to MySQL server on 'localhost' ([Errno 61] Connection refused)")
(Background on this error at: https://sqlalche.me/e/20/e3q8)
2026-02-22 04:54:59,484 - ERROR - Error checking trade day: (pymysql.err.OperationalError) (2003, "Can't connect to MySQL server on 'localhost' ([Errno 61] Connection refused)")
(Background on this error at: https://sqlalche.me/e/20/e3q8)
2026-02-22 04:55:29,625 - ERROR - Error checking trade day: (pymysql.err.OperationalError) (2003, "Can't connect to MySQL server on 'localhost' ([Errno 61] Connection refused)")
(Background on this error at: https://sqlalche.me/e/20/e3q8)
2026-02-22 04:55:59,770 - ERROR - Error checking trade day: (pymysql.err.OperationalError) (2003, "Can't connect to MySQL server on 'localhost' ([Errno 61] Connection refused)")
(Background on this error at: https://sqlalche.me/e/20/e3q8)
2026-02-22 04:56:29,920 - ERROR - Error checking trade day: (pymysql.err.OperationalError) (2003, "Can't connect to MySQL server on 'localhost' ([Errno 61] Connection refused)")
(Background on this error at: https://sqlalche.me/e/20/e3q8)
2026-02-22 04:57:00,004 - ERROR - Error checking trade day: (pymysql.err.OperationalError) (2003, "Can't connect to MySQL server on 'localhost' ([Errno 61] Connection refused)")
(Background on this error at: https://sqlalche.me/e/20/e3q8)
2026-02-22 04:57:30,146 - ERROR - Error checking trade day: (pymysql.err.OperationalError) (2003, "Can't connect to MySQL server on 'localhost' ([Errno 61] Connection refused)")
(Background on this error at: https://sqlalche.me/e/20/e3q8)
2026-02-22 04:58:00,290 - ERROR - Error checking trade day: (pymysql.err.OperationalError) (2003, "Can't connect to MySQL server on 'localhost' ([Errno 61] Connection refused)")
(Background on this error at: https://sqlalche.me/e/20/e3q8)
2026-02-22 04:58:30,294 - ERROR - Error checking trade day: (pymysql.err.OperationalError) (2003, "Can't connect to MySQL server on 'localhost' ([Errno 61] Connection refused)")
(Background on this error at: https://sqlalche.me/e/20/e3q8)
2026-02-22 04:59:00,420 - ERROR - Error checking trade day: (pymysql.err.OperationalError) (2003, "Can't connect to MySQL server on 'localhost' ([Errno 61] Connection refused)")
(Background on this error at: https://sqlalche.me/e/20/e3q8)
2026-02-22 04:59:30,572 - ERROR - Error checking trade day: (pymysql.err.OperationalError) (2003, "Can't connect to MySQL server on 'localhost' ([Errno 61] Connection refused)")
(Background on this error at: https://sqlalche.me/e/20/e3q8)
2026-02-22 05:00:00,714 - ERROR - Error checking trade day: (pymysql.err.OperationalError) (2003, "Can't connect to MySQL server on 'localhost' ([Errno 61] Connection refused)")
(Background on this error at: https://sqlalche.me/e/20/e3q8)
2026-02-22 05:00:00,715 - INFO - 2026-02-22 is not a trading day. Idling...
2026-02-22 05:00:30,848 - ERROR - Error checking trade day: (pymysql.err.OperationalError) (2003, "Can't connect to MySQL server on 'localhost' ([Errno 61] Connection refused)")
(Background on this error at: https://sqlalche.me/e/20/e3q8)
2026-02-22 05:01:00,984 - ERROR - Error checking trade day: (pymysql.err.OperationalError) (2003, "Can't connect to MySQL server on 'localhost' ([Errno 61] Connection refused)")
(Background on this error at: https://sqlalche.me/e/20/e3q8)
2026-02-22 05:01:31,108 - ERROR - Error checking trade day: (pymysql.err.OperationalError) (2003, "Can't connect to MySQL server on 'localhost' ([Errno 61] Connection refused)")
(Background on this error at: https://sqlalche.me/e/20/e3q8)
2026-02-22 05:02:01,242 - ERROR - Error checking trade day: (pymysql.err.OperationalError) (2003, "Can't connect to MySQL server on 'localhost' ([Errno 61] Connection refused)")
(Background on this error at: https://sqlalche.me/e/20/e3q8)
2026-02-22 05:02:31,389 - ERROR - Error checking trade day: (pymysql.err.OperationalError) (2003, "Can't connect to MySQL server on 'localhost' ([Errno 61] Connection refused)")
(Background on this error at: https://sqlalche.me/e/20/e3q8)
2026-02-22 05:03:01,534 - ERROR - Error checking trade day: (pymysql.err.OperationalError) (2003, "Can't connect to MySQL server on 'localhost' ([Errno 61] Connection refused)")
(Background on this error at: https://sqlalche.me/e/20/e3q8)
2026-02-22 05:03:31,683 - ERROR - Error checking trade day: (pymysql.err.OperationalError) (2003, "Can't connect to MySQL server on 'localhost' ([Errno 61] Connection refused)")
(Background on this error at: https://sqlalche.me/e/20/e3q8)
2026-02-22 05:04:01,824 - ERROR - Error checking trade day: (pymysql.err.OperationalError) (2003, "Can't connect to MySQL server on 'localhost' ([Errno 61] Connection refused)")
(Background on this error at: https://sqlalche.me/e/20/e3q8)
2026-02-22 05:04:31,956 - ERROR - Error checking trade day: (pymysql.err.OperationalError) (2003, "Can't connect to MySQL server on 'localhost' ([Errno 61] Connection refused)")
(Background on this error at: https://sqlalche.me/e/20/e3q8)
2026-02-22 05:05:02,106 - ERROR - Error checking trade day: (pymysql.err.OperationalError) (2003, "Can't connect to MySQL server on 'localhost' ([Errno 61] Connection refused)")
(Background on this error at: https://sqlalche.me/e/20/e3q8)
2026-02-22 05:05:32,242 - ERROR - Error checking trade day: (pymysql.err.OperationalError) (2003, "Can't connect to MySQL server on 'localhost' ([Errno 61] Connection refused)")
(Background on this error at: https://sqlalche.me/e/20/e3q8)
2026-02-22 05:06:02,284 - ERROR - Error checking trade day: (pymysql.err.OperationalError) (2003, "Can't connect to MySQL server on 'localhost' ([Errno 61] Connection refused)")
(Background on this error at: https://sqlalche.me/e/20/e3q8)
2026-02-22 05:06:32,374 - ERROR - Error checking trade day: (pymysql.err.OperationalError) (2003, "Can't connect to MySQL server on 'localhost' ([Errno 61] Connection refused)")
(Background on this error at: https://sqlalche.me/e/20/e3q8)
2026-02-22 05:07:02,527 - ERROR - Error checking trade day: (pymysql.err.OperationalError) (2003, "Can't connect to MySQL server on 'localhost' ([Errno 61] Connection refused)")
(Background on this error at: https://sqlalche.me/e/20/e3q8)
2026-02-22 05:07:32,666 - ERROR - Error checking trade day: (pymysql.err.OperationalError) (2003, "Can't connect to MySQL server on 'localhost' ([Errno 61] Connection refused)")
(Background on this error at: https://sqlalche.me/e/20/e3q8)
2026-02-22 05:08:02,810 - ERROR - Error checking trade day: (pymysql.err.OperationalError) (2003, "Can't connect to MySQL server on 'localhost' ([Errno 61] Connection refused)")
(Background on this error at: https://sqlalche.me/e/20/e3q8)
2026-02-22 05:08:32,950 - ERROR - Error checking trade day: (pymysql.err.OperationalError) (2003, "Can't connect to MySQL server on 'localhost' ([Errno 61] Connection refused)")
(Background on this error at: https://sqlalche.me/e/20/e3q8)
2026-02-22 05:09:03,091 - ERROR - Error checking trade day: (pymysql.err.OperationalError) (2003, "Can't connect to MySQL server on 'localhost' ([Errno 61] Connection refused)")
(Background on this error at: https://sqlalche.me/e/20/e3q8)
2026-02-22 05:09:33,241 - ERROR - Error checking trade day: (pymysql.err.OperationalError) (2003, "Can't connect to MySQL server on 'localhost' ([Errno 61] Connection refused)")
(Background on this error at: https://sqlalche.me/e/20/e3q8)
2026-02-22 05:10:03,386 - ERROR - Error checking trade day: (pymysql.err.OperationalError) (2003, "Can't connect to MySQL server on 'localhost' ([Errno 61] Connection refused)")
(Background on this error at: https://sqlalche.me/e/20/e3q8)
2026-02-22 05:10:33,525 - ERROR - Error checking trade day: (pymysql.err.OperationalError) (2003, "Can't connect to MySQL server on 'localhost' ([Errno 61] Connection refused)")
(Background on this error at: https://sqlalche.me/e/20/e3q8)
2026-02-22 05:11:03,667 - ERROR - Error checking trade day: (pymysql.err.OperationalError) (2003, "Can't connect to MySQL server on 'localhost' ([Errno 61] Connection refused)")
(Background on this error at: https://sqlalche.me/e/20/e3q8)
2026-02-22 05:11:33,694 - ERROR - Error checking trade day: (pymysql.err.OperationalError) (2003, "Can't connect to MySQL server on 'localhost' ([Errno 61] Connection refused)")
(Background on this error at: https://sqlalche.me/e/20/e3q8)
2026-02-22 05:12:03,839 - ERROR - Error checking trade day: (pymysql.err.OperationalError) (2003, "Can't connect to MySQL server on 'localhost' ([Errno 61] Connection refused)")
(Background on this error at: https://sqlalche.me/e/20/e3q8)
2026-02-22 05:12:33,945 - ERROR - Error checking trade day: (pymysql.err.OperationalError) (2003, "Can't connect to MySQL server on 'localhost' ([Errno 61] Connection refused)")
(Background on this error at: https://sqlalche.me/e/20/e3q8)
2026-02-22 05:13:04,096 - ERROR - Error checking trade day: (pymysql.err.OperationalError) (2003, "Can't connect to MySQL server on 'localhost' ([Errno 61] Connection refused)")
(Background on this error at: https://sqlalche.me/e/20/e3q8)
2026-02-22 05:13:34,244 - ERROR - Error checking trade day: (pymysql.err.OperationalError) (2003, "Can't connect to MySQL server on 'localhost' ([Errno 61] Connection refused)")
(Background on this error at: https://sqlalche.me/e/20/e3q8)
2026-02-22 05:14:04,302 - ERROR - Error checking trade day: (pymysql.err.OperationalError) (2003, "Can't connect to MySQL server on 'localhost' ([Errno 61] Connection refused)")
(Background on this error at: https://sqlalche.me/e/20/e3q8)
2026-02-22 05:14:34,364 - ERROR - Error checking trade day: (pymysql.err.OperationalError) (2003, "Can't connect to MySQL server on 'localhost' ([Errno 61] Connection refused)")
(Background on this error at: https://sqlalche.me/e/20/e3q8)
2026-02-22 05:15:04,513 - ERROR - Error checking trade day: (pymysql.err.OperationalError) (2003, "Can't connect to MySQL server on 'localhost' ([Errno 61] Connection refused)")
(Background on this error at: https://sqlalche.me/e/20/e3q8)
2026-02-22 05:15:34,554 - ERROR - Error checking trade day: (pymysql.err.OperationalError) (2003, "Can't connect to MySQL server on 'localhost' ([Errno 61] Connection refused)")
(Background on this error at: https://sqlalche.me/e/20/e3q8)
2026-02-22 05:16:04,698 - ERROR - Error checking trade day: (pymysql.err.OperationalError) (2003, "Can't connect to MySQL server on 'localhost' ([Errno 61] Connection refused)")
(Background on this error at: https://sqlalche.me/e/20/e3q8)
2026-02-22 05:16:34,850 - ERROR - Error checking trade day: (pymysql.err.OperationalError) (2003, "Can't connect to MySQL server on 'localhost' ([Errno 61] Connection refused)")
(Background on this error at: https://sqlalche.me/e/20/e3q8)
2026-02-22 05:17:04,994 - ERROR - Error checking trade day: (pymysql.err.OperationalError) (2003, "Can't connect to MySQL server on 'localhost' ([Errno 61] Connection refused)")
(Background on this error at: https://sqlalche.me/e/20/e3q8)
2026-02-22 05:17:35,123 - ERROR - Error checking trade day: (pymysql.err.OperationalError) (2003, "Can't connect to MySQL server on 'localhost' ([Errno 61] Connection refused)")
(Background on this error at: https://sqlalche.me/e/20/e3q8)
2026-02-22 05:18:05,243 - ERROR - Error checking trade day: (pymysql.err.OperationalError) (2003, "Can't connect to MySQL server on 'localhost' ([Errno 61] Connection refused)")
(Background on this error at: https://sqlalche.me/e/20/e3q8)
2026-02-22 05:18:35,375 - ERROR - Error checking trade day: (pymysql.err.OperationalError) (2003, "Can't connect to MySQL server on 'localhost' ([Errno 61] Connection refused)")
(Background on this error at: https://sqlalche.me/e/20/e3q8)
2026-02-22 05:19:05,511 - ERROR - Error checking trade day: (pymysql.err.OperationalError) (2003, "Can't connect to MySQL server on 'localhost' ([Errno 61] Connection refused)")
(Background on this error at: https://sqlalche.me/e/20/e3q8)
2026-02-22 05:19:35,660 - ERROR - Error checking trade day: (pymysql.err.OperationalError) (2003, "Can't connect to MySQL server on 'localhost' ([Errno 61] Connection refused)")
(Background on this error at: https://sqlalche.me/e/20/e3q8)
2026-02-22 05:20:05,808 - ERROR - Error checking trade day: (pymysql.err.OperationalError) (2003, "Can't connect to MySQL server on 'localhost' ([Errno 61] Connection refused)")
(Background on this error at: https://sqlalche.me/e/20/e3q8)
2026-02-22 05:20:35,937 - ERROR - Error checking trade day: (pymysql.err.OperationalError) (2003, "Can't connect to MySQL server on 'localhost' ([Errno 61] Connection refused)")
(Background on this error at: https://sqlalche.me/e/20/e3q8)
2026-02-22 05:21:06,012 - ERROR - Error checking trade day: (pymysql.err.OperationalError) (2003, "Can't connect to MySQL server on 'localhost' ([Errno 61] Connection refused)")
(Background on this error at: https://sqlalche.me/e/20/e3q8)
2026-02-22 05:21:36,161 - ERROR - Error checking trade day: (pymysql.err.OperationalError) (2003, "Can't connect to MySQL server on 'localhost' ([Errno 61] Connection refused)")
(Background on this error at: https://sqlalche.me/e/20/e3q8)
2026-02-22 05:22:06,310 - ERROR - Error checking trade day: (pymysql.err.OperationalError) (2003, "Can't connect to MySQL server on 'localhost' ([Errno 61] Connection refused)")
(Background on this error at: https://sqlalche.me/e/20/e3q8)
2026-02-22 05:22:36,436 - ERROR - Error checking trade day: (pymysql.err.OperationalError) (2003, "Can't connect to MySQL server on 'localhost' ([Errno 61] Connection refused)")
(Background on this error at: https://sqlalche.me/e/20/e3q8)
2026-02-22 05:23:06,571 - ERROR - Error checking trade day: (pymysql.err.OperationalError) (2003, "Can't connect to MySQL server on 'localhost' ([Errno 61] Connection refused)")
(Background on this error at: https://sqlalche.me/e/20/e3q8)
2026-02-22 05:23:36,715 - ERROR - Error checking trade day: (pymysql.err.OperationalError) (2003, "Can't connect to MySQL server on 'localhost' ([Errno 61] Connection refused)")
(Background on this error at: https://sqlalche.me/e/20/e3q8)
2026-02-22 05:24:06,866 - ERROR - Error checking trade day: (pymysql.err.OperationalError) (2003, "Can't connect to MySQL server on 'localhost' ([Errno 61] Connection refused)")
(Background on this error at: https://sqlalche.me/e/20/e3q8)
2026-02-22 05:24:37,010 - ERROR - Error checking trade day: (pymysql.err.OperationalError) (2003, "Can't connect to MySQL server on 'localhost' ([Errno 61] Connection refused)")
(Background on this error at: https://sqlalche.me/e/20/e3q8)
2026-02-22 05:25:07,161 - ERROR - Error checking trade day: (pymysql.err.OperationalError) (2003, "Can't connect to MySQL server on 'localhost' ([Errno 61] Connection refused)")
(Background on this error at: https://sqlalche.me/e/20/e3q8)
2026-02-22 05:25:37,314 - ERROR - Error checking trade day: (pymysql.err.OperationalError) (2003, "Can't connect to MySQL server on 'localhost' ([Errno 61] Connection refused)")
(Background on this error at: https://sqlalche.me/e/20/e3q8)
2026-02-22 05:26:07,464 - ERROR - Error checking trade day: (pymysql.err.OperationalError) (2003, "Can't connect to MySQL server on 'localhost' ([Errno 61] Connection refused)")
(Background on this error at: https://sqlalche.me/e/20/e3q8)
2026-02-22 05:26:37,602 - ERROR - Error checking trade day: (pymysql.err.OperationalError) (2003, "Can't connect to MySQL server on 'localhost' ([Errno 61] Connection refused)")
(Background on this error at: https://sqlalche.me/e/20/e3q8)
2026-02-22 05:27:07,746 - ERROR - Error checking trade day: (pymysql.err.OperationalError) (2003, "Can't connect to MySQL server on 'localhost' ([Errno 61] Connection refused)")
(Background on this error at: https://sqlalche.me/e/20/e3q8)
2026-02-22 05:27:37,899 - ERROR - Error checking trade day: (pymysql.err.OperationalError) (2003, "Can't connect to MySQL server on 'localhost' ([Errno 61] Connection refused)")
(Background on this error at: https://sqlalche.me/e/20/e3q8)
2026-02-22 05:28:08,032 - ERROR - Error checking trade day: (pymysql.err.OperationalError) (2003, "Can't connect to MySQL server on 'localhost' ([Errno 61] Connection refused)")
(Background on this error at: https://sqlalche.me/e/20/e3q8)
2026-02-22 05:28:38,185 - ERROR - Error checking trade day: (pymysql.err.OperationalError) (2003, "Can't connect to MySQL server on 'localhost' ([Errno 61] Connection refused)")
(Background on this error at: https://sqlalche.me/e/20/e3q8)
2026-02-22 05:29:08,321 - ERROR - Error checking trade day: (pymysql.err.OperationalError) (2003, "Can't connect to MySQL server on 'localhost' ([Errno 61] Connection refused)")
(Background on this error at: https://sqlalche.me/e/20/e3q8)
2026-02-22 05:29:38,446 - ERROR - Error checking trade day: (pymysql.err.OperationalError) (2003, "Can't connect to MySQL server on 'localhost' ([Errno 61] Connection refused)")
(Background on this error at: https://sqlalche.me/e/20/e3q8)
2026-02-22 05:30:08,566 - ERROR - Error checking trade day: (pymysql.err.OperationalError) (2003, "Can't connect to MySQL server on 'localhost' ([Errno 61] Connection refused)")
(Background on this error at: https://sqlalche.me/e/20/e3q8)
2026-02-22 05:30:38,719 - ERROR - Error checking trade day: (pymysql.err.OperationalError) (2003, "Can't connect to MySQL server on 'localhost' ([Errno 61] Connection refused)")
(Background on this error at: https://sqlalche.me/e/20/e3q8)
2026-02-22 05:31:08,860 - ERROR - Error checking trade day: (pymysql.err.OperationalError) (2003, "Can't connect to MySQL server on 'localhost' ([Errno 61] Connection refused)")
(Background on this error at: https://sqlalche.me/e/20/e3q8)
2026-02-22 05:31:38,961 - ERROR - Error checking trade day: (pymysql.err.OperationalError) (2003, "Can't connect to MySQL server on 'localhost' ([Errno 61] Connection refused)")
(Background on this error at: https://sqlalche.me/e/20/e3q8)
2026-02-22 05:32:09,111 - ERROR - Error checking trade day: (pymysql.err.OperationalError) (2003, "Can't connect to MySQL server on 'localhost' ([Errno 61] Connection refused)")
(Background on this error at: https://sqlalche.me/e/20/e3q8)
2026-02-22 05:32:39,253 - ERROR - Error checking trade day: (pymysql.err.OperationalError) (2003, "Can't connect to MySQL server on 'localhost' ([Errno 61] Connection refused)")
(Background on this error at: https://sqlalche.me/e/20/e3q8)
2026-02-22 05:33:09,387 - ERROR - Error checking trade day: (pymysql.err.OperationalError) (2003, "Can't connect to MySQL server on 'localhost' ([Errno 61] Connection refused)")
(Background on this error at: https://sqlalche.me/e/20/e3q8)
2026-02-22 05:33:39,507 - ERROR - Error checking trade day: (pymysql.err.OperationalError) (2003, "Can't connect to MySQL server on 'localhost' ([Errno 61] Connection refused)")
(Background on this error at: https://sqlalche.me/e/20/e3q8)
2026-02-22 05:34:09,643 - ERROR - Error checking trade day: (pymysql.err.OperationalError) (2003, "Can't connect to MySQL server on 'localhost' ([Errno 61] Connection refused)")
(Background on this error at: https://sqlalche.me/e/20/e3q8)
2026-02-22 05:34:39,761 - ERROR - Error checking trade day: (pymysql.err.OperationalError) (2003, "Can't connect to MySQL server on 'localhost' ([Errno 61] Connection refused)")
(Background on this error at: https://sqlalche.me/e/20/e3q8)
2026-02-22 05:35:09,886 - ERROR - Error checking trade day: (pymysql.err.OperationalError) (2003, "Can't connect to MySQL server on 'localhost' ([Errno 61] Connection refused)")
(Background on this error at: https://sqlalche.me/e/20/e3q8)
2026-02-22 05:35:40,014 - ERROR - Error checking trade day: (pymysql.err.OperationalError) (2003, "Can't connect to MySQL server on 'localhost' ([Errno 61] Connection refused)")
(Background on this error at: https://sqlalche.me/e/20/e3q8)
2026-02-22 05:36:10,163 - ERROR - Error checking trade day: (pymysql.err.OperationalError) (2003, "Can't connect to MySQL server on 'localhost' ([Errno 61] Connection refused)")
(Background on this error at: https://sqlalche.me/e/20/e3q8)
2026-02-22 05:36:40,291 - ERROR - Error checking trade day: (pymysql.err.OperationalError) (2003, "Can't connect to MySQL server on 'localhost' ([Errno 61] Connection refused)")
(Background on this error at: https://sqlalche.me/e/20/e3q8)
2026-02-22 05:37:10,416 - ERROR - Error checking trade day: (pymysql.err.OperationalError) (2003, "Can't connect to MySQL server on 'localhost' ([Errno 61] Connection refused)")
(Background on this error at: https://sqlalche.me/e/20/e3q8)
2026-02-22 05:37:40,569 - ERROR - Error checking trade day: (pymysql.err.OperationalError) (2003, "Can't connect to MySQL server on 'localhost' ([Errno 61] Connection refused)")
(Background on this error at: https://sqlalche.me/e/20/e3q8)
2026-02-22 05:38:10,700 - ERROR - Error checking trade day: (pymysql.err.OperationalError) (2003, "Can't connect to MySQL server on 'localhost' ([Errno 61] Connection refused)")
(Background on this error at: https://sqlalche.me/e/20/e3q8)
2026-02-22 05:38:40,845 - ERROR - Error checking trade day: (pymysql.err.OperationalError) (2003, "Can't connect to MySQL server on 'localhost' ([Errno 61] Connection refused)")
(Background on this error at: https://sqlalche.me/e/20/e3q8)
2026-02-22 05:39:10,870 - ERROR - Error checking trade day: (pymysql.err.OperationalError) (2003, "Can't connect to MySQL server on 'localhost' ([Errno 61] Connection refused)")
(Background on this error at: https://sqlalche.me/e/20/e3q8)
2026-02-22 05:39:41,007 - ERROR - Error checking trade day: (pymysql.err.OperationalError) (2003, "Can't connect to MySQL server on 'localhost' ([Errno 61] Connection refused)")
(Background on this error at: https://sqlalche.me/e/20/e3q8)
2026-02-22 05:40:11,157 - ERROR - Error checking trade day: (pymysql.err.OperationalError) (2003, "Can't connect to MySQL server on 'localhost' ([Errno 61] Connection refused)")
(Background on this error at: https://sqlalche.me/e/20/e3q8)
2026-02-22 05:40:41,305 - ERROR - Error checking trade day: (pymysql.err.OperationalError) (2003, "Can't connect to MySQL server on 'localhost' ([Errno 61] Connection refused)")
(Background on this error at: https://sqlalche.me/e/20/e3q8)
2026-02-22 05:41:11,457 - ERROR - Error checking trade day: (pymysql.err.OperationalError) (2003, "Can't connect to MySQL server on 'localhost' ([Errno 61] Connection refused)")
(Background on this error at: https://sqlalche.me/e/20/e3q8)
2026-02-22 05:41:41,597 - ERROR - Error checking trade day: (pymysql.err.OperationalError) (2003, "Can't connect to MySQL server on 'localhost' ([Errno 61] Connection refused)")
(Background on this error at: https://sqlalche.me/e/20/e3q8)
2026-02-22 05:42:11,710 - ERROR - Error checking trade day: (pymysql.err.OperationalError) (2003, "Can't connect to MySQL server on 'localhost' ([Errno 61] Connection refused)")
(Background on this error at: https://sqlalche.me/e/20/e3q8)
2026-02-22 05:42:41,863 - ERROR - Error checking trade day: (pymysql.err.OperationalError) (2003, "Can't connect to MySQL server on 'localhost' ([Errno 61] Connection refused)")
(Background on this error at: https://sqlalche.me/e/20/e3q8)
2026-02-22 05:43:11,935 - ERROR - Error checking trade day: (pymysql.err.OperationalError) (2003, "Can't connect to MySQL server on 'localhost' ([Errno 61] Connection refused)")
(Background on this error at: https://sqlalche.me/e/20/e3q8)
2026-02-22 05:43:42,065 - ERROR - Error checking trade day: (pymysql.err.OperationalError) (2003, "Can't connect to MySQL server on 'localhost' ([Errno 61] Connection refused)")
(Background on this error at: https://sqlalche.me/e/20/e3q8)
2026-02-22 05:44:12,218 - ERROR - Error checking trade day: (pymysql.err.OperationalError) (2003, "Can't connect to MySQL server on 'localhost' ([Errno 61] Connection refused)")
(Background on this error at: https://sqlalche.me/e/20/e3q8)
2026-02-22 05:44:42,351 - ERROR - Error checking trade day: (pymysql.err.OperationalError) (2003, "Can't connect to MySQL server on 'localhost' ([Errno 61] Connection refused)")
(Background on this error at: https://sqlalche.me/e/20/e3q8)
2026-02-22 05:45:12,448 - ERROR - Error checking trade day: (pymysql.err.OperationalError) (2003, "Can't connect to MySQL server on 'localhost' ([Errno 61] Connection refused)")
(Background on this error at: https://sqlalche.me/e/20/e3q8)
2026-02-22 05:45:42,568 - ERROR - Error checking trade day: (pymysql.err.OperationalError) (2003, "Can't connect to MySQL server on 'localhost' ([Errno 61] Connection refused)")
(Background on this error at: https://sqlalche.me/e/20/e3q8)
2026-02-22 05:46:12,714 - ERROR - Error checking trade day: (pymysql.err.OperationalError) (2003, "Can't connect to MySQL server on 'localhost' ([Errno 61] Connection refused)")
(Background on this error at: https://sqlalche.me/e/20/e3q8)
2026-02-22 05:46:42,849 - ERROR - Error checking trade day: (pymysql.err.OperationalError) (2003, "Can't connect to MySQL server on 'localhost' ([Errno 61] Connection refused)")
(Background on this error at: https://sqlalche.me/e/20/e3q8)
2026-02-22 05:47:12,986 - ERROR - Error checking trade day: (pymysql.err.OperationalError) (2003, "Can't connect to MySQL server on 'localhost' ([Errno 61] Connection refused)")
(Background on this error at: https://sqlalche.me/e/20/e3q8)
2026-02-22 05:47:43,137 - ERROR - Error checking trade day: (pymysql.err.OperationalError) (2003, "Can't connect to MySQL server on 'localhost' ([Errno 61] Connection refused)")
(Background on this error at: https://sqlalche.me/e/20/e3q8)
2026-02-22 05:48:13,227 - ERROR - Error checking trade day: (pymysql.err.OperationalError) (2003, "Can't connect to MySQL server on 'localhost' ([Errno 61] Connection refused)")
(Background on this error at: https://sqlalche.me/e/20/e3q8)
2026-02-22 05:48:43,370 - ERROR - Error checking trade day: (pymysql.err.OperationalError) (2003, "Can't connect to MySQL server on 'localhost' ([Errno 61] Connection refused)")
(Background on this error at: https://sqlalche.me/e/20/e3q8)
2026-02-22 05:49:13,501 - ERROR - Error checking trade day: (pymysql.err.OperationalError) (2003, "Can't connect to MySQL server on 'localhost' ([Errno 61] Connection refused)")
(Background on this error at: https://sqlalche.me/e/20/e3q8)
2026-02-22 05:49:43,630 - ERROR - Error checking trade day: (pymysql.err.OperationalError) (2003, "Can't connect to MySQL server on 'localhost' ([Errno 61] Connection refused)")
(Background on this error at: https://sqlalche.me/e/20/e3q8)
2026-02-22 05:50:13,761 - ERROR - Error checking trade day: (pymysql.err.OperationalError) (2003, "Can't connect to MySQL server on 'localhost' ([Errno 61] Connection refused)")
(Background on this error at: https://sqlalche.me/e/20/e3q8)
2026-02-22 05:50:43,913 - ERROR - Error checking trade day: (pymysql.err.OperationalError) (2003, "Can't connect to MySQL server on 'localhost' ([Errno 61] Connection refused)")
(Background on this error at: https://sqlalche.me/e/20/e3q8)
2026-02-22 05:51:14,067 - ERROR - Error checking trade day: (pymysql.err.OperationalError) (2003, "Can't connect to MySQL server on 'localhost' ([Errno 61] Connection refused)")
(Background on this error at: https://sqlalche.me/e/20/e3q8)
2026-02-22 05:51:44,210 - ERROR - Error checking trade day: (pymysql.err.OperationalError) (2003, "Can't connect to MySQL server on 'localhost' ([Errno 61] Connection refused)")
(Background on this error at: https://sqlalche.me/e/20/e3q8)
2026-02-22 05:52:14,356 - ERROR - Error checking trade day: (pymysql.err.OperationalError) (2003, "Can't connect to MySQL server on 'localhost' ([Errno 61] Connection refused)")
(Background on this error at: https://sqlalche.me/e/20/e3q8)
2026-02-22 05:52:44,467 - ERROR - Error checking trade day: (pymysql.err.OperationalError) (2003, "Can't connect to MySQL server on 'localhost' ([Errno 61] Connection refused)")
(Background on this error at: https://sqlalche.me/e/20/e3q8)
2026-02-22 05:53:14,580 - ERROR - Error checking trade day: (pymysql.err.OperationalError) (2003, "Can't connect to MySQL server on 'localhost' ([Errno 61] Connection refused)")
(Background on this error at: https://sqlalche.me/e/20/e3q8)
2026-02-22 05:53:44,713 - ERROR - Error checking trade day: (pymysql.err.OperationalError) (2003, "Can't connect to MySQL server on 'localhost' ([Errno 61] Connection refused)")
(Background on this error at: https://sqlalche.me/e/20/e3q8)
2026-02-22 05:54:14,856 - ERROR - Error checking trade day: (pymysql.err.OperationalError) (2003, "Can't connect to MySQL server on 'localhost' ([Errno 61] Connection refused)")
(Background on this error at: https://sqlalche.me/e/20/e3q8)
2026-02-22 05:54:44,879 - ERROR - Error checking trade day: (pymysql.err.OperationalError) (2003, "Can't connect to MySQL server on 'localhost' ([Errno 61] Connection refused)")
(Background on this error at: https://sqlalche.me/e/20/e3q8)
2026-02-22 05:55:14,990 - ERROR - Error checking trade day: (pymysql.err.OperationalError) (2003, "Can't connect to MySQL server on 'localhost' ([Errno 61] Connection refused)")
(Background on this error at: https://sqlalche.me/e/20/e3q8)
2026-02-22 05:55:45,142 - ERROR - Error checking trade day: (pymysql.err.OperationalError) (2003, "Can't connect to MySQL server on 'localhost' ([Errno 61] Connection refused)")
(Background on this error at: https://sqlalche.me/e/20/e3q8)
2026-02-22 05:56:15,268 - ERROR - Error checking trade day: (pymysql.err.OperationalError) (2003, "Can't connect to MySQL server on 'localhost' ([Errno 61] Connection refused)")
(Background on this error at: https://sqlalche.me/e/20/e3q8)
2026-02-22 05:56:45,413 - ERROR - Error checking trade day: (pymysql.err.OperationalError) (2003, "Can't connect to MySQL server on 'localhost' ([Errno 61] Connection refused)")
(Background on this error at: https://sqlalche.me/e/20/e3q8)
2026-02-22 05:57:15,549 - ERROR - Error checking trade day: (pymysql.err.OperationalError) (2003, "Can't connect to MySQL server on 'localhost' ([Errno 61] Connection refused)")
(Background on this error at: https://sqlalche.me/e/20/e3q8)
2026-02-22 05:57:45,696 - ERROR - Error checking trade day: (pymysql.err.OperationalError) (2003, "Can't connect to MySQL server on 'localhost' ([Errno 61] Connection refused)")
(Background on this error at: https://sqlalche.me/e/20/e3q8)
2026-02-22 05:58:15,814 - ERROR - Error checking trade day: (pymysql.err.OperationalError) (2003, "Can't connect to MySQL server on 'localhost' ([Errno 61] Connection refused)")
(Background on this error at: https://sqlalche.me/e/20/e3q8)
2026-02-22 05:58:45,953 - ERROR - Error checking trade day: (pymysql.err.OperationalError) (2003, "Can't connect to MySQL server on 'localhost' ([Errno 61] Connection refused)")
(Background on this error at: https://sqlalche.me/e/20/e3q8)
2026-02-22 05:59:16,046 - ERROR - Error checking trade day: (pymysql.err.OperationalError) (2003, "Can't connect to MySQL server on 'localhost' ([Errno 61] Connection refused)")
(Background on this error at: https://sqlalche.me/e/20/e3q8)
2026-02-22 05:59:46,188 - ERROR - Error checking trade day: (pymysql.err.OperationalError) (2003, "Can't connect to MySQL server on 'localhost' ([Errno 61] Connection refused)")
(Background on this error at: https://sqlalche.me/e/20/e3q8)
2026-02-22 06:00:16,314 - ERROR - Error checking trade day: (pymysql.err.OperationalError) (2003, "Can't connect to MySQL server on 'localhost' ([Errno 61] Connection refused)")
(Background on this error at: https://sqlalche.me/e/20/e3q8)
2026-02-22 06:00:16,314 - INFO - 2026-02-22 is not a trading day. Idling...
2026-02-22 06:00:46,459 - ERROR - Error checking trade day: (pymysql.err.OperationalError) (2003, "Can't connect to MySQL server on 'localhost' ([Errno 61] Connection refused)")
(Background on this error at: https://sqlalche.me/e/20/e3q8)
2026-02-22 06:01:16,599 - ERROR - Error checking trade day: (pymysql.err.OperationalError) (2003, "Can't connect to MySQL server on 'localhost' ([Errno 61] Connection refused)")
(Background on this error at: https://sqlalche.me/e/20/e3q8)
2026-02-22 06:01:46,661 - ERROR - Error checking trade day: (pymysql.err.OperationalError) (2003, "Can't connect to MySQL server on 'localhost' ([Errno 61] Connection refused)")
(Background on this error at: https://sqlalche.me/e/20/e3q8)
2026-02-22 06:02:16,800 - ERROR - Error checking trade day: (pymysql.err.OperationalError) (2003, "Can't connect to MySQL server on 'localhost' ([Errno 61] Connection refused)")
(Background on this error at: https://sqlalche.me/e/20/e3q8)
2026-02-22 06:02:46,946 - ERROR - Error checking trade day: (pymysql.err.OperationalError) (2003, "Can't connect to MySQL server on 'localhost' ([Errno 61] Connection refused)")
(Background on this error at: https://sqlalche.me/e/20/e3q8)
2026-02-22 06:03:17,084 - ERROR - Error checking trade day: (pymysql.err.OperationalError) (2003, "Can't connect to MySQL server on 'localhost' ([Errno 61] Connection refused)")
(Background on this error at: https://sqlalche.me/e/20/e3q8)
2026-02-22 06:03:47,213 - ERROR - Error checking trade day: (pymysql.err.OperationalError) (2003, "Can't connect to MySQL server on 'localhost' ([Errno 61] Connection refused)")
(Background on this error at: https://sqlalche.me/e/20/e3q8)
2026-02-22 06:04:17,357 - ERROR - Error checking trade day: (pymysql.err.OperationalError) (2003, "Can't connect to MySQL server on 'localhost' ([Errno 61] Connection refused)")
(Background on this error at: https://sqlalche.me/e/20/e3q8)
2026-02-22 06:04:47,501 - ERROR - Error checking trade day: (pymysql.err.OperationalError) (2003, "Can't connect to MySQL server on 'localhost' ([Errno 61] Connection refused)")
(Background on this error at: https://sqlalche.me/e/20/e3q8)
2026-02-22 06:05:17,646 - ERROR - Error checking trade day: (pymysql.err.OperationalError) (2003, "Can't connect to MySQL server on 'localhost' ([Errno 61] Connection refused)")
(Background on this error at: https://sqlalche.me/e/20/e3q8)
2026-02-22 06:05:47,743 - ERROR - Error checking trade day: (pymysql.err.OperationalError) (2003, "Can't connect to MySQL server on 'localhost' ([Errno 61] Connection refused)")
(Background on this error at: https://sqlalche.me/e/20/e3q8)
2026-02-22 06:06:17,856 - ERROR - Error checking trade day: (pymysql.err.OperationalError) (2003, "Can't connect to MySQL server on 'localhost' ([Errno 61] Connection refused)")
(Background on this error at: https://sqlalche.me/e/20/e3q8)
2026-02-22 06:06:47,996 - ERROR - Error checking trade day: (pymysql.err.OperationalError) (2003, "Can't connect to MySQL server on 'localhost' ([Errno 61] Connection refused)")
(Background on this error at: https://sqlalche.me/e/20/e3q8)
2026-02-22 06:07:18,125 - ERROR - Error checking trade day: (pymysql.err.OperationalError) (2003, "Can't connect to MySQL server on 'localhost' ([Errno 61] Connection refused)")
(Background on this error at: https://sqlalche.me/e/20/e3q8)
2026-02-22 06:07:48,277 - ERROR - Error checking trade day: (pymysql.err.OperationalError) (2003, "Can't connect to MySQL server on 'localhost' ([Errno 61] Connection refused)")
(Background on this error at: https://sqlalche.me/e/20/e3q8)
2026-02-22 06:08:18,421 - ERROR - Error checking trade day: (pymysql.err.OperationalError) (2003, "Can't connect to MySQL server on 'localhost' ([Errno 61] Connection refused)")
(Background on this error at: https://sqlalche.me/e/20/e3q8)
2026-02-22 06:08:48,554 - ERROR - Error checking trade day: (pymysql.err.OperationalError) (2003, "Can't connect to MySQL server on 'localhost' ([Errno 61] Connection refused)")
(Background on this error at: https://sqlalche.me/e/20/e3q8)
2026-02-22 06:09:18,672 - ERROR - Error checking trade day: (pymysql.err.OperationalError) (2003, "Can't connect to MySQL server on 'localhost' ([Errno 61] Connection refused)")
(Background on this error at: https://sqlalche.me/e/20/e3q8)
2026-02-22 06:09:48,822 - ERROR - Error checking trade day: (pymysql.err.OperationalError) (2003, "Can't connect to MySQL server on 'localhost' ([Errno 61] Connection refused)")
(Background on this error at: https://sqlalche.me/e/20/e3q8)
2026-02-22 06:10:18,939 - ERROR - Error checking trade day: (pymysql.err.OperationalError) (2003, "Can't connect to MySQL server on 'localhost' ([Errno 61] Connection refused)")
(Background on this error at: https://sqlalche.me/e/20/e3q8)
2026-02-22 06:10:49,093 - ERROR - Error checking trade day: (pymysql.err.OperationalError) (2003, "Can't connect to MySQL server on 'localhost' ([Errno 61] Connection refused)")
(Background on this error at: https://sqlalche.me/e/20/e3q8)
2026-02-22 06:11:19,245 - ERROR - Error checking trade day: (pymysql.err.OperationalError) (2003, "Can't connect to MySQL server on 'localhost' ([Errno 61] Connection refused)")
(Background on this error at: https://sqlalche.me/e/20/e3q8)
2026-02-22 06:11:49,394 - ERROR - Error checking trade day: (pymysql.err.OperationalError) (2003, "Can't connect to MySQL server on 'localhost' ([Errno 61] Connection refused)")
(Background on this error at: https://sqlalche.me/e/20/e3q8)
2026-02-22 06:12:19,414 - ERROR - Error checking trade day: (pymysql.err.OperationalError) (2003, "Can't connect to MySQL server on 'localhost' ([Errno 61] Connection refused)")
(Background on this error at: https://sqlalche.me/e/20/e3q8)
2026-02-22 06:12:49,529 - ERROR - Error checking trade day: (pymysql.err.OperationalError) (2003, "Can't connect to MySQL server on 'localhost' ([Errno 61] Connection refused)")
(Background on this error at: https://sqlalche.me/e/20/e3q8)
2026-02-22 06:13:19,542 - ERROR - Error checking trade day: (pymysql.err.OperationalError) (2003, "Can't connect to MySQL server on 'localhost' ([Errno 61] Connection refused)")
(Background on this error at: https://sqlalche.me/e/20/e3q8)
2026-02-22 06:13:49,631 - ERROR - Error checking trade day: (pymysql.err.OperationalError) (2003, "Can't connect to MySQL server on 'localhost' ([Errno 61] Connection refused)")
(Background on this error at: https://sqlalche.me/e/20/e3q8)
2026-02-22 06:14:19,773 - ERROR - Error checking trade day: (pymysql.err.OperationalError) (2003, "Can't connect to MySQL server on 'localhost' ([Errno 61] Connection refused)")
(Background on this error at: https://sqlalche.me/e/20/e3q8)
2026-02-22 06:14:49,926 - ERROR - Error checking trade day: (pymysql.err.OperationalError) (2003, "Can't connect to MySQL server on 'localhost' ([Errno 61] Connection refused)")
(Background on this error at: https://sqlalche.me/e/20/e3q8)
2026-02-22 06:15:20,075 - ERROR - Error checking trade day: (pymysql.err.OperationalError) (2003, "Can't connect to MySQL server on 'localhost' ([Errno 61] Connection refused)")
(Background on this error at: https://sqlalche.me/e/20/e3q8)
2026-02-22 06:15:50,227 - ERROR - Error checking trade day: (pymysql.err.OperationalError) (2003, "Can't connect to MySQL server on 'localhost' ([Errno 61] Connection refused)")
(Background on this error at: https://sqlalche.me/e/20/e3q8)
2026-02-22 06:16:20,379 - ERROR - Error checking trade day: (pymysql.err.OperationalError) (2003, "Can't connect to MySQL server on 'localhost' ([Errno 61] Connection refused)")
(Background on this error at: https://sqlalche.me/e/20/e3q8)
2026-02-22 06:16:50,520 - ERROR - Error checking trade day: (pymysql.err.OperationalError) (2003, "Can't connect to MySQL server on 'localhost' ([Errno 61] Connection refused)")
(Background on this error at: https://sqlalche.me/e/20/e3q8)
2026-02-22 06:17:20,672 - ERROR - Error checking trade day: (pymysql.err.OperationalError) (2003, "Can't connect to MySQL server on 'localhost' ([Errno 61] Connection refused)")
(Background on this error at: https://sqlalche.me/e/20/e3q8)
2026-02-22 06:17:50,815 - ERROR - Error checking trade day: (pymysql.err.OperationalError) (2003, "Can't connect to MySQL server on 'localhost' ([Errno 61] Connection refused)")
(Background on this error at: https://sqlalche.me/e/20/e3q8)
2026-02-22 06:18:20,937 - ERROR - Error checking trade day: (pymysql.err.OperationalError) (2003, "Can't connect to MySQL server on 'localhost' ([Errno 61] Connection refused)")
(Background on this error at: https://sqlalche.me/e/20/e3q8)
2026-02-22 06:18:51,068 - ERROR - Error checking trade day: (pymysql.err.OperationalError) (2003, "Can't connect to MySQL server on 'localhost' ([Errno 61] Connection refused)")
(Background on this error at: https://sqlalche.me/e/20/e3q8)
2026-02-22 06:19:21,172 - ERROR - Error checking trade day: (pymysql.err.OperationalError) (2003, "Can't connect to MySQL server on 'localhost' ([Errno 61] Connection refused)")
(Background on this error at: https://sqlalche.me/e/20/e3q8)
2026-02-22 06:19:51,289 - ERROR - Error checking trade day: (pymysql.err.OperationalError) (2003, "Can't connect to MySQL server on 'localhost' ([Errno 61] Connection refused)")
(Background on this error at: https://sqlalche.me/e/20/e3q8)
2026-02-22 06:20:21,396 - ERROR - Error checking trade day: (pymysql.err.OperationalError) (2003, "Can't connect to MySQL server on 'localhost' ([Errno 61] Connection refused)")
(Background on this error at: https://sqlalche.me/e/20/e3q8)
2026-02-22 06:20:51,542 - ERROR - Error checking trade day: (pymysql.err.OperationalError) (2003, "Can't connect to MySQL server on 'localhost' ([Errno 61] Connection refused)")
(Background on this error at: https://sqlalche.me/e/20/e3q8)
2026-02-22 06:21:21,689 - ERROR - Error checking trade day: (pymysql.err.OperationalError) (2003, "Can't connect to MySQL server on 'localhost' ([Errno 61] Connection refused)")
(Background on this error at: https://sqlalche.me/e/20/e3q8)
2026-02-22 06:21:51,826 - ERROR - Error checking trade day: (pymysql.err.OperationalError) (2003, "Can't connect to MySQL server on 'localhost' ([Errno 61] Connection refused)")
(Background on this error at: https://sqlalche.me/e/20/e3q8)
2026-02-22 06:22:21,974 - ERROR - Error checking trade day: (pymysql.err.OperationalError) (2003, "Can't connect to MySQL server on 'localhost' ([Errno 61] Connection refused)")
(Background on this error at: https://sqlalche.me/e/20/e3q8)
2026-02-22 06:22:52,102 - ERROR - Error checking trade day: (pymysql.err.OperationalError) (2003, "Can't connect to MySQL server on 'localhost' ([Errno 61] Connection refused)")
(Background on this error at: https://sqlalche.me/e/20/e3q8)
2026-02-22 06:23:22,249 - ERROR - Error checking trade day: (pymysql.err.OperationalError) (2003, "Can't connect to MySQL server on 'localhost' ([Errno 61] Connection refused)")
(Background on this error at: https://sqlalche.me/e/20/e3q8)
2026-02-22 06:23:52,391 - ERROR - Error checking trade day: (pymysql.err.OperationalError) (2003, "Can't connect to MySQL server on 'localhost' ([Errno 61] Connection refused)")
(Background on this error at: https://sqlalche.me/e/20/e3q8)
2026-02-22 06:24:22,536 - ERROR - Error checking trade day: (pymysql.err.OperationalError) (2003, "Can't connect to MySQL server on 'localhost' ([Errno 61] Connection refused)")
(Background on this error at: https://sqlalche.me/e/20/e3q8)
2026-02-22 06:24:52,687 - ERROR - Error checking trade day: (pymysql.err.OperationalError) (2003, "Can't connect to MySQL server on 'localhost' ([Errno 61] Connection refused)")
(Background on this error at: https://sqlalche.me/e/20/e3q8)
2026-02-22 06:25:22,839 - ERROR - Error checking trade day: (pymysql.err.OperationalError) (2003, "Can't connect to MySQL server on 'localhost' ([Errno 61] Connection refused)")
(Background on this error at: https://sqlalche.me/e/20/e3q8)
2026-02-22 06:25:52,987 - ERROR - Error checking trade day: (pymysql.err.OperationalError) (2003, "Can't connect to MySQL server on 'localhost' ([Errno 61] Connection refused)")
(Background on this error at: https://sqlalche.me/e/20/e3q8)
2026-02-22 06:26:23,117 - ERROR - Error checking trade day: (pymysql.err.OperationalError) (2003, "Can't connect to MySQL server on 'localhost' ([Errno 61] Connection refused)")
(Background on this error at: https://sqlalche.me/e/20/e3q8)
2026-02-22 06:26:53,220 - ERROR - Error checking trade day: (pymysql.err.OperationalError) (2003, "Can't connect to MySQL server on 'localhost' ([Errno 61] Connection refused)")
(Background on this error at: https://sqlalche.me/e/20/e3q8)
2026-02-22 06:27:23,373 - ERROR - Error checking trade day: (pymysql.err.OperationalError) (2003, "Can't connect to MySQL server on 'localhost' ([Errno 61] Connection refused)")
(Background on this error at: https://sqlalche.me/e/20/e3q8)
2026-02-22 06:27:53,520 - ERROR - Error checking trade day: (pymysql.err.OperationalError) (2003, "Can't connect to MySQL server on 'localhost' ([Errno 61] Connection refused)")
(Background on this error at: https://sqlalche.me/e/20/e3q8)
2026-02-22 06:28:23,664 - ERROR - Error checking trade day: (pymysql.err.OperationalError) (2003, "Can't connect to MySQL server on 'localhost' ([Errno 61] Connection refused)")
(Background on this error at: https://sqlalche.me/e/20/e3q8)
2026-02-22 06:28:53,768 - ERROR - Error checking trade day: (pymysql.err.OperationalError) (2003, "Can't connect to MySQL server on 'localhost' ([Errno 61] Connection refused)")
(Background on this error at: https://sqlalche.me/e/20/e3q8)
2026-02-22 06:29:23,921 - ERROR - Error checking trade day: (pymysql.err.OperationalError) (2003, "Can't connect to MySQL server on 'localhost' ([Errno 61] Connection refused)")
(Background on this error at: https://sqlalche.me/e/20/e3q8)
2026-02-22 06:29:54,062 - ERROR - Error checking trade day: (pymysql.err.OperationalError) (2003, "Can't connect to MySQL server on 'localhost' ([Errno 61] Connection refused)")
(Background on this error at: https://sqlalche.me/e/20/e3q8)
2026-02-22 06:30:24,211 - ERROR - Error checking trade day: (pymysql.err.OperationalError) (2003, "Can't connect to MySQL server on 'localhost' ([Errno 61] Connection refused)")
(Background on this error at: https://sqlalche.me/e/20/e3q8)
2026-02-22 06:30:54,328 - ERROR - Error checking trade day: (pymysql.err.OperationalError) (2003, "Can't connect to MySQL server on 'localhost' ([Errno 61] Connection refused)")
(Background on this error at: https://sqlalche.me/e/20/e3q8)
2026-02-22 06:31:24,454 - ERROR - Error checking trade day: (pymysql.err.OperationalError) (2003, "Can't connect to MySQL server on 'localhost' ([Errno 61] Connection refused)")
(Background on this error at: https://sqlalche.me/e/20/e3q8)
2026-02-22 06:31:54,599 - ERROR - Error checking trade day: (pymysql.err.OperationalError) (2003, "Can't connect to MySQL server on 'localhost' ([Errno 61] Connection refused)")
(Background on this error at: https://sqlalche.me/e/20/e3q8)
2026-02-22 06:32:24,724 - ERROR - Error checking trade day: (pymysql.err.OperationalError) (2003, "Can't connect to MySQL server on 'localhost' ([Errno 61] Connection refused)")
(Background on this error at: https://sqlalche.me/e/20/e3q8)
2026-02-22 06:32:54,862 - ERROR - Error checking trade day: (pymysql.err.OperationalError) (2003, "Can't connect to MySQL server on 'localhost' ([Errno 61] Connection refused)")
(Background on this error at: https://sqlalche.me/e/20/e3q8)
2026-02-22 06:33:25,001 - ERROR - Error checking trade day: (pymysql.err.OperationalError) (2003, "Can't connect to MySQL server on 'localhost' ([Errno 61] Connection refused)")
(Background on this error at: https://sqlalche.me/e/20/e3q8)
2026-02-22 06:33:55,134 - ERROR - Error checking trade day: (pymysql.err.OperationalError) (2003, "Can't connect to MySQL server on 'localhost' ([Errno 61] Connection refused)")
(Background on this error at: https://sqlalche.me/e/20/e3q8)
2026-02-22 06:34:25,270 - ERROR - Error checking trade day: (pymysql.err.OperationalError) (2003, "Can't connect to MySQL server on 'localhost' ([Errno 61] Connection refused)")
(Background on this error at: https://sqlalche.me/e/20/e3q8)
2026-02-22 06:34:55,418 - ERROR - Error checking trade day: (pymysql.err.OperationalError) (2003, "Can't connect to MySQL server on 'localhost' ([Errno 61] Connection refused)")
(Background on this error at: https://sqlalche.me/e/20/e3q8)
2026-02-22 06:35:25,569 - ERROR - Error checking trade day: (pymysql.err.OperationalError) (2003, "Can't connect to MySQL server on 'localhost' ([Errno 61] Connection refused)")
(Background on this error at: https://sqlalche.me/e/20/e3q8)
2026-02-22 06:35:55,573 - ERROR - Error checking trade day: (pymysql.err.OperationalError) (2003, "Can't connect to MySQL server on 'localhost' ([Errno 61] Connection refused)")
(Background on this error at: https://sqlalche.me/e/20/e3q8)
2026-02-22 06:36:25,712 - ERROR - Error checking trade day: (pymysql.err.OperationalError) (2003, "Can't connect to MySQL server on 'localhost' ([Errno 61] Connection refused)")
(Background on this error at: https://sqlalche.me/e/20/e3q8)
2026-02-22 06:36:55,819 - ERROR - Error checking trade day: (pymysql.err.OperationalError) (2003, "Can't connect to MySQL server on 'localhost' ([Errno 61] Connection refused)")
(Background on this error at: https://sqlalche.me/e/20/e3q8)
2026-02-22 06:37:25,912 - ERROR - Error checking trade day: (pymysql.err.OperationalError) (2003, "Can't connect to MySQL server on 'localhost' ([Errno 61] Connection refused)")
(Background on this error at: https://sqlalche.me/e/20/e3q8)
2026-02-22 06:37:56,022 - ERROR - Error checking trade day: (pymysql.err.OperationalError) (2003, "Can't connect to MySQL server on 'localhost' ([Errno 61] Connection refused)")
(Background on this error at: https://sqlalche.me/e/20/e3q8)
2026-02-22 06:38:26,139 - ERROR - Error checking trade day: (pymysql.err.OperationalError) (2003, "Can't connect to MySQL server on 'localhost' ([Errno 61] Connection refused)")
(Background on this error at: https://sqlalche.me/e/20/e3q8)
2026-02-22 06:38:56,278 - ERROR - Error checking trade day: (pymysql.err.OperationalError) (2003, "Can't connect to MySQL server on 'localhost' ([Errno 61] Connection refused)")
(Background on this error at: https://sqlalche.me/e/20/e3q8)
2026-02-22 06:39:26,408 - ERROR - Error checking trade day: (pymysql.err.OperationalError) (2003, "Can't connect to MySQL server on 'localhost' ([Errno 61] Connection refused)")
(Background on this error at: https://sqlalche.me/e/20/e3q8)
2026-02-22 06:39:56,548 - ERROR - Error checking trade day: (pymysql.err.OperationalError) (2003, "Can't connect to MySQL server on 'localhost' ([Errno 61] Connection refused)")
(Background on this error at: https://sqlalche.me/e/20/e3q8)
2026-02-22 06:40:26,693 - ERROR - Error checking trade day: (pymysql.err.OperationalError) (2003, "Can't connect to MySQL server on 'localhost' ([Errno 61] Connection refused)")
(Background on this error at: https://sqlalche.me/e/20/e3q8)
2026-02-22 06:40:56,835 - ERROR - Error checking trade day: (pymysql.err.OperationalError) (2003, "Can't connect to MySQL server on 'localhost' ([Errno 61] Connection refused)")
(Background on this error at: https://sqlalche.me/e/20/e3q8)
2026-02-22 06:41:26,973 - ERROR - Error checking trade day: (pymysql.err.OperationalError) (2003, "Can't connect to MySQL server on 'localhost' ([Errno 61] Connection refused)")
(Background on this error at: https://sqlalche.me/e/20/e3q8)
2026-02-22 06:41:57,121 - ERROR - Error checking trade day: (pymysql.err.OperationalError) (2003, "Can't connect to MySQL server on 'localhost' ([Errno 61] Connection refused)")
(Background on this error at: https://sqlalche.me/e/20/e3q8)
2026-02-22 06:42:27,270 - ERROR - Error checking trade day: (pymysql.err.OperationalError) (2003, "Can't connect to MySQL server on 'localhost' ([Errno 61] Connection refused)")
(Background on this error at: https://sqlalche.me/e/20/e3q8)
2026-02-22 06:42:57,422 - ERROR - Error checking trade day: (pymysql.err.OperationalError) (2003, "Can't connect to MySQL server on 'localhost' ([Errno 61] Connection refused)")
(Background on this error at: https://sqlalche.me/e/20/e3q8)
2026-02-22 06:43:27,533 - ERROR - Error checking trade day: (pymysql.err.OperationalError) (2003, "Can't connect to MySQL server on 'localhost' ([Errno 61] Connection refused)")
(Background on this error at: https://sqlalche.me/e/20/e3q8)
2026-02-22 06:43:57,684 - ERROR - Error checking trade day: (pymysql.err.OperationalError) (2003, "Can't connect to MySQL server on 'localhost' ([Errno 61] Connection refused)")
(Background on this error at: https://sqlalche.me/e/20/e3q8)
2026-02-22 06:44:27,818 - ERROR - Error checking trade day: (pymysql.err.OperationalError) (2003, "Can't connect to MySQL server on 'localhost' ([Errno 61] Connection refused)")
(Background on this error at: https://sqlalche.me/e/20/e3q8)
2026-02-22 06:44:57,970 - ERROR - Error checking trade day: (pymysql.err.OperationalError) (2003, "Can't connect to MySQL server on 'localhost' ([Errno 61] Connection refused)")
(Background on this error at: https://sqlalche.me/e/20/e3q8)
2026-02-22 06:45:28,095 - ERROR - Error checking trade day: (pymysql.err.OperationalError) (2003, "Can't connect to MySQL server on 'localhost' ([Errno 61] Connection refused)")
(Background on this error at: https://sqlalche.me/e/20/e3q8)
2026-02-22 06:45:58,244 - ERROR - Error checking trade day: (pymysql.err.OperationalError) (2003, "Can't connect to MySQL server on 'localhost' ([Errno 61] Connection refused)")
(Background on this error at: https://sqlalche.me/e/20/e3q8)
2026-02-22 06:46:28,397 - ERROR - Error checking trade day: (pymysql.err.OperationalError) (2003, "Can't connect to MySQL server on 'localhost' ([Errno 61] Connection refused)")
(Background on this error at: https://sqlalche.me/e/20/e3q8)
2026-02-22 06:46:58,528 - ERROR - Error checking trade day: (pymysql.err.OperationalError) (2003, "Can't connect to MySQL server on 'localhost' ([Errno 61] Connection refused)")
(Background on this error at: https://sqlalche.me/e/20/e3q8)
2026-02-22 06:47:28,678 - ERROR - Error checking trade day: (pymysql.err.OperationalError) (2003, "Can't connect to MySQL server on 'localhost' ([Errno 61] Connection refused)")
(Background on this error at: https://sqlalche.me/e/20/e3q8)
2026-02-22 06:47:58,816 - ERROR - Error checking trade day: (pymysql.err.OperationalError) (2003, "Can't connect to MySQL server on 'localhost' ([Errno 61] Connection refused)")
(Background on this error at: https://sqlalche.me/e/20/e3q8)
2026-02-22 06:48:28,951 - ERROR - Error checking trade day: (pymysql.err.OperationalError) (2003, "Can't connect to MySQL server on 'localhost' ([Errno 61] Connection refused)")
(Background on this error at: https://sqlalche.me/e/20/e3q8)
2026-02-22 06:48:59,000 - ERROR - Error checking trade day: (pymysql.err.OperationalError) (2003, "Can't connect to MySQL server on 'localhost' ([Errno 61] Connection refused)")
(Background on this error at: https://sqlalche.me/e/20/e3q8)
2026-02-22 06:49:29,065 - ERROR - Error checking trade day: (pymysql.err.OperationalError) (2003, "Can't connect to MySQL server on 'localhost' ([Errno 61] Connection refused)")
(Background on this error at: https://sqlalche.me/e/20/e3q8)
2026-02-22 06:49:59,210 - ERROR - Error checking trade day: (pymysql.err.OperationalError) (2003, "Can't connect to MySQL server on 'localhost' ([Errno 61] Connection refused)")
(Background on this error at: https://sqlalche.me/e/20/e3q8)
2026-02-22 06:50:29,356 - ERROR - Error checking trade day: (pymysql.err.OperationalError) (2003, "Can't connect to MySQL server on 'localhost' ([Errno 61] Connection refused)")
(Background on this error at: https://sqlalche.me/e/20/e3q8)
2026-02-22 06:50:59,445 - ERROR - Error checking trade day: (pymysql.err.OperationalError) (2003, "Can't connect to MySQL server on 'localhost' ([Errno 61] Connection refused)")
(Background on this error at: https://sqlalche.me/e/20/e3q8)
2026-02-22 06:51:29,592 - ERROR - Error checking trade day: (pymysql.err.OperationalError) (2003, "Can't connect to MySQL server on 'localhost' ([Errno 61] Connection refused)")
(Background on this error at: https://sqlalche.me/e/20/e3q8)
2026-02-22 06:51:59,745 - ERROR - Error checking trade day: (pymysql.err.OperationalError) (2003, "Can't connect to MySQL server on 'localhost' ([Errno 61] Connection refused)")
(Background on this error at: https://sqlalche.me/e/20/e3q8)
2026-02-22 06:52:29,894 - ERROR - Error checking trade day: (pymysql.err.OperationalError) (2003, "Can't connect to MySQL server on 'localhost' ([Errno 61] Connection refused)")
(Background on this error at: https://sqlalche.me/e/20/e3q8)
2026-02-22 06:53:00,030 - ERROR - Error checking trade day: (pymysql.err.OperationalError) (2003, "Can't connect to MySQL server on 'localhost' ([Errno 61] Connection refused)")
(Background on this error at: https://sqlalche.me/e/20/e3q8)
2026-02-22 06:53:30,134 - ERROR - Error checking trade day: (pymysql.err.OperationalError) (2003, "Can't connect to MySQL server on 'localhost' ([Errno 61] Connection refused)")
(Background on this error at: https://sqlalche.me/e/20/e3q8)
2026-02-22 06:54:00,283 - ERROR - Error checking trade day: (pymysql.err.OperationalError) (2003, "Can't connect to MySQL server on 'localhost' ([Errno 61] Connection refused)")
(Background on this error at: https://sqlalche.me/e/20/e3q8)
2026-02-22 06:54:30,433 - ERROR - Error checking trade day: (pymysql.err.OperationalError) (2003, "Can't connect to MySQL server on 'localhost' ([Errno 61] Connection refused)")
(Background on this error at: https://sqlalche.me/e/20/e3q8)
2026-02-22 06:55:00,584 - ERROR - Error checking trade day: (pymysql.err.OperationalError) (2003, "Can't connect to MySQL server on 'localhost' ([Errno 61] Connection refused)")
(Background on this error at: https://sqlalche.me/e/20/e3q8)
2026-02-22 06:55:30,718 - ERROR - Error checking trade day: (pymysql.err.OperationalError) (2003, "Can't connect to MySQL server on 'localhost' ([Errno 61] Connection refused)")
(Background on this error at: https://sqlalche.me/e/20/e3q8)
2026-02-22 06:56:00,863 - ERROR - Error checking trade day: (pymysql.err.OperationalError) (2003, "Can't connect to MySQL server on 'localhost' ([Errno 61] Connection refused)")
(Background on this error at: https://sqlalche.me/e/20/e3q8)
2026-02-22 06:56:31,001 - ERROR - Error checking trade day: (pymysql.err.OperationalError) (2003, "Can't connect to MySQL server on 'localhost' ([Errno 61] Connection refused)")
(Background on this error at: https://sqlalche.me/e/20/e3q8)
2026-02-22 06:57:01,151 - ERROR - Error checking trade day: (pymysql.err.OperationalError) (2003, "Can't connect to MySQL server on 'localhost' ([Errno 61] Connection refused)")
(Background on this error at: https://sqlalche.me/e/20/e3q8)
2026-02-22 06:57:31,234 - ERROR - Error checking trade day: (pymysql.err.OperationalError) (2003, "Can't connect to MySQL server on 'localhost' ([Errno 61] Connection refused)")
(Background on this error at: https://sqlalche.me/e/20/e3q8)
2026-02-22 06:58:01,368 - ERROR - Error checking trade day: (pymysql.err.OperationalError) (2003, "Can't connect to MySQL server on 'localhost' ([Errno 61] Connection refused)")
(Background on this error at: https://sqlalche.me/e/20/e3q8)
2026-02-22 06:58:31,509 - ERROR - Error checking trade day: (pymysql.err.OperationalError) (2003, "Can't connect to MySQL server on 'localhost' ([Errno 61] Connection refused)")
(Background on this error at: https://sqlalche.me/e/20/e3q8)
2026-02-22 06:59:01,662 - ERROR - Error checking trade day: (pymysql.err.OperationalError) (2003, "Can't connect to MySQL server on 'localhost' ([Errno 61] Connection refused)")
(Background on this error at: https://sqlalche.me/e/20/e3q8)
2026-02-22 06:59:31,815 - ERROR - Error checking trade day: (pymysql.err.OperationalError) (2003, "Can't connect to MySQL server on 'localhost' ([Errno 61] Connection refused)")
(Background on this error at: https://sqlalche.me/e/20/e3q8)
2026-02-22 07:00:01,961 - ERROR - Error checking trade day: (pymysql.err.OperationalError) (2003, "Can't connect to MySQL server on 'localhost' ([Errno 61] Connection refused)")
(Background on this error at: https://sqlalche.me/e/20/e3q8)
2026-02-22 07:00:01,962 - INFO - 2026-02-22 is not a trading day. Idling...
2026-02-22 07:00:32,114 - ERROR - Error checking trade day: (pymysql.err.OperationalError) (2003, "Can't connect to MySQL server on 'localhost' ([Errno 61] Connection refused)")
(Background on this error at: https://sqlalche.me/e/20/e3q8)
2026-02-22 07:01:02,247 - ERROR - Error checking trade day: (pymysql.err.OperationalError) (2003, "Can't connect to MySQL server on 'localhost' ([Errno 61] Connection refused)")
(Background on this error at: https://sqlalche.me/e/20/e3q8)
2026-02-22 07:01:32,398 - ERROR - Error checking trade day: (pymysql.err.OperationalError) (2003, "Can't connect to MySQL server on 'localhost' ([Errno 61] Connection refused)")
(Background on this error at: https://sqlalche.me/e/20/e3q8)
2026-02-22 07:02:02,548 - ERROR - Error checking trade day: (pymysql.err.OperationalError) (2003, "Can't connect to MySQL server on 'localhost' ([Errno 61] Connection refused)")
(Background on this error at: https://sqlalche.me/e/20/e3q8)
2026-02-22 07:02:32,694 - ERROR - Error checking trade day: (pymysql.err.OperationalError) (2003, "Can't connect to MySQL server on 'localhost' ([Errno 61] Connection refused)")
(Background on this error at: https://sqlalche.me/e/20/e3q8)
2026-02-22 07:03:02,849 - ERROR - Error checking trade day: (pymysql.err.OperationalError) (2003, "Can't connect to MySQL server on 'localhost' ([Errno 61] Connection refused)")
(Background on this error at: https://sqlalche.me/e/20/e3q8)
2026-02-22 07:03:33,002 - ERROR - Error checking trade day: (pymysql.err.OperationalError) (2003, "Can't connect to MySQL server on 'localhost' ([Errno 61] Connection refused)")
(Background on this error at: https://sqlalche.me/e/20/e3q8)
2026-02-22 07:04:03,127 - ERROR - Error checking trade day: (pymysql.err.OperationalError) (2003, "Can't connect to MySQL server on 'localhost' ([Errno 61] Connection refused)")
(Background on this error at: https://sqlalche.me/e/20/e3q8)
2026-02-22 07:04:33,274 - ERROR - Error checking trade day: (pymysql.err.OperationalError) (2003, "Can't connect to MySQL server on 'localhost' ([Errno 61] Connection refused)")
(Background on this error at: https://sqlalche.me/e/20/e3q8)
2026-02-22 07:05:03,402 - ERROR - Error checking trade day: (pymysql.err.OperationalError) (2003, "Can't connect to MySQL server on 'localhost' ([Errno 61] Connection refused)")
(Background on this error at: https://sqlalche.me/e/20/e3q8)
2026-02-22 07:05:33,552 - ERROR - Error checking trade day: (pymysql.err.OperationalError) (2003, "Can't connect to MySQL server on 'localhost' ([Errno 61] Connection refused)")
(Background on this error at: https://sqlalche.me/e/20/e3q8)
2026-02-22 07:06:03,714 - ERROR - Error checking trade day: (pymysql.err.OperationalError) (2003, "Can't connect to MySQL server on 'localhost' ([Errno 61] Connection refused)")
(Background on this error at: https://sqlalche.me/e/20/e3q8)
2026-02-22 07:06:33,861 - ERROR - Error checking trade day: (pymysql.err.OperationalError) (2003, "Can't connect to MySQL server on 'localhost' ([Errno 61] Connection refused)")
(Background on this error at: https://sqlalche.me/e/20/e3q8)
2026-02-22 07:07:04,004 - ERROR - Error checking trade day: (pymysql.err.OperationalError) (2003, "Can't connect to MySQL server on 'localhost' ([Errno 61] Connection refused)")
(Background on this error at: https://sqlalche.me/e/20/e3q8)
2026-02-22 07:07:34,155 - ERROR - Error checking trade day: (pymysql.err.OperationalError) (2003, "Can't connect to MySQL server on 'localhost' ([Errno 61] Connection refused)")
(Background on this error at: https://sqlalche.me/e/20/e3q8)
2026-02-22 07:08:04,307 - ERROR - Error checking trade day: (pymysql.err.OperationalError) (2003, "Can't connect to MySQL server on 'localhost' ([Errno 61] Connection refused)")
(Background on this error at: https://sqlalche.me/e/20/e3q8)
2026-02-22 07:08:34,450 - ERROR - Error checking trade day: (pymysql.err.OperationalError) (2003, "Can't connect to MySQL server on 'localhost' ([Errno 61] Connection refused)")
(Background on this error at: https://sqlalche.me/e/20/e3q8)
2026-02-22 07:09:04,578 - ERROR - Error checking trade day: (pymysql.err.OperationalError) (2003, "Can't connect to MySQL server on 'localhost' ([Errno 61] Connection refused)")
(Background on this error at: https://sqlalche.me/e/20/e3q8)
2026-02-22 07:09:34,723 - ERROR - Error checking trade day: (pymysql.err.OperationalError) (2003, "Can't connect to MySQL server on 'localhost' ([Errno 61] Connection refused)")
(Background on this error at: https://sqlalche.me/e/20/e3q8)
2026-02-22 07:10:04,852 - ERROR - Error checking trade day: (pymysql.err.OperationalError) (2003, "Can't connect to MySQL server on 'localhost' ([Errno 61] Connection refused)")
(Background on this error at: https://sqlalche.me/e/20/e3q8)
2026-02-22 07:10:35,000 - ERROR - Error checking trade day: (pymysql.err.OperationalError) (2003, "Can't connect to MySQL server on 'localhost' ([Errno 61] Connection refused)")
(Background on this error at: https://sqlalche.me/e/20/e3q8)
2026-02-22 07:11:05,150 - ERROR - Error checking trade day: (pymysql.err.OperationalError) (2003, "Can't connect to MySQL server on 'localhost' ([Errno 61] Connection refused)")
(Background on this error at: https://sqlalche.me/e/20/e3q8)
2026-02-22 07:11:35,240 - ERROR - Error checking trade day: (pymysql.err.OperationalError) (2003, "Can't connect to MySQL server on 'localhost' ([Errno 61] Connection refused)")
(Background on this error at: https://sqlalche.me/e/20/e3q8)
2026-02-22 07:12:05,388 - ERROR - Error checking trade day: (pymysql.err.OperationalError) (2003, "Can't connect to MySQL server on 'localhost' ([Errno 61] Connection refused)")
(Background on this error at: https://sqlalche.me/e/20/e3q8)
2026-02-22 07:12:35,466 - ERROR - Error checking trade day: (pymysql.err.OperationalError) (2003, "Can't connect to MySQL server on 'localhost' ([Errno 61] Connection refused)")
(Background on this error at: https://sqlalche.me/e/20/e3q8)
2026-02-22 07:13:05,615 - ERROR - Error checking trade day: (pymysql.err.OperationalError) (2003, "Can't connect to MySQL server on 'localhost' ([Errno 61] Connection refused)")
(Background on this error at: https://sqlalche.me/e/20/e3q8)
2026-02-22 07:13:35,624 - ERROR - Error checking trade day: (pymysql.err.OperationalError) (2003, "Can't connect to MySQL server on 'localhost' ([Errno 61] Connection refused)")
(Background on this error at: https://sqlalche.me/e/20/e3q8)
2026-02-22 07:14:05,660 - ERROR - Error checking trade day: (pymysql.err.OperationalError) (2003, "Can't connect to MySQL server on 'localhost' ([Errno 61] Connection refused)")
(Background on this error at: https://sqlalche.me/e/20/e3q8)
2026-02-22 07:14:35,798 - ERROR - Error checking trade day: (pymysql.err.OperationalError) (2003, "Can't connect to MySQL server on 'localhost' ([Errno 61] Connection refused)")
(Background on this error at: https://sqlalche.me/e/20/e3q8)
2026-02-22 07:15:05,952 - ERROR - Error checking trade day: (pymysql.err.OperationalError) (2003, "Can't connect to MySQL server on 'localhost' ([Errno 61] Connection refused)")
(Background on this error at: https://sqlalche.me/e/20/e3q8)
2026-02-22 07:15:36,105 - ERROR - Error checking trade day: (pymysql.err.OperationalError) (2003, "Can't connect to MySQL server on 'localhost' ([Errno 61] Connection refused)")
(Background on this error at: https://sqlalche.me/e/20/e3q8)
2026-02-22 07:16:06,217 - ERROR - Error checking trade day: (pymysql.err.OperationalError) (2003, "Can't connect to MySQL server on 'localhost' ([Errno 61] Connection refused)")
(Background on this error at: https://sqlalche.me/e/20/e3q8)
2026-02-22 07:16:36,341 - ERROR - Error checking trade day: (pymysql.err.OperationalError) (2003, "Can't connect to MySQL server on 'localhost' ([Errno 61] Connection refused)")
(Background on this error at: https://sqlalche.me/e/20/e3q8)
2026-02-22 07:17:06,360 - ERROR - Error checking trade day: (pymysql.err.OperationalError) (2003, "Can't connect to MySQL server on 'localhost' ([Errno 61] Connection refused)")
(Background on this error at: https://sqlalche.me/e/20/e3q8)
2026-02-22 07:17:36,507 - ERROR - Error checking trade day: (pymysql.err.OperationalError) (2003, "Can't connect to MySQL server on 'localhost' ([Errno 61] Connection refused)")
(Background on this error at: https://sqlalche.me/e/20/e3q8)
2026-02-22 07:18:06,644 - ERROR - Error checking trade day: (pymysql.err.OperationalError) (2003, "Can't connect to MySQL server on 'localhost' ([Errno 61] Connection refused)")
(Background on this error at: https://sqlalche.me/e/20/e3q8)
2026-02-22 07:18:36,784 - ERROR - Error checking trade day: (pymysql.err.OperationalError) (2003, "Can't connect to MySQL server on 'localhost' ([Errno 61] Connection refused)")
(Background on this error at: https://sqlalche.me/e/20/e3q8)
2026-02-22 07:19:06,930 - ERROR - Error checking trade day: (pymysql.err.OperationalError) (2003, "Can't connect to MySQL server on 'localhost' ([Errno 61] Connection refused)")
(Background on this error at: https://sqlalche.me/e/20/e3q8)
2026-02-22 07:19:37,073 - ERROR - Error checking trade day: (pymysql.err.OperationalError) (2003, "Can't connect to MySQL server on 'localhost' ([Errno 61] Connection refused)")
(Background on this error at: https://sqlalche.me/e/20/e3q8)
2026-02-22 07:20:07,187 - ERROR - Error checking trade day: (pymysql.err.OperationalError) (2003, "Can't connect to MySQL server on 'localhost' ([Errno 61] Connection refused)")
(Background on this error at: https://sqlalche.me/e/20/e3q8)
2026-02-22 07:20:37,327 - ERROR - Error checking trade day: (pymysql.err.OperationalError) (2003, "Can't connect to MySQL server on 'localhost' ([Errno 61] Connection refused)")
(Background on this error at: https://sqlalche.me/e/20/e3q8)
2026-02-22 07:21:07,468 - ERROR - Error checking trade day: (pymysql.err.OperationalError) (2003, "Can't connect to MySQL server on 'localhost' ([Errno 61] Connection refused)")
(Background on this error at: https://sqlalche.me/e/20/e3q8)
2026-02-22 07:21:37,620 - ERROR - Error checking trade day: (pymysql.err.OperationalError) (2003, "Can't connect to MySQL server on 'localhost' ([Errno 61] Connection refused)")
(Background on this error at: https://sqlalche.me/e/20/e3q8)
2026-02-22 07:22:07,729 - ERROR - Error checking trade day: (pymysql.err.OperationalError) (2003, "Can't connect to MySQL server on 'localhost' ([Errno 61] Connection refused)")
(Background on this error at: https://sqlalche.me/e/20/e3q8)
2026-02-22 07:22:37,878 - ERROR - Error checking trade day: (pymysql.err.OperationalError) (2003, "Can't connect to MySQL server on 'localhost' ([Errno 61] Connection refused)")
(Background on this error at: https://sqlalche.me/e/20/e3q8)
2026-02-22 07:23:08,006 - ERROR - Error checking trade day: (pymysql.err.OperationalError) (2003, "Can't connect to MySQL server on 'localhost' ([Errno 61] Connection refused)")
(Background on this error at: https://sqlalche.me/e/20/e3q8)
2026-02-22 07:23:38,153 - ERROR - Error checking trade day: (pymysql.err.OperationalError) (2003, "Can't connect to MySQL server on 'localhost' ([Errno 61] Connection refused)")
(Background on this error at: https://sqlalche.me/e/20/e3q8)
2026-02-22 07:24:08,295 - ERROR - Error checking trade day: (pymysql.err.OperationalError) (2003, "Can't connect to MySQL server on 'localhost' ([Errno 61] Connection refused)")
(Background on this error at: https://sqlalche.me/e/20/e3q8)
2026-02-22 07:24:38,442 - ERROR - Error checking trade day: (pymysql.err.OperationalError) (2003, "Can't connect to MySQL server on 'localhost' ([Errno 61] Connection refused)")
(Background on this error at: https://sqlalche.me/e/20/e3q8)
2026-02-22 07:25:08,594 - ERROR - Error checking trade day: (pymysql.err.OperationalError) (2003, "Can't connect to MySQL server on 'localhost' ([Errno 61] Connection refused)")
(Background on this error at: https://sqlalche.me/e/20/e3q8)
2026-02-22 07:25:38,744 - ERROR - Error checking trade day: (pymysql.err.OperationalError) (2003, "Can't connect to MySQL server on 'localhost' ([Errno 61] Connection refused)")
(Background on this error at: https://sqlalche.me/e/20/e3q8)
2026-02-22 07:26:08,891 - ERROR - Error checking trade day: (pymysql.err.OperationalError) (2003, "Can't connect to MySQL server on 'localhost' ([Errno 61] Connection refused)")
(Background on this error at: https://sqlalche.me/e/20/e3q8)
2026-02-22 07:26:39,027 - ERROR - Error checking trade day: (pymysql.err.OperationalError) (2003, "Can't connect to MySQL server on 'localhost' ([Errno 61] Connection refused)")
(Background on this error at: https://sqlalche.me/e/20/e3q8)
2026-02-22 07:27:09,181 - ERROR - Error checking trade day: (pymysql.err.OperationalError) (2003, "Can't connect to MySQL server on 'localhost' ([Errno 61] Connection refused)")
(Background on this error at: https://sqlalche.me/e/20/e3q8)
2026-02-22 07:27:39,325 - ERROR - Error checking trade day: (pymysql.err.OperationalError) (2003, "Can't connect to MySQL server on 'localhost' ([Errno 61] Connection refused)")
(Background on this error at: https://sqlalche.me/e/20/e3q8)
2026-02-22 07:28:09,464 - ERROR - Error checking trade day: (pymysql.err.OperationalError) (2003, "Can't connect to MySQL server on 'localhost' ([Errno 61] Connection refused)")
(Background on this error at: https://sqlalche.me/e/20/e3q8)
2026-02-22 07:28:39,604 - ERROR - Error checking trade day: (pymysql.err.OperationalError) (2003, "Can't connect to MySQL server on 'localhost' ([Errno 61] Connection refused)")
(Background on this error at: https://sqlalche.me/e/20/e3q8)
2026-02-22 07:29:09,692 - ERROR - Error checking trade day: (pymysql.err.OperationalError) (2003, "Can't connect to MySQL server on 'localhost' ([Errno 61] Connection refused)")
(Background on this error at: https://sqlalche.me/e/20/e3q8)
2026-02-22 07:29:39,832 - ERROR - Error checking trade day: (pymysql.err.OperationalError) (2003, "Can't connect to MySQL server on 'localhost' ([Errno 61] Connection refused)")
(Background on this error at: https://sqlalche.me/e/20/e3q8)
2026-02-22 07:30:09,984 - ERROR - Error checking trade day: (pymysql.err.OperationalError) (2003, "Can't connect to MySQL server on 'localhost' ([Errno 61] Connection refused)")
(Background on this error at: https://sqlalche.me/e/20/e3q8)
2026-02-22 07:30:40,130 - ERROR - Error checking trade day: (pymysql.err.OperationalError) (2003, "Can't connect to MySQL server on 'localhost' ([Errno 61] Connection refused)")
(Background on this error at: https://sqlalche.me/e/20/e3q8)
2026-02-22 07:31:10,269 - ERROR - Error checking trade day: (pymysql.err.OperationalError) (2003, "Can't connect to MySQL server on 'localhost' ([Errno 61] Connection refused)")
(Background on this error at: https://sqlalche.me/e/20/e3q8)
2026-02-22 07:31:40,417 - ERROR - Error checking trade day: (pymysql.err.OperationalError) (2003, "Can't connect to MySQL server on 'localhost' ([Errno 61] Connection refused)")
(Background on this error at: https://sqlalche.me/e/20/e3q8)
2026-02-22 07:32:10,559 - ERROR - Error checking trade day: (pymysql.err.OperationalError) (2003, "Can't connect to MySQL server on 'localhost' ([Errno 61] Connection refused)")
(Background on this error at: https://sqlalche.me/e/20/e3q8)
2026-02-22 07:32:40,645 - ERROR - Error checking trade day: (pymysql.err.OperationalError) (2003, "Can't connect to MySQL server on 'localhost' ([Errno 61] Connection refused)")
(Background on this error at: https://sqlalche.me/e/20/e3q8)
2026-02-22 07:33:10,688 - ERROR - Error checking trade day: (pymysql.err.OperationalError) (2003, "Can't connect to MySQL server on 'localhost' ([Errno 61] Connection refused)")
(Background on this error at: https://sqlalche.me/e/20/e3q8)
2026-02-22 07:33:40,815 - ERROR - Error checking trade day: (pymysql.err.OperationalError) (2003, "Can't connect to MySQL server on 'localhost' ([Errno 61] Connection refused)")
(Background on this error at: https://sqlalche.me/e/20/e3q8)
2026-02-22 07:34:10,956 - ERROR - Error checking trade day: (pymysql.err.OperationalError) (2003, "Can't connect to MySQL server on 'localhost' ([Errno 61] Connection refused)")
(Background on this error at: https://sqlalche.me/e/20/e3q8)
2026-02-22 07:34:41,105 - ERROR - Error checking trade day: (pymysql.err.OperationalError) (2003, "Can't connect to MySQL server on 'localhost' ([Errno 61] Connection refused)")
(Background on this error at: https://sqlalche.me/e/20/e3q8)
2026-02-22 07:35:11,255 - ERROR - Error checking trade day: (pymysql.err.OperationalError) (2003, "Can't connect to MySQL server on 'localhost' ([Errno 61] Connection refused)")
(Background on this error at: https://sqlalche.me/e/20/e3q8)
2026-02-22 07:35:41,390 - ERROR - Error checking trade day: (pymysql.err.OperationalError) (2003, "Can't connect to MySQL server on 'localhost' ([Errno 61] Connection refused)")
(Background on this error at: https://sqlalche.me/e/20/e3q8)
2026-02-22 07:36:11,527 - ERROR - Error checking trade day: (pymysql.err.OperationalError) (2003, "Can't connect to MySQL server on 'localhost' ([Errno 61] Connection refused)")
(Background on this error at: https://sqlalche.me/e/20/e3q8)
2026-02-22 07:36:41,663 - ERROR - Error checking trade day: (pymysql.err.OperationalError) (2003, "Can't connect to MySQL server on 'localhost' ([Errno 61] Connection refused)")
(Background on this error at: https://sqlalche.me/e/20/e3q8)
2026-02-22 07:37:11,824 - ERROR - Error checking trade day: (pymysql.err.OperationalError) (2003, "Can't connect to MySQL server on 'localhost' ([Errno 61] Connection refused)")
(Background on this error at: https://sqlalche.me/e/20/e3q8)
2026-02-22 07:37:41,973 - ERROR - Error checking trade day: (pymysql.err.OperationalError) (2003, "Can't connect to MySQL server on 'localhost' ([Errno 61] Connection refused)")
(Background on this error at: https://sqlalche.me/e/20/e3q8)
2026-02-22 07:38:12,124 - ERROR - Error checking trade day: (pymysql.err.OperationalError) (2003, "Can't connect to MySQL server on 'localhost' ([Errno 61] Connection refused)")
(Background on this error at: https://sqlalche.me/e/20/e3q8)
2026-02-22 07:38:42,273 - ERROR - Error checking trade day: (pymysql.err.OperationalError) (2003, "Can't connect to MySQL server on 'localhost' ([Errno 61] Connection refused)")
(Background on this error at: https://sqlalche.me/e/20/e3q8)
2026-02-22 07:39:12,417 - ERROR - Error checking trade day: (pymysql.err.OperationalError) (2003, "Can't connect to MySQL server on 'localhost' ([Errno 61] Connection refused)")
(Background on this error at: https://sqlalche.me/e/20/e3q8)
2026-02-22 07:39:42,567 - ERROR - Error checking trade day: (pymysql.err.OperationalError) (2003, "Can't connect to MySQL server on 'localhost' ([Errno 61] Connection refused)")
(Background on this error at: https://sqlalche.me/e/20/e3q8)
2026-02-22 07:40:12,577 - ERROR - Error checking trade day: (pymysql.err.OperationalError) (2003, "Can't connect to MySQL server on 'localhost' ([Errno 61] Connection refused)")
(Background on this error at: https://sqlalche.me/e/20/e3q8)
2026-02-22 07:40:42,727 - ERROR - Error checking trade day: (pymysql.err.OperationalError) (2003, "Can't connect to MySQL server on 'localhost' ([Errno 61] Connection refused)")
(Background on this error at: https://sqlalche.me/e/20/e3q8)
2026-02-22 07:41:12,844 - ERROR - Error checking trade day: (pymysql.err.OperationalError) (2003, "Can't connect to MySQL server on 'localhost' ([Errno 61] Connection refused)")
(Background on this error at: https://sqlalche.me/e/20/e3q8)
2026-02-22 07:41:42,998 - ERROR - Error checking trade day: (pymysql.err.OperationalError) (2003, "Can't connect to MySQL server on 'localhost' ([Errno 61] Connection refused)")
(Background on this error at: https://sqlalche.me/e/20/e3q8)
2026-02-22 07:42:13,142 - ERROR - Error checking trade day: (pymysql.err.OperationalError) (2003, "Can't connect to MySQL server on 'localhost' ([Errno 61] Connection refused)")
(Background on this error at: https://sqlalche.me/e/20/e3q8)
2026-02-22 07:42:43,292 - ERROR - Error checking trade day: (pymysql.err.OperationalError) (2003, "Can't connect to MySQL server on 'localhost' ([Errno 61] Connection refused)")
(Background on this error at: https://sqlalche.me/e/20/e3q8)
2026-02-22 07:43:13,431 - ERROR - Error checking trade day: (pymysql.err.OperationalError) (2003, "Can't connect to MySQL server on 'localhost' ([Errno 61] Connection refused)")
(Background on this error at: https://sqlalche.me/e/20/e3q8)
2026-02-22 07:43:43,568 - ERROR - Error checking trade day: (pymysql.err.OperationalError) (2003, "Can't connect to MySQL server on 'localhost' ([Errno 61] Connection refused)")
(Background on this error at: https://sqlalche.me/e/20/e3q8)
2026-02-22 07:44:13,685 - ERROR - Error checking trade day: (pymysql.err.OperationalError) (2003, "Can't connect to MySQL server on 'localhost' ([Errno 61] Connection refused)")
(Background on this error at: https://sqlalche.me/e/20/e3q8)
2026-02-22 07:44:43,786 - ERROR - Error checking trade day: (pymysql.err.OperationalError) (2003, "Can't connect to MySQL server on 'localhost' ([Errno 61] Connection refused)")
(Background on this error at: https://sqlalche.me/e/20/e3q8)
2026-02-22 07:45:13,938 - ERROR - Error checking trade day: (pymysql.err.OperationalError) (2003, "Can't connect to MySQL server on 'localhost' ([Errno 61] Connection refused)")
(Background on this error at: https://sqlalche.me/e/20/e3q8)
2026-02-22 07:45:44,082 - ERROR - Error checking trade day: (pymysql.err.OperationalError) (2003, "Can't connect to MySQL server on 'localhost' ([Errno 61] Connection refused)")
(Background on this error at: https://sqlalche.me/e/20/e3q8)
2026-02-22 07:46:14,225 - ERROR - Error checking trade day: (pymysql.err.OperationalError) (2003, "Can't connect to MySQL server on 'localhost' ([Errno 61] Connection refused)")
(Background on this error at: https://sqlalche.me/e/20/e3q8)
2026-02-22 07:46:44,368 - ERROR - Error checking trade day: (pymysql.err.OperationalError) (2003, "Can't connect to MySQL server on 'localhost' ([Errno 61] Connection refused)")
(Background on this error at: https://sqlalche.me/e/20/e3q8)
2026-02-22 07:47:14,513 - ERROR - Error checking trade day: (pymysql.err.OperationalError) (2003, "Can't connect to MySQL server on 'localhost' ([Errno 61] Connection refused)")
(Background on this error at: https://sqlalche.me/e/20/e3q8)
2026-02-22 07:47:44,659 - ERROR - Error checking trade day: (pymysql.err.OperationalError) (2003, "Can't connect to MySQL server on 'localhost' ([Errno 61] Connection refused)")
(Background on this error at: https://sqlalche.me/e/20/e3q8)
2026-02-22 07:48:14,796 - ERROR - Error checking trade day: (pymysql.err.OperationalError) (2003, "Can't connect to MySQL server on 'localhost' ([Errno 61] Connection refused)")
(Background on this error at: https://sqlalche.me/e/20/e3q8)
2026-02-22 07:48:44,916 - ERROR - Error checking trade day: (pymysql.err.OperationalError) (2003, "Can't connect to MySQL server on 'localhost' ([Errno 61] Connection refused)")
(Background on this error at: https://sqlalche.me/e/20/e3q8)
2026-02-22 07:49:15,059 - ERROR - Error checking trade day: (pymysql.err.OperationalError) (2003, "Can't connect to MySQL server on 'localhost' ([Errno 61] Connection refused)")
(Background on this error at: https://sqlalche.me/e/20/e3q8)
2026-02-22 07:49:45,209 - ERROR - Error checking trade day: (pymysql.err.OperationalError) (2003, "Can't connect to MySQL server on 'localhost' ([Errno 61] Connection refused)")
(Background on this error at: https://sqlalche.me/e/20/e3q8)
2026-02-22 07:50:15,234 - ERROR - Error checking trade day: (pymysql.err.OperationalError) (2003, "Can't connect to MySQL server on 'localhost' ([Errno 61] Connection refused)")
(Background on this error at: https://sqlalche.me/e/20/e3q8)
2026-02-22 07:50:45,369 - ERROR - Error checking trade day: (pymysql.err.OperationalError) (2003, "Can't connect to MySQL server on 'localhost' ([Errno 61] Connection refused)")
(Background on this error at: https://sqlalche.me/e/20/e3q8)
2026-02-22 07:51:15,512 - ERROR - Error checking trade day: (pymysql.err.OperationalError) (2003, "Can't connect to MySQL server on 'localhost' ([Errno 61] Connection refused)")
(Background on this error at: https://sqlalche.me/e/20/e3q8)
2026-02-22 07:51:45,666 - ERROR - Error checking trade day: (pymysql.err.OperationalError) (2003, "Can't connect to MySQL server on 'localhost' ([Errno 61] Connection refused)")
(Background on this error at: https://sqlalche.me/e/20/e3q8)
2026-02-22 07:52:15,784 - ERROR - Error checking trade day: (pymysql.err.OperationalError) (2003, "Can't connect to MySQL server on 'localhost' ([Errno 61] Connection refused)")
(Background on this error at: https://sqlalche.me/e/20/e3q8)
2026-02-22 07:52:45,923 - ERROR - Error checking trade day: (pymysql.err.OperationalError) (2003, "Can't connect to MySQL server on 'localhost' ([Errno 61] Connection refused)")
(Background on this error at: https://sqlalche.me/e/20/e3q8)
2026-02-22 07:53:16,050 - ERROR - Error checking trade day: (pymysql.err.OperationalError) (2003, "Can't connect to MySQL server on 'localhost' ([Errno 61] Connection refused)")
(Background on this error at: https://sqlalche.me/e/20/e3q8)
2026-02-22 07:53:46,139 - ERROR - Error checking trade day: (pymysql.err.OperationalError) (2003, "Can't connect to MySQL server on 'localhost' ([Errno 61] Connection refused)")
(Background on this error at: https://sqlalche.me/e/20/e3q8)
2026-02-22 07:54:16,281 - ERROR - Error checking trade day: (pymysql.err.OperationalError) (2003, "Can't connect to MySQL server on 'localhost' ([Errno 61] Connection refused)")
(Background on this error at: https://sqlalche.me/e/20/e3q8)
2026-02-22 07:54:46,398 - ERROR - Error checking trade day: (pymysql.err.OperationalError) (2003, "Can't connect to MySQL server on 'localhost' ([Errno 61] Connection refused)")
(Background on this error at: https://sqlalche.me/e/20/e3q8)
2026-02-22 07:55:16,448 - ERROR - Error checking trade day: (pymysql.err.OperationalError) (2003, "Can't connect to MySQL server on 'localhost' ([Errno 61] Connection refused)")
(Background on this error at: https://sqlalche.me/e/20/e3q8)
2026-02-22 07:55:46,586 - ERROR - Error checking trade day: (pymysql.err.OperationalError) (2003, "Can't connect to MySQL server on 'localhost' ([Errno 61] Connection refused)")
(Background on this error at: https://sqlalche.me/e/20/e3q8)
2026-02-22 07:56:16,700 - ERROR - Error checking trade day: (pymysql.err.OperationalError) (2003, "Can't connect to MySQL server on 'localhost' ([Errno 61] Connection refused)")
(Background on this error at: https://sqlalche.me/e/20/e3q8)
2026-02-22 07:56:46,850 - ERROR - Error checking trade day: (pymysql.err.OperationalError) (2003, "Can't connect to MySQL server on 'localhost' ([Errno 61] Connection refused)")
(Background on this error at: https://sqlalche.me/e/20/e3q8)
2026-02-22 07:57:17,003 - ERROR - Error checking trade day: (pymysql.err.OperationalError) (2003, "Can't connect to MySQL server on 'localhost' ([Errno 61] Connection refused)")
(Background on this error at: https://sqlalche.me/e/20/e3q8)
2026-02-22 07:57:47,154 - ERROR - Error checking trade day: (pymysql.err.OperationalError) (2003, "Can't connect to MySQL server on 'localhost' ([Errno 61] Connection refused)")
(Background on this error at: https://sqlalche.me/e/20/e3q8)
2026-02-22 07:58:17,296 - ERROR - Error checking trade day: (pymysql.err.OperationalError) (2003, "Can't connect to MySQL server on 'localhost' ([Errno 61] Connection refused)")
(Background on this error at: https://sqlalche.me/e/20/e3q8)
2026-02-22 07:58:47,447 - ERROR - Error checking trade day: (pymysql.err.OperationalError) (2003, "Can't connect to MySQL server on 'localhost' ([Errno 61] Connection refused)")
(Background on this error at: https://sqlalche.me/e/20/e3q8)
2026-02-22 07:59:17,566 - ERROR - Error checking trade day: (pymysql.err.OperationalError) (2003, "Can't connect to MySQL server on 'localhost' ([Errno 61] Connection refused)")
(Background on this error at: https://sqlalche.me/e/20/e3q8)
2026-02-22 07:59:47,705 - ERROR - Error checking trade day: (pymysql.err.OperationalError) (2003, "Can't connect to MySQL server on 'localhost' ([Errno 61] Connection refused)")
(Background on this error at: https://sqlalche.me/e/20/e3q8)
2026-02-22 08:00:17,813 - ERROR - Error checking trade day: (pymysql.err.OperationalError) (2003, "Can't connect to MySQL server on 'localhost' ([Errno 61] Connection refused)")
(Background on this error at: https://sqlalche.me/e/20/e3q8)
2026-02-22 08:00:17,813 - INFO - 2026-02-22 is not a trading day. Idling...
2026-02-22 08:00:47,932 - ERROR - Error checking trade day: (pymysql.err.OperationalError) (2003, "Can't connect to MySQL server on 'localhost' ([Errno 61] Connection refused)")
(Background on this error at: https://sqlalche.me/e/20/e3q8)
2026-02-22 08:01:18,075 - ERROR - Error checking trade day: (pymysql.err.OperationalError) (2003, "Can't connect to MySQL server on 'localhost' ([Errno 61] Connection refused)")
(Background on this error at: https://sqlalche.me/e/20/e3q8)
2026-02-22 08:01:48,208 - ERROR - Error checking trade day: (pymysql.err.OperationalError) (2003, "Can't connect to MySQL server on 'localhost' ([Errno 61] Connection refused)")
(Background on this error at: https://sqlalche.me/e/20/e3q8)
2026-02-22 08:02:18,357 - ERROR - Error checking trade day: (pymysql.err.OperationalError) (2003, "Can't connect to MySQL server on 'localhost' ([Errno 61] Connection refused)")
(Background on this error at: https://sqlalche.me/e/20/e3q8)
2026-02-22 08:02:48,494 - ERROR - Error checking trade day: (pymysql.err.OperationalError) (2003, "Can't connect to MySQL server on 'localhost' ([Errno 61] Connection refused)")
(Background on this error at: https://sqlalche.me/e/20/e3q8)
2026-02-22 08:03:18,635 - ERROR - Error checking trade day: (pymysql.err.OperationalError) (2003, "Can't connect to MySQL server on 'localhost' ([Errno 61] Connection refused)")
(Background on this error at: https://sqlalche.me/e/20/e3q8)
2026-02-22 08:03:48,784 - ERROR - Error checking trade day: (pymysql.err.OperationalError) (2003, "Can't connect to MySQL server on 'localhost' ([Errno 61] Connection refused)")
(Background on this error at: https://sqlalche.me/e/20/e3q8)
2026-02-22 08:04:18,907 - ERROR - Error checking trade day: (pymysql.err.OperationalError) (2003, "Can't connect to MySQL server on 'localhost' ([Errno 61] Connection refused)")
(Background on this error at: https://sqlalche.me/e/20/e3q8)
2026-02-22 08:04:49,059 - ERROR - Error checking trade day: (pymysql.err.OperationalError) (2003, "Can't connect to MySQL server on 'localhost' ([Errno 61] Connection refused)")
(Background on this error at: https://sqlalche.me/e/20/e3q8)
2026-02-22 08:05:19,081 - ERROR - Error checking trade day: (pymysql.err.OperationalError) (2003, "Can't connect to MySQL server on 'localhost' ([Errno 61] Connection refused)")
(Background on this error at: https://sqlalche.me/e/20/e3q8)
2026-02-22 08:05:49,225 - ERROR - Error checking trade day: (pymysql.err.OperationalError) (2003, "Can't connect to MySQL server on 'localhost' ([Errno 61] Connection refused)")
(Background on this error at: https://sqlalche.me/e/20/e3q8)
2026-02-22 08:06:19,358 - ERROR - Error checking trade day: (pymysql.err.OperationalError) (2003, "Can't connect to MySQL server on 'localhost' ([Errno 61] Connection refused)")
(Background on this error at: https://sqlalche.me/e/20/e3q8)
2026-02-22 08:06:49,501 - ERROR - Error checking trade day: (pymysql.err.OperationalError) (2003, "Can't connect to MySQL server on 'localhost' ([Errno 61] Connection refused)")
(Background on this error at: https://sqlalche.me/e/20/e3q8)
2026-02-22 08:07:19,630 - ERROR - Error checking trade day: (pymysql.err.OperationalError) (2003, "Can't connect to MySQL server on 'localhost' ([Errno 61] Connection refused)")
(Background on this error at: https://sqlalche.me/e/20/e3q8)
2026-02-22 08:07:49,712 - ERROR - Error checking trade day: (pymysql.err.OperationalError) (2003, "Can't connect to MySQL server on 'localhost' ([Errno 61] Connection refused)")
(Background on this error at: https://sqlalche.me/e/20/e3q8)
2026-02-22 08:08:19,804 - ERROR - Error checking trade day: (pymysql.err.OperationalError) (2003, "Can't connect to MySQL server on 'localhost' ([Errno 61] Connection refused)")
(Background on this error at: https://sqlalche.me/e/20/e3q8)
2026-02-22 08:08:49,955 - ERROR - Error checking trade day: (pymysql.err.OperationalError) (2003, "Can't connect to MySQL server on 'localhost' ([Errno 61] Connection refused)")
(Background on this error at: https://sqlalche.me/e/20/e3q8)
2026-02-22 08:09:19,993 - ERROR - Error checking trade day: (pymysql.err.OperationalError) (2003, "Can't connect to MySQL server on 'localhost' ([Errno 61] Connection refused)")
(Background on this error at: https://sqlalche.me/e/20/e3q8)
2026-02-22 08:09:50,114 - ERROR - Error checking trade day: (pymysql.err.OperationalError) (2003, "Can't connect to MySQL server on 'localhost' ([Errno 61] Connection refused)")
(Background on this error at: https://sqlalche.me/e/20/e3q8)
2026-02-22 08:10:20,267 - ERROR - Error checking trade day: (pymysql.err.OperationalError) (2003, "Can't connect to MySQL server on 'localhost' ([Errno 61] Connection refused)")
(Background on this error at: https://sqlalche.me/e/20/e3q8)
2026-02-22 08:10:50,394 - ERROR - Error checking trade day: (pymysql.err.OperationalError) (2003, "Can't connect to MySQL server on 'localhost' ([Errno 61] Connection refused)")
(Background on this error at: https://sqlalche.me/e/20/e3q8)
2026-02-22 08:11:20,533 - ERROR - Error checking trade day: (pymysql.err.OperationalError) (2003, "Can't connect to MySQL server on 'localhost' ([Errno 61] Connection refused)")
(Background on this error at: https://sqlalche.me/e/20/e3q8)
2026-02-22 08:11:50,665 - ERROR - Error checking trade day: (pymysql.err.OperationalError) (2003, "Can't connect to MySQL server on 'localhost' ([Errno 61] Connection refused)")
(Background on this error at: https://sqlalche.me/e/20/e3q8)
2026-02-22 08:12:20,808 - ERROR - Error checking trade day: (pymysql.err.OperationalError) (2003, "Can't connect to MySQL server on 'localhost' ([Errno 61] Connection refused)")
(Background on this error at: https://sqlalche.me/e/20/e3q8)
2026-02-22 08:12:50,960 - ERROR - Error checking trade day: (pymysql.err.OperationalError) (2003, "Can't connect to MySQL server on 'localhost' ([Errno 61] Connection refused)")
(Background on this error at: https://sqlalche.me/e/20/e3q8)
2026-02-22 08:13:21,113 - ERROR - Error checking trade day: (pymysql.err.OperationalError) (2003, "Can't connect to MySQL server on 'localhost' ([Errno 61] Connection refused)")
(Background on this error at: https://sqlalche.me/e/20/e3q8)
2026-02-22 08:13:51,253 - ERROR - Error checking trade day: (pymysql.err.OperationalError) (2003, "Can't connect to MySQL server on 'localhost' ([Errno 61] Connection refused)")
(Background on this error at: https://sqlalche.me/e/20/e3q8)
2026-02-22 08:14:21,381 - ERROR - Error checking trade day: (pymysql.err.OperationalError) (2003, "Can't connect to MySQL server on 'localhost' ([Errno 61] Connection refused)")
(Background on this error at: https://sqlalche.me/e/20/e3q8)
2026-02-22 08:14:51,519 - ERROR - Error checking trade day: (pymysql.err.OperationalError) (2003, "Can't connect to MySQL server on 'localhost' ([Errno 61] Connection refused)")
(Background on this error at: https://sqlalche.me/e/20/e3q8)
2026-02-22 08:15:21,669 - ERROR - Error checking trade day: (pymysql.err.OperationalError) (2003, "Can't connect to MySQL server on 'localhost' ([Errno 61] Connection refused)")
(Background on this error at: https://sqlalche.me/e/20/e3q8)
2026-02-22 08:15:51,802 - ERROR - Error checking trade day: (pymysql.err.OperationalError) (2003, "Can't connect to MySQL server on 'localhost' ([Errno 61] Connection refused)")
(Background on this error at: https://sqlalche.me/e/20/e3q8)
2026-02-22 08:16:21,947 - ERROR - Error checking trade day: (pymysql.err.OperationalError) (2003, "Can't connect to MySQL server on 'localhost' ([Errno 61] Connection refused)")
(Background on this error at: https://sqlalche.me/e/20/e3q8)
2026-02-22 08:16:52,096 - ERROR - Error checking trade day: (pymysql.err.OperationalError) (2003, "Can't connect to MySQL server on 'localhost' ([Errno 61] Connection refused)")
(Background on this error at: https://sqlalche.me/e/20/e3q8)
2026-02-22 08:17:22,218 - ERROR - Error checking trade day: (pymysql.err.OperationalError) (2003, "Can't connect to MySQL server on 'localhost' ([Errno 61] Connection refused)")
(Background on this error at: https://sqlalche.me/e/20/e3q8)
2026-02-22 08:17:52,368 - ERROR - Error checking trade day: (pymysql.err.OperationalError) (2003, "Can't connect to MySQL server on 'localhost' ([Errno 61] Connection refused)")
(Background on this error at: https://sqlalche.me/e/20/e3q8)
2026-02-22 08:18:22,517 - ERROR - Error checking trade day: (pymysql.err.OperationalError) (2003, "Can't connect to MySQL server on 'localhost' ([Errno 61] Connection refused)")
(Background on this error at: https://sqlalche.me/e/20/e3q8)
2026-02-22 08:18:52,670 - ERROR - Error checking trade day: (pymysql.err.OperationalError) (2003, "Can't connect to MySQL server on 'localhost' ([Errno 61] Connection refused)")
(Background on this error at: https://sqlalche.me/e/20/e3q8)
2026-02-22 08:19:22,757 - ERROR - Error checking trade day: (pymysql.err.OperationalError) (2003, "Can't connect to MySQL server on 'localhost' ([Errno 61] Connection refused)")
(Background on this error at: https://sqlalche.me/e/20/e3q8)
2026-02-22 08:19:52,910 - ERROR - Error checking trade day: (pymysql.err.OperationalError) (2003, "Can't connect to MySQL server on 'localhost' ([Errno 61] Connection refused)")
(Background on this error at: https://sqlalche.me/e/20/e3q8)
2026-02-22 08:20:23,007 - ERROR - Error checking trade day: (pymysql.err.OperationalError) (2003, "Can't connect to MySQL server on 'localhost' ([Errno 61] Connection refused)")
(Background on this error at: https://sqlalche.me/e/20/e3q8)
2026-02-22 08:20:53,159 - ERROR - Error checking trade day: (pymysql.err.OperationalError) (2003, "Can't connect to MySQL server on 'localhost' ([Errno 61] Connection refused)")
(Background on this error at: https://sqlalche.me/e/20/e3q8)
2026-02-22 08:21:23,307 - ERROR - Error checking trade day: (pymysql.err.OperationalError) (2003, "Can't connect to MySQL server on 'localhost' ([Errno 61] Connection refused)")
(Background on this error at: https://sqlalche.me/e/20/e3q8)
2026-02-22 08:21:53,447 - ERROR - Error checking trade day: (pymysql.err.OperationalError) (2003, "Can't connect to MySQL server on 'localhost' ([Errno 61] Connection refused)")
(Background on this error at: https://sqlalche.me/e/20/e3q8)
2026-02-22 08:22:23,453 - ERROR - Error checking trade day: (pymysql.err.OperationalError) (2003, "Can't connect to MySQL server on 'localhost' ([Errno 61] Connection refused)")
(Background on this error at: https://sqlalche.me/e/20/e3q8)
2026-02-22 08:22:53,596 - ERROR - Error checking trade day: (pymysql.err.OperationalError) (2003, "Can't connect to MySQL server on 'localhost' ([Errno 61] Connection refused)")
(Background on this error at: https://sqlalche.me/e/20/e3q8)
2026-02-22 08:23:23,713 - ERROR - Error checking trade day: (pymysql.err.OperationalError) (2003, "Can't connect to MySQL server on 'localhost' ([Errno 61] Connection refused)")
(Background on this error at: https://sqlalche.me/e/20/e3q8)
2026-02-22 08:23:53,860 - ERROR - Error checking trade day: (pymysql.err.OperationalError) (2003, "Can't connect to MySQL server on 'localhost' ([Errno 61] Connection refused)")
(Background on this error at: https://sqlalche.me/e/20/e3q8)
2026-02-22 08:24:24,001 - ERROR - Error checking trade day: (pymysql.err.OperationalError) (2003, "Can't connect to MySQL server on 'localhost' ([Errno 61] Connection refused)")
(Background on this error at: https://sqlalche.me/e/20/e3q8)
2026-02-22 08:24:54,112 - ERROR - Error checking trade day: (pymysql.err.OperationalError) (2003, "Can't connect to MySQL server on 'localhost' ([Errno 61] Connection refused)")
(Background on this error at: https://sqlalche.me/e/20/e3q8)
2026-02-22 08:25:24,202 - ERROR - Error checking trade day: (pymysql.err.OperationalError) (2003, "Can't connect to MySQL server on 'localhost' ([Errno 61] Connection refused)")
(Background on this error at: https://sqlalche.me/e/20/e3q8)
2026-02-22 08:25:54,344 - ERROR - Error checking trade day: (pymysql.err.OperationalError) (2003, "Can't connect to MySQL server on 'localhost' ([Errno 61] Connection refused)")
(Background on this error at: https://sqlalche.me/e/20/e3q8)
2026-02-22 08:26:24,492 - ERROR - Error checking trade day: (pymysql.err.OperationalError) (2003, "Can't connect to MySQL server on 'localhost' ([Errno 61] Connection refused)")
(Background on this error at: https://sqlalche.me/e/20/e3q8)
2026-02-22 08:26:54,628 - ERROR - Error checking trade day: (pymysql.err.OperationalError) (2003, "Can't connect to MySQL server on 'localhost' ([Errno 61] Connection refused)")
(Background on this error at: https://sqlalche.me/e/20/e3q8)
2026-02-22 08:27:24,762 - ERROR - Error checking trade day: (pymysql.err.OperationalError) (2003, "Can't connect to MySQL server on 'localhost' ([Errno 61] Connection refused)")
(Background on this error at: https://sqlalche.me/e/20/e3q8)
2026-02-22 08:27:54,909 - ERROR - Error checking trade day: (pymysql.err.OperationalError) (2003, "Can't connect to MySQL server on 'localhost' ([Errno 61] Connection refused)")
(Background on this error at: https://sqlalche.me/e/20/e3q8)
2026-02-22 08:28:25,059 - ERROR - Error checking trade day: (pymysql.err.OperationalError) (2003, "Can't connect to MySQL server on 'localhost' ([Errno 61] Connection refused)")
(Background on this error at: https://sqlalche.me/e/20/e3q8)
2026-02-22 08:28:55,208 - ERROR - Error checking trade day: (pymysql.err.OperationalError) (2003, "Can't connect to MySQL server on 'localhost' ([Errno 61] Connection refused)")
(Background on this error at: https://sqlalche.me/e/20/e3q8)
2026-02-22 08:29:25,325 - ERROR - Error checking trade day: (pymysql.err.OperationalError) (2003, "Can't connect to MySQL server on 'localhost' ([Errno 61] Connection refused)")
(Background on this error at: https://sqlalche.me/e/20/e3q8)
2026-02-22 08:29:55,465 - ERROR - Error checking trade day: (pymysql.err.OperationalError) (2003, "Can't connect to MySQL server on 'localhost' ([Errno 61] Connection refused)")
(Background on this error at: https://sqlalche.me/e/20/e3q8)
2026-02-22 08:30:25,615 - ERROR - Error checking trade day: (pymysql.err.OperationalError) (2003, "Can't connect to MySQL server on 'localhost' ([Errno 61] Connection refused)")
(Background on this error at: https://sqlalche.me/e/20/e3q8)
2026-02-22 08:30:55,768 - ERROR - Error checking trade day: (pymysql.err.OperationalError) (2003, "Can't connect to MySQL server on 'localhost' ([Errno 61] Connection refused)")
(Background on this error at: https://sqlalche.me/e/20/e3q8)
2026-02-22 08:31:25,919 - ERROR - Error checking trade day: (pymysql.err.OperationalError) (2003, "Can't connect to MySQL server on 'localhost' ([Errno 61] Connection refused)")
(Background on this error at: https://sqlalche.me/e/20/e3q8)
2026-02-22 08:31:56,071 - ERROR - Error checking trade day: (pymysql.err.OperationalError) (2003, "Can't connect to MySQL server on 'localhost' ([Errno 61] Connection refused)")
(Background on this error at: https://sqlalche.me/e/20/e3q8)
2026-02-22 08:32:26,172 - ERROR - Error checking trade day: (pymysql.err.OperationalError) (2003, "Can't connect to MySQL server on 'localhost' ([Errno 61] Connection refused)")
(Background on this error at: https://sqlalche.me/e/20/e3q8)
2026-02-22 08:32:56,235 - ERROR - Error checking trade day: (pymysql.err.OperationalError) (2003, "Can't connect to MySQL server on 'localhost' ([Errno 61] Connection refused)")
(Background on this error at: https://sqlalche.me/e/20/e3q8)
2026-02-22 08:33:26,382 - ERROR - Error checking trade day: (pymysql.err.OperationalError) (2003, "Can't connect to MySQL server on 'localhost' ([Errno 61] Connection refused)")
(Background on this error at: https://sqlalche.me/e/20/e3q8)
2026-02-22 08:33:56,524 - ERROR - Error checking trade day: (pymysql.err.OperationalError) (2003, "Can't connect to MySQL server on 'localhost' ([Errno 61] Connection refused)")
(Background on this error at: https://sqlalche.me/e/20/e3q8)
2026-02-22 08:34:26,626 - ERROR - Error checking trade day: (pymysql.err.OperationalError) (2003, "Can't connect to MySQL server on 'localhost' ([Errno 61] Connection refused)")
(Background on this error at: https://sqlalche.me/e/20/e3q8)
2026-02-22 08:34:56,762 - ERROR - Error checking trade day: (pymysql.err.OperationalError) (2003, "Can't connect to MySQL server on 'localhost' ([Errno 61] Connection refused)")
(Background on this error at: https://sqlalche.me/e/20/e3q8)
2026-02-22 08:35:26,910 - ERROR - Error checking trade day: (pymysql.err.OperationalError) (2003, "Can't connect to MySQL server on 'localhost' ([Errno 61] Connection refused)")
(Background on this error at: https://sqlalche.me/e/20/e3q8)
2026-02-22 08:35:57,060 - ERROR - Error checking trade day: (pymysql.err.OperationalError) (2003, "Can't connect to MySQL server on 'localhost' ([Errno 61] Connection refused)")
(Background on this error at: https://sqlalche.me/e/20/e3q8)
2026-02-22 08:36:27,207 - ERROR - Error checking trade day: (pymysql.err.OperationalError) (2003, "Can't connect to MySQL server on 'localhost' ([Errno 61] Connection refused)")
(Background on this error at: https://sqlalche.me/e/20/e3q8)
2026-02-22 08:36:57,354 - ERROR - Error checking trade day: (pymysql.err.OperationalError) (2003, "Can't connect to MySQL server on 'localhost' ([Errno 61] Connection refused)")
(Background on this error at: https://sqlalche.me/e/20/e3q8)
2026-02-22 08:37:27,494 - ERROR - Error checking trade day: (pymysql.err.OperationalError) (2003, "Can't connect to MySQL server on 'localhost' ([Errno 61] Connection refused)")
(Background on this error at: https://sqlalche.me/e/20/e3q8)
2026-02-22 08:37:57,632 - ERROR - Error checking trade day: (pymysql.err.OperationalError) (2003, "Can't connect to MySQL server on 'localhost' ([Errno 61] Connection refused)")
(Background on this error at: https://sqlalche.me/e/20/e3q8)
2026-02-22 08:38:27,750 - ERROR - Error checking trade day: (pymysql.err.OperationalError) (2003, "Can't connect to MySQL server on 'localhost' ([Errno 61] Connection refused)")
(Background on this error at: https://sqlalche.me/e/20/e3q8)
2026-02-22 08:38:57,889 - ERROR - Error checking trade day: (pymysql.err.OperationalError) (2003, "Can't connect to MySQL server on 'localhost' ([Errno 61] Connection refused)")
(Background on this error at: https://sqlalche.me/e/20/e3q8)
2026-02-22 08:39:28,043 - ERROR - Error checking trade day: (pymysql.err.OperationalError) (2003, "Can't connect to MySQL server on 'localhost' ([Errno 61] Connection refused)")
(Background on this error at: https://sqlalche.me/e/20/e3q8)
2026-02-22 08:39:58,191 - ERROR - Error checking trade day: (pymysql.err.OperationalError) (2003, "Can't connect to MySQL server on 'localhost' ([Errno 61] Connection refused)")
(Background on this error at: https://sqlalche.me/e/20/e3q8)
2026-02-22 08:40:28,318 - ERROR - Error checking trade day: (pymysql.err.OperationalError) (2003, "Can't connect to MySQL server on 'localhost' ([Errno 61] Connection refused)")
(Background on this error at: https://sqlalche.me/e/20/e3q8)
2026-02-22 08:40:58,447 - ERROR - Error checking trade day: (pymysql.err.OperationalError) (2003, "Can't connect to MySQL server on 'localhost' ([Errno 61] Connection refused)")
(Background on this error at: https://sqlalche.me/e/20/e3q8)
2026-02-22 08:41:28,568 - ERROR - Error checking trade day: (pymysql.err.OperationalError) (2003, "Can't connect to MySQL server on 'localhost' ([Errno 61] Connection refused)")
(Background on this error at: https://sqlalche.me/e/20/e3q8)
2026-02-22 08:41:58,693 - ERROR - Error checking trade day: (pymysql.err.OperationalError) (2003, "Can't connect to MySQL server on 'localhost' ([Errno 61] Connection refused)")
(Background on this error at: https://sqlalche.me/e/20/e3q8)
2026-02-22 08:42:28,810 - ERROR - Error checking trade day: (pymysql.err.OperationalError) (2003, "Can't connect to MySQL server on 'localhost' ([Errno 61] Connection refused)")
(Background on this error at: https://sqlalche.me/e/20/e3q8)
2026-02-22 08:42:58,955 - ERROR - Error checking trade day: (pymysql.err.OperationalError) (2003, "Can't connect to MySQL server on 'localhost' ([Errno 61] Connection refused)")
(Background on this error at: https://sqlalche.me/e/20/e3q8)
2026-02-22 08:43:29,069 - ERROR - Error checking trade day: (pymysql.err.OperationalError) (2003, "Can't connect to MySQL server on 'localhost' ([Errno 61] Connection refused)")
(Background on this error at: https://sqlalche.me/e/20/e3q8)
2026-02-22 08:43:59,210 - ERROR - Error checking trade day: (pymysql.err.OperationalError) (2003, "Can't connect to MySQL server on 'localhost' ([Errno 61] Connection refused)")
(Background on this error at: https://sqlalche.me/e/20/e3q8)
2026-02-22 08:44:29,355 - ERROR - Error checking trade day: (pymysql.err.OperationalError) (2003, "Can't connect to MySQL server on 'localhost' ([Errno 61] Connection refused)")
(Background on this error at: https://sqlalche.me/e/20/e3q8)
2026-02-22 08:44:59,501 - ERROR - Error checking trade day: (pymysql.err.OperationalError) (2003, "Can't connect to MySQL server on 'localhost' ([Errno 61] Connection refused)")
(Background on this error at: https://sqlalche.me/e/20/e3q8)
2026-02-22 08:45:29,643 - ERROR - Error checking trade day: (pymysql.err.OperationalError) (2003, "Can't connect to MySQL server on 'localhost' ([Errno 61] Connection refused)")
(Background on this error at: https://sqlalche.me/e/20/e3q8)
2026-02-22 08:45:59,793 - ERROR - Error checking trade day: (pymysql.err.OperationalError) (2003, "Can't connect to MySQL server on 'localhost' ([Errno 61] Connection refused)")
(Background on this error at: https://sqlalche.me/e/20/e3q8)
2026-02-22 08:46:29,944 - ERROR - Error checking trade day: (pymysql.err.OperationalError) (2003, "Can't connect to MySQL server on 'localhost' ([Errno 61] Connection refused)")
(Background on this error at: https://sqlalche.me/e/20/e3q8)
2026-02-22 08:47:00,048 - ERROR - Error checking trade day: (pymysql.err.OperationalError) (2003, "Can't connect to MySQL server on 'localhost' ([Errno 61] Connection refused)")
(Background on this error at: https://sqlalche.me/e/20/e3q8)
2026-02-22 08:47:30,201 - ERROR - Error checking trade day: (pymysql.err.OperationalError) (2003, "Can't connect to MySQL server on 'localhost' ([Errno 61] Connection refused)")
(Background on this error at: https://sqlalche.me/e/20/e3q8)
2026-02-22 08:48:00,354 - ERROR - Error checking trade day: (pymysql.err.OperationalError) (2003, "Can't connect to MySQL server on 'localhost' ([Errno 61] Connection refused)")
(Background on this error at: https://sqlalche.me/e/20/e3q8)
2026-02-22 08:48:30,454 - ERROR - Error checking trade day: (pymysql.err.OperationalError) (2003, "Can't connect to MySQL server on 'localhost' ([Errno 61] Connection refused)")
(Background on this error at: https://sqlalche.me/e/20/e3q8)
2026-02-22 08:49:00,537 - ERROR - Error checking trade day: (pymysql.err.OperationalError) (2003, "Can't connect to MySQL server on 'localhost' ([Errno 61] Connection refused)")
(Background on this error at: https://sqlalche.me/e/20/e3q8)
2026-02-22 08:49:30,647 - ERROR - Error checking trade day: (pymysql.err.OperationalError) (2003, "Can't connect to MySQL server on 'localhost' ([Errno 61] Connection refused)")
(Background on this error at: https://sqlalche.me/e/20/e3q8)
2026-02-22 08:50:00,798 - ERROR - Error checking trade day: (pymysql.err.OperationalError) (2003, "Can't connect to MySQL server on 'localhost' ([Errno 61] Connection refused)")
(Background on this error at: https://sqlalche.me/e/20/e3q8)
2026-02-22 08:50:30,849 - ERROR - Error checking trade day: (pymysql.err.OperationalError) (2003, "Can't connect to MySQL server on 'localhost' ([Errno 61] Connection refused)")
(Background on this error at: https://sqlalche.me/e/20/e3q8)
2026-02-22 08:51:00,977 - ERROR - Error checking trade day: (pymysql.err.OperationalError) (2003, "Can't connect to MySQL server on 'localhost' ([Errno 61] Connection refused)")
(Background on this error at: https://sqlalche.me/e/20/e3q8)
2026-02-22 08:51:31,052 - ERROR - Error checking trade day: (pymysql.err.OperationalError) (2003, "Can't connect to MySQL server on 'localhost' ([Errno 61] Connection refused)")
(Background on this error at: https://sqlalche.me/e/20/e3q8)
2026-02-22 08:52:01,111 - ERROR - Error checking trade day: (pymysql.err.OperationalError) (2003, "Can't connect to MySQL server on 'localhost' ([Errno 61] Connection refused)")
(Background on this error at: https://sqlalche.me/e/20/e3q8)
2026-02-22 08:52:31,140 - ERROR - Error checking trade day: (pymysql.err.OperationalError) (2003, "Can't connect to MySQL server on 'localhost' ([Errno 61] Connection refused)")
(Background on this error at: https://sqlalche.me/e/20/e3q8)
2026-02-22 08:53:01,307 - ERROR - Error checking trade day: (pymysql.err.OperationalError) (2003, "Can't connect to MySQL server on 'localhost' ([Errno 61] Connection refused)")
(Background on this error at: https://sqlalche.me/e/20/e3q8)
2026-02-22 08:53:31,402 - ERROR - Error checking trade day: (pymysql.err.OperationalError) (2003, "Can't connect to MySQL server on 'localhost' ([Errno 61] Connection refused)")
(Background on this error at: https://sqlalche.me/e/20/e3q8)
2026-02-22 08:54:01,469 - ERROR - Error checking trade day: (pymysql.err.OperationalError) (2003, "Can't connect to MySQL server on 'localhost' ([Errno 61] Connection refused)")
(Background on this error at: https://sqlalche.me/e/20/e3q8)
2026-02-22 08:54:31,627 - ERROR - Error checking trade day: (pymysql.err.OperationalError) (2003, "Can't connect to MySQL server on 'localhost' ([Errno 61] Connection refused)")
(Background on this error at: https://sqlalche.me/e/20/e3q8)
2026-02-22 08:55:01,701 - ERROR - Error checking trade day: (pymysql.err.OperationalError) (2003, "Can't connect to MySQL server on 'localhost' ([Errno 61] Connection refused)")
(Background on this error at: https://sqlalche.me/e/20/e3q8)
2026-02-22 08:55:31,778 - ERROR - Error checking trade day: (pymysql.err.OperationalError) (2003, "Can't connect to MySQL server on 'localhost' ([Errno 61] Connection refused)")
(Background on this error at: https://sqlalche.me/e/20/e3q8)
2026-02-22 08:56:01,851 - ERROR - Error checking trade day: (pymysql.err.OperationalError) (2003, "Can't connect to MySQL server on 'localhost' ([Errno 61] Connection refused)")
(Background on this error at: https://sqlalche.me/e/20/e3q8)
2026-02-22 08:56:31,921 - ERROR - Error checking trade day: (pymysql.err.OperationalError) (2003, "Can't connect to MySQL server on 'localhost' ([Errno 61] Connection refused)")
(Background on this error at: https://sqlalche.me/e/20/e3q8)
2026-02-22 08:57:01,964 - ERROR - Error checking trade day: (pymysql.err.OperationalError) (2003, "Can't connect to MySQL server on 'localhost' ([Errno 61] Connection refused)")
(Background on this error at: https://sqlalche.me/e/20/e3q8)
2026-02-22 08:57:32,029 - ERROR - Error checking trade day: (pymysql.err.OperationalError) (2003, "Can't connect to MySQL server on 'localhost' ([Errno 61] Connection refused)")
(Background on this error at: https://sqlalche.me/e/20/e3q8)
2026-02-22 08:58:02,073 - ERROR - Error checking trade day: (pymysql.err.OperationalError) (2003, "Can't connect to MySQL server on 'localhost' ([Errno 61] Connection refused)")
(Background on this error at: https://sqlalche.me/e/20/e3q8)
2026-02-22 08:58:32,136 - ERROR - Error checking trade day: (pymysql.err.OperationalError) (2003, "Can't connect to MySQL server on 'localhost' ([Errno 61] Connection refused)")
(Background on this error at: https://sqlalche.me/e/20/e3q8)
2026-02-22 08:59:02,211 - ERROR - Error checking trade day: (pymysql.err.OperationalError) (2003, "Can't connect to MySQL server on 'localhost' ([Errno 61] Connection refused)")
(Background on this error at: https://sqlalche.me/e/20/e3q8)
2026-02-22 08:59:32,289 - ERROR - Error checking trade day: (pymysql.err.OperationalError) (2003, "Can't connect to MySQL server on 'localhost' ([Errno 61] Connection refused)")
(Background on this error at: https://sqlalche.me/e/20/e3q8)
2026-02-22 09:00:02,292 - ERROR - Error checking trade day: (pymysql.err.OperationalError) (2003, "Can't connect to MySQL server on 'localhost' ([Errno 61] Connection refused)")
(Background on this error at: https://sqlalche.me/e/20/e3q8)
2026-02-22 09:00:02,292 - INFO - 2026-02-22 is not a trading day. Idling...
2026-02-22 09:00:32,354 - ERROR - Error checking trade day: (pymysql.err.OperationalError) (2003, "Can't connect to MySQL server on 'localhost' ([Errno 61] Connection refused)")
(Background on this error at: https://sqlalche.me/e/20/e3q8)
2026-02-22 09:01:02,382 - ERROR - Error checking trade day: (pymysql.err.OperationalError) (2003, "Can't connect to MySQL server on 'localhost' ([Errno 61] Connection refused)")
(Background on this error at: https://sqlalche.me/e/20/e3q8)
2026-02-22 09:01:32,395 - ERROR - Error checking trade day: (pymysql.err.OperationalError) (2003, "Can't connect to MySQL server on 'localhost' ([Errno 61] Connection refused)")
(Background on this error at: https://sqlalche.me/e/20/e3q8)
2026-02-22 09:02:02,451 - ERROR - Error checking trade day: (pymysql.err.OperationalError) (2003, "Can't connect to MySQL server on 'localhost' ([Errno 61] Connection refused)")
(Background on this error at: https://sqlalche.me/e/20/e3q8)
2026-02-22 09:02:32,496 - ERROR - Error checking trade day: (pymysql.err.OperationalError) (2003, "Can't connect to MySQL server on 'localhost' ([Errno 61] Connection refused)")
(Background on this error at: https://sqlalche.me/e/20/e3q8)
2026-02-22 09:03:02,571 - ERROR - Error checking trade day: (pymysql.err.OperationalError) (2003, "Can't connect to MySQL server on 'localhost' ([Errno 61] Connection refused)")
(Background on this error at: https://sqlalche.me/e/20/e3q8)
2026-02-22 09:03:32,648 - ERROR - Error checking trade day: (pymysql.err.OperationalError) (2003, "Can't connect to MySQL server on 'localhost' ([Errno 61] Connection refused)")
(Background on this error at: https://sqlalche.me/e/20/e3q8)
2026-02-22 09:04:02,726 - ERROR - Error checking trade day: (pymysql.err.OperationalError) (2003, "Can't connect to MySQL server on 'localhost' ([Errno 61] Connection refused)")
(Background on this error at: https://sqlalche.me/e/20/e3q8)
2026-02-22 09:04:32,788 - ERROR - Error checking trade day: (pymysql.err.OperationalError) (2003, "Can't connect to MySQL server on 'localhost' ([Errno 61] Connection refused)")
(Background on this error at: https://sqlalche.me/e/20/e3q8)
2026-02-22 09:05:02,864 - ERROR - Error checking trade day: (pymysql.err.OperationalError) (2003, "Can't connect to MySQL server on 'localhost' ([Errno 61] Connection refused)")
(Background on this error at: https://sqlalche.me/e/20/e3q8)
2026-02-22 09:05:32,922 - ERROR - Error checking trade day: (pymysql.err.OperationalError) (2003, "Can't connect to MySQL server on 'localhost' ([Errno 61] Connection refused)")
(Background on this error at: https://sqlalche.me/e/20/e3q8)
2026-02-22 09:06:02,990 - ERROR - Error checking trade day: (pymysql.err.OperationalError) (2003, "Can't connect to MySQL server on 'localhost' ([Errno 61] Connection refused)")
(Background on this error at: https://sqlalche.me/e/20/e3q8)
2026-02-22 09:06:33,052 - ERROR - Error checking trade day: (pymysql.err.OperationalError) (2003, "Can't connect to MySQL server on 'localhost' ([Errno 61] Connection refused)")
(Background on this error at: https://sqlalche.me/e/20/e3q8)
2026-02-22 09:07:03,125 - ERROR - Error checking trade day: (pymysql.err.OperationalError) (2003, "Can't connect to MySQL server on 'localhost' ([Errno 61] Connection refused)")
(Background on this error at: https://sqlalche.me/e/20/e3q8)
2026-02-22 09:07:33,157 - ERROR - Error checking trade day: (pymysql.err.OperationalError) (2003, "Can't connect to MySQL server on 'localhost' ([Errno 61] Connection refused)")
(Background on this error at: https://sqlalche.me/e/20/e3q8)
2026-02-22 09:08:03,192 - ERROR - Error checking trade day: (pymysql.err.OperationalError) (2003, "Can't connect to MySQL server on 'localhost' ([Errno 61] Connection refused)")
(Background on this error at: https://sqlalche.me/e/20/e3q8)
2026-02-22 09:08:33,265 - ERROR - Error checking trade day: (pymysql.err.OperationalError) (2003, "Can't connect to MySQL server on 'localhost' ([Errno 61] Connection refused)")
(Background on this error at: https://sqlalche.me/e/20/e3q8)
2026-02-22 09:09:03,335 - ERROR - Error checking trade day: (pymysql.err.OperationalError) (2003, "Can't connect to MySQL server on 'localhost' ([Errno 61] Connection refused)")
(Background on this error at: https://sqlalche.me/e/20/e3q8)
2026-02-22 09:09:33,412 - ERROR - Error checking trade day: (pymysql.err.OperationalError) (2003, "Can't connect to MySQL server on 'localhost' ([Errno 61] Connection refused)")
(Background on this error at: https://sqlalche.me/e/20/e3q8)
2026-02-22 09:10:03,476 - ERROR - Error checking trade day: (pymysql.err.OperationalError) (2003, "Can't connect to MySQL server on 'localhost' ([Errno 61] Connection refused)")
(Background on this error at: https://sqlalche.me/e/20/e3q8)
2026-02-22 09:10:33,552 - ERROR - Error checking trade day: (pymysql.err.OperationalError) (2003, "Can't connect to MySQL server on 'localhost' ([Errno 61] Connection refused)")
(Background on this error at: https://sqlalche.me/e/20/e3q8)
2026-02-22 09:11:03,628 - ERROR - Error checking trade day: (pymysql.err.OperationalError) (2003, "Can't connect to MySQL server on 'localhost' ([Errno 61] Connection refused)")
(Background on this error at: https://sqlalche.me/e/20/e3q8)
2026-02-22 09:11:33,704 - ERROR - Error checking trade day: (pymysql.err.OperationalError) (2003, "Can't connect to MySQL server on 'localhost' ([Errno 61] Connection refused)")
(Background on this error at: https://sqlalche.me/e/20/e3q8)
2026-02-22 09:12:03,782 - ERROR - Error checking trade day: (pymysql.err.OperationalError) (2003, "Can't connect to MySQL server on 'localhost' ([Errno 61] Connection refused)")
(Background on this error at: https://sqlalche.me/e/20/e3q8)
2026-02-22 09:12:33,833 - ERROR - Error checking trade day: (pymysql.err.OperationalError) (2003, "Can't connect to MySQL server on 'localhost' ([Errno 61] Connection refused)")
(Background on this error at: https://sqlalche.me/e/20/e3q8)
2026-02-22 09:13:03,907 - ERROR - Error checking trade day: (pymysql.err.OperationalError) (2003, "Can't connect to MySQL server on 'localhost' ([Errno 61] Connection refused)")
(Background on this error at: https://sqlalche.me/e/20/e3q8)
2026-02-22 09:13:33,984 - ERROR - Error checking trade day: (pymysql.err.OperationalError) (2003, "Can't connect to MySQL server on 'localhost' ([Errno 61] Connection refused)")
(Background on this error at: https://sqlalche.me/e/20/e3q8)
2026-02-22 09:14:04,056 - ERROR - Error checking trade day: (pymysql.err.OperationalError) (2003, "Can't connect to MySQL server on 'localhost' ([Errno 61] Connection refused)")
(Background on this error at: https://sqlalche.me/e/20/e3q8)
2026-02-22 09:14:34,098 - ERROR - Error checking trade day: (pymysql.err.OperationalError) (2003, "Can't connect to MySQL server on 'localhost' ([Errno 61] Connection refused)")
(Background on this error at: https://sqlalche.me/e/20/e3q8)
2026-02-22 09:15:04,176 - ERROR - Error checking trade day: (pymysql.err.OperationalError) (2003, "Can't connect to MySQL server on 'localhost' ([Errno 61] Connection refused)")
(Background on this error at: https://sqlalche.me/e/20/e3q8)
2026-02-22 09:15:34,201 - ERROR - Error checking trade day: (pymysql.err.OperationalError) (2003, "Can't connect to MySQL server on 'localhost' ([Errno 61] Connection refused)")
(Background on this error at: https://sqlalche.me/e/20/e3q8)
2026-02-22 09:16:04,273 - ERROR - Error checking trade day: (pymysql.err.OperationalError) (2003, "Can't connect to MySQL server on 'localhost' ([Errno 61] Connection refused)")
(Background on this error at: https://sqlalche.me/e/20/e3q8)
2026-02-22 09:16:34,339 - ERROR - Error checking trade day: (pymysql.err.OperationalError) (2003, "Can't connect to MySQL server on 'localhost' ([Errno 61] Connection refused)")
(Background on this error at: https://sqlalche.me/e/20/e3q8)
2026-02-22 09:17:04,404 - ERROR - Error checking trade day: (pymysql.err.OperationalError) (2003, "Can't connect to MySQL server on 'localhost' ([Errno 61] Connection refused)")
(Background on this error at: https://sqlalche.me/e/20/e3q8)
2026-02-22 10:00:09,502 - INFO - 2026-02-22 is not a trading day. Idling...
2026-02-22 11:00:20,203 - INFO - 2026-02-22 is not a trading day. Idling...
2026-02-22 12:00:00,512 - INFO - 2026-02-22 is not a trading day. Idling...
2026-02-22 13:00:07,767 - INFO - 2026-02-22 is not a trading day. Idling...
2026-02-22 14:00:21,132 - INFO - 2026-02-22 is not a trading day. Idling...
2026-02-22 15:00:06,433 - INFO - 2026-02-22 is not a trading day. Idling...
2026-02-22 16:00:14,541 - INFO - 2026-02-22 is not a trading day. Idling...
2026-02-22 17:00:00,094 - INFO - 2026-02-22 is not a trading day. Idling...
2026-02-22 18:00:16,475 - INFO - 2026-02-22 is not a trading day. Idling...
2026-02-22 19:00:03,035 - INFO - 2026-02-22 is not a trading day. Idling...
2026-02-22 20:00:15,001 - INFO - 2026-02-22 is not a trading day. Idling...
2026-02-22 21:00:24,747 - INFO - 2026-02-22 is not a trading day. Idling...
2026-02-22 22:00:09,630 - INFO - 2026-02-22 is not a trading day. Idling...
2026-02-22 23:00:18,798 - INFO - 2026-02-22 is not a trading day. Idling...
2026-02-23 00:00:29,382 - INFO - 2026-02-23 is not a trading day. Idling...
2026-02-23 01:00:11,521 - INFO - 2026-02-23 is not a trading day. Idling...
2026-02-23 02:00:28,714 - INFO - 2026-02-23 is not a trading day. Idling...
2026-02-23 03:00:15,611 - INFO - 2026-02-23 is not a trading day. Idling...
2026-02-23 04:00:02,138 - INFO - 2026-02-23 is not a trading day. Idling...
2026-02-23 05:00:19,442 - INFO - 2026-02-23 is not a trading day. Idling...
2026-02-23 06:00:06,272 - INFO - 2026-02-23 is not a trading day. Idling...
2026-02-23 07:00:23,247 - INFO - 2026-02-23 is not a trading day. Idling...
2026-02-23 08:00:09,787 - INFO - 2026-02-23 is not a trading day. Idling...
2026-02-23 09:00:26,636 - INFO - 2026-02-23 is not a trading day. Idling...
2026-02-23 10:00:09,931 - INFO - 2026-02-23 is not a trading day. Idling...
2026-02-23 11:00:26,804 - INFO - 2026-02-23 is not a trading day. Idling...
2026-02-23 12:00:12,835 - INFO - 2026-02-23 is not a trading day. Idling...
2026-02-23 13:00:24,060 - INFO - 2026-02-23 is not a trading day. Idling...
2026-02-23 14:00:04,651 - INFO - 2026-02-23 is not a trading day. Idling...
2026-02-23 15:00:14,037 - INFO - 2026-02-23 is not a trading day. Idling...
2026-02-23 16:00:25,995 - INFO - 2026-02-23 is not a trading day. Idling...
2026-02-23 17:00:11,582 - INFO - 2026-02-23 is not a trading day. Idling...
2026-02-23 18:00:28,533 - INFO - 2026-02-23 is not a trading day. Idling...
2026-02-23 19:00:15,428 - INFO - 2026-02-23 is not a trading day. Idling...
2026-02-23 20:00:02,657 - INFO - 2026-02-23 is not a trading day. Idling...
2026-02-23 21:00:16,093 - INFO - 2026-02-23 is not a trading day. Idling...
2026-02-23 22:00:26,769 - INFO - 2026-02-23 is not a trading day. Idling...
2026-02-23 23:00:13,902 - INFO - 2026-02-23 is not a trading day. Idling...
2026-02-24 15:20:12,633 - INFO - Triggering task: sina_bs
2026-02-24 15:20:12,652 - INFO - Starting sina_bs: /Users/chenyiyun/PycharmProjects/Chenyiyun2087/.venv/bin/python /Users/chenyiyun/PycharmProjects/Chenyiyun2087/sina/bs_detection/main.py config_1 20260224
2026-02-24 16:03:34,530 - ERROR - Task sina_bs failed with code -15. See logs/scheduler/sina_bs_20260224_152012.log
2026-02-24 16:30:08,034 - INFO - Triggering task: eastmoney_data
2026-02-24 16:30:08,035 - INFO - Starting eastmoney_data: /Users/chenyiyun/PycharmProjects/Chenyiyun2087/.venv/bin/python /Users/chenyiyun/PycharmProjects/Chenyiyun2087/eastmoney/main.py config_1 20260224
2026-02-24 16:56:43,253 - INFO - Finished eastmoney_data successfully.
2026-02-25 22:54:39,397 - INFO - Scheduler started.
2026-02-25 22:54:39,493 - ERROR - Error checking trade day: (pymysql.err.OperationalError) (2003, "Can't connect to MySQL server on 'localhost' ([Errno 61] Connection refused)")
(Background on this error at: https://sqlalche.me/e/20/e3q8)
2026-02-25 22:55:09,512 - ERROR - Error checking trade day: (pymysql.err.OperationalError) (2003, "Can't connect to MySQL server on 'localhost' ([Errno 61] Connection refused)")
(Background on this error at: https://sqlalche.me/e/20/e3q8)
2026-02-25 22:55:39,549 - ERROR - Error checking trade day: (pymysql.err.OperationalError) (2003, "Can't connect to MySQL server on 'localhost' ([Errno 61] Connection refused)")
(Background on this error at: https://sqlalche.me/e/20/e3q8)
2026-02-25 22:56:09,579 - ERROR - Error checking trade day: (pymysql.err.OperationalError) (2003, "Can't connect to MySQL server on 'localhost' ([Errno 61] Connection refused)")
(Background on this error at: https://sqlalche.me/e/20/e3q8)
2026-02-25 22:56:39,597 - ERROR - Error checking trade day: (pymysql.err.OperationalError) (2003, "Can't connect to MySQL server on 'localhost' ([Errno 61] Connection refused)")
(Background on this error at: https://sqlalche.me/e/20/e3q8)
2026-02-25 22:57:09,631 - ERROR - Error checking trade day: (pymysql.err.OperationalError) (2003, "Can't connect to MySQL server on 'localhost' ([Errno 61] Connection refused)")
(Background on this error at: https://sqlalche.me/e/20/e3q8)
2026-02-25 22:57:39,696 - ERROR - Error checking trade day: (pymysql.err.OperationalError) (2003, "Can't connect to MySQL server on 'localhost' ([Errno 61] Connection refused)")
(Background on this error at: https://sqlalche.me/e/20/e3q8)
2026-02-25 22:58:09,772 - ERROR - Error checking trade day: (pymysql.err.OperationalError) (2003, "Can't connect to MySQL server on 'localhost' ([Errno 61] Connection refused)")
(Background on this error at: https://sqlalche.me/e/20/e3q8)
2026-02-25 22:58:39,809 - ERROR - Error checking trade day: (pymysql.err.OperationalError) (2003, "Can't connect to MySQL server on 'localhost' ([Errno 61] Connection refused)")
(Background on this error at: https://sqlalche.me/e/20/e3q8)
2026-02-25 22:59:09,880 - ERROR - Error checking trade day: (pymysql.err.OperationalError) (2003, "Can't connect to MySQL server on 'localhost' ([Errno 61] Connection refused)")
(Background on this error at: https://sqlalche.me/e/20/e3q8)
2026-02-25 22:59:39,931 - ERROR - Error checking trade day: (pymysql.err.OperationalError) (2003, "Can't connect to MySQL server on 'localhost' ([Errno 61] Connection refused)")
(Background on this error at: https://sqlalche.me/e/20/e3q8)
2026-02-25 23:00:09,936 - ERROR - Error checking trade day: (pymysql.err.OperationalError) (2003, "Can't connect to MySQL server on 'localhost' ([Errno 61] Connection refused)")
(Background on this error at: https://sqlalche.me/e/20/e3q8)
2026-02-25 23:00:09,936 - INFO - 2026-02-25 is not a trading day. Idling...
2026-02-25 23:00:39,948 - ERROR - Error checking trade day: (pymysql.err.OperationalError) (2003, "Can't connect to MySQL server on 'localhost' ([Errno 61] Connection refused)")
(Background on this error at: https://sqlalche.me/e/20/e3q8)
2026-02-25 23:01:10,013 - ERROR - Error checking trade day: (pymysql.err.OperationalError) (2003, "Can't connect to MySQL server on 'localhost' ([Errno 61] Connection refused)")
(Background on this error at: https://sqlalche.me/e/20/e3q8)
2026-02-25 23:01:40,037 - ERROR - Error checking trade day: (pymysql.err.OperationalError) (2003, "Can't connect to MySQL server on 'localhost' ([Errno 61] Connection refused)")
(Background on this error at: https://sqlalche.me/e/20/e3q8)
2026-02-25 23:02:10,086 - ERROR - Error checking trade day: (pymysql.err.OperationalError) (2003, "Can't connect to MySQL server on 'localhost' ([Errno 61] Connection refused)")
(Background on this error at: https://sqlalche.me/e/20/e3q8)
2026-02-25 23:02:40,158 - ERROR - Error checking trade day: (pymysql.err.OperationalError) (2003, "Can't connect to MySQL server on 'localhost' ([Errno 61] Connection refused)")
(Background on this error at: https://sqlalche.me/e/20/e3q8)
2026-02-25 23:03:10,221 - ERROR - Error checking trade day: (pymysql.err.OperationalError) (2003, "Can't connect to MySQL server on 'localhost' ([Errno 61] Connection refused)")
(Background on this error at: https://sqlalche.me/e/20/e3q8)
2026-02-25 23:03:40,233 - ERROR - Error checking trade day: (pymysql.err.OperationalError) (2003, "Can't connect to MySQL server on 'localhost' ([Errno 61] Connection refused)")
(Background on this error at: https://sqlalche.me/e/20/e3q8)
2026-02-25 23:04:10,253 - ERROR - Error checking trade day: (pymysql.err.OperationalError) (2003, "Can't connect to MySQL server on 'localhost' ([Errno 61] Connection refused)")
(Background on this error at: https://sqlalche.me/e/20/e3q8)
2026-02-25 23:04:40,320 - ERROR - Error checking trade day: (pymysql.err.OperationalError) (2003, "Can't connect to MySQL server on 'localhost' ([Errno 61] Connection refused)")
(Background on this error at: https://sqlalche.me/e/20/e3q8)
2026-02-25 23:05:10,387 - ERROR - Error checking trade day: (pymysql.err.OperationalError) (2003, "Can't connect to MySQL server on 'localhost' ([Errno 61] Connection refused)")
(Background on this error at: https://sqlalche.me/e/20/e3q8)
2026-02-25 23:05:40,441 - ERROR - Error checking trade day: (pymysql.err.OperationalError) (2003, "Can't connect to MySQL server on 'localhost' ([Errno 61] Connection refused)")
(Background on this error at: https://sqlalche.me/e/20/e3q8)
2026-02-25 23:06:10,523 - ERROR - Error checking trade day: (pymysql.err.OperationalError) (2003, "Can't connect to MySQL server on 'localhost' ([Errno 61] Connection refused)")
(Background on this error at: https://sqlalche.me/e/20/e3q8)
2026-02-25 23:06:40,572 - ERROR - Error checking trade day: (pymysql.err.OperationalError) (2003, "Can't connect to MySQL server on 'localhost' ([Errno 61] Connection refused)")
(Background on this error at: https://sqlalche.me/e/20/e3q8)
2026-02-25 23:07:10,611 - ERROR - Error checking trade day: (pymysql.err.OperationalError) (2003, "Can't connect to MySQL server on 'localhost' ([Errno 61] Connection refused)")
(Background on this error at: https://sqlalche.me/e/20/e3q8)
2026-02-25 23:07:40,691 - ERROR - Error checking trade day: (pymysql.err.OperationalError) (2003, "Can't connect to MySQL server on 'localhost' ([Errno 61] Connection refused)")
(Background on this error at: https://sqlalche.me/e/20/e3q8)
2026-02-25 23:08:10,772 - ERROR - Error checking trade day: (pymysql.err.OperationalError) (2003, "Can't connect to MySQL server on 'localhost' ([Errno 61] Connection refused)")
(Background on this error at: https://sqlalche.me/e/20/e3q8)
2026-02-25 23:08:40,788 - ERROR - Error checking trade day: (pymysql.err.OperationalError) (2003, "Can't connect to MySQL server on 'localhost' ([Errno 61] Connection refused)")
(Background on this error at: https://sqlalche.me/e/20/e3q8)
2026-02-25 23:09:10,863 - ERROR - Error checking trade day: (pymysql.err.OperationalError) (2003, "Can't connect to MySQL server on 'localhost' ([Errno 61] Connection refused)")
(Background on this error at: https://sqlalche.me/e/20/e3q8)
2026-02-25 23:09:40,872 - ERROR - Error checking trade day: (pymysql.err.OperationalError) (2003, "Can't connect to MySQL server on 'localhost' ([Errno 61] Connection refused)")
(Background on this error at: https://sqlalche.me/e/20/e3q8)
2026-02-25 23:10:10,882 - ERROR - Error checking trade day: (pymysql.err.OperationalError) (2003, "Can't connect to MySQL server on 'localhost' ([Errno 61] Connection refused)")
(Background on this error at: https://sqlalche.me/e/20/e3q8)
2026-02-25 23:10:40,956 - ERROR - Error checking trade day: (pymysql.err.OperationalError) (2003, "Can't connect to MySQL server on 'localhost' ([Errno 61] Connection refused)")
(Background on this error at: https://sqlalche.me/e/20/e3q8)
2026-02-25 23:11:11,020 - ERROR - Error checking trade day: (pymysql.err.OperationalError) (2003, "Can't connect to MySQL server on 'localhost' ([Errno 61] Connection refused)")
(Background on this error at: https://sqlalche.me/e/20/e3q8)
2026-02-25 23:11:41,029 - ERROR - Error checking trade day: (pymysql.err.OperationalError) (2003, "Can't connect to MySQL server on 'localhost' ([Errno 61] Connection refused)")
(Background on this error at: https://sqlalche.me/e/20/e3q8)
2026-02-25 23:12:11,062 - ERROR - Error checking trade day: (pymysql.err.OperationalError) (2003, "Can't connect to MySQL server on 'localhost' ([Errno 61] Connection refused)")
(Background on this error at: https://sqlalche.me/e/20/e3q8)
2026-02-25 23:12:41,137 - ERROR - Error checking trade day: (pymysql.err.OperationalError) (2003, "Can't connect to MySQL server on 'localhost' ([Errno 61] Connection refused)")
(Background on this error at: https://sqlalche.me/e/20/e3q8)
2026-02-25 23:13:11,143 - ERROR - Error checking trade day: (pymysql.err.OperationalError) (2003, "Can't connect to MySQL server on 'localhost' ([Errno 61] Connection refused)")
(Background on this error at: https://sqlalche.me/e/20/e3q8)
2026-02-25 23:13:41,210 - ERROR - Error checking trade day: (pymysql.err.OperationalError) (2003, "Can't connect to MySQL server on 'localhost' ([Errno 61] Connection refused)")
(Background on this error at: https://sqlalche.me/e/20/e3q8)
2026-02-25 23:14:11,311 - INFO - Triggering task: sina_bs
2026-02-25 23:14:11,312 - INFO - Starting sina_bs: /Users/chenyiyun/PycharmProjects/Chenyiyun2087/.venv/bin/python /Users/chenyiyun/PycharmProjects/Chenyiyun2087/sina/bs_detection/main.py config_1 20260225
2026-02-25 23:18:11,638 - INFO - Scheduler started.
2026-02-25 23:18:11,753 - ERROR - Error checking trade day: (pymysql.err.OperationalError) (2003, "Can't connect to MySQL server on 'localhost' ([Errno 61] Connection refused)")
(Background on this error at: https://sqlalche.me/e/20/e3q8)
2026-02-25 23:18:41,832 - ERROR - Error checking trade day: (pymysql.err.OperationalError) (2003, "Can't connect to MySQL server on 'localhost' ([Errno 61] Connection refused)")
(Background on this error at: https://sqlalche.me/e/20/e3q8)
2026-02-25 23:19:11,855 - ERROR - Error checking trade day: (pymysql.err.OperationalError) (2003, "Can't connect to MySQL server on 'localhost' ([Errno 61] Connection refused)")
(Background on this error at: https://sqlalche.me/e/20/e3q8)
2026-02-25 23:19:41,917 - ERROR - Error checking trade day: (pymysql.err.OperationalError) (2003, "Can't connect to MySQL server on 'localhost' ([Errno 61] Connection refused)")
(Background on this error at: https://sqlalche.me/e/20/e3q8)
2026-02-25 23:20:11,966 - ERROR - Error checking trade day: (pymysql.err.OperationalError) (2003, "Can't connect to MySQL server on 'localhost' ([Errno 61] Connection refused)")
(Background on this error at: https://sqlalche.me/e/20/e3q8)
2026-02-25 23:20:42,045 - ERROR - Error checking trade day: (pymysql.err.OperationalError) (2003, "Can't connect to MySQL server on 'localhost' ([Errno 61] Connection refused)")
(Background on this error at: https://sqlalche.me/e/20/e3q8)
2026-02-25 23:21:12,084 - ERROR - Error checking trade day: (pymysql.err.OperationalError) (2003, "Can't connect to MySQL server on 'localhost' ([Errno 61] Connection refused)")
(Background on this error at: https://sqlalche.me/e/20/e3q8)
2026-02-25 23:21:42,163 - ERROR - Error checking trade day: (pymysql.err.OperationalError) (2003, "Can't connect to MySQL server on 'localhost' ([Errno 61] Connection refused)")
(Background on this error at: https://sqlalche.me/e/20/e3q8)
2026-02-25 23:22:12,215 - ERROR - Error checking trade day: (pymysql.err.OperationalError) (2003, "Can't connect to MySQL server on 'localhost' ([Errno 61] Connection refused)")
(Background on this error at: https://sqlalche.me/e/20/e3q8)
2026-02-25 23:22:42,292 - ERROR - Error checking trade day: (pymysql.err.OperationalError) (2003, "Can't connect to MySQL server on 'localhost' ([Errno 61] Connection refused)")
(Background on this error at: https://sqlalche.me/e/20/e3q8)
2026-02-25 23:23:12,369 - ERROR - Error checking trade day: (pymysql.err.OperationalError) (2003, "Can't connect to MySQL server on 'localhost' ([Errno 61] Connection refused)")
(Background on this error at: https://sqlalche.me/e/20/e3q8)
2026-02-25 23:23:42,410 - ERROR - Error checking trade day: (pymysql.err.OperationalError) (2003, "Can't connect to MySQL server on 'localhost' ([Errno 61] Connection refused)")
(Background on this error at: https://sqlalche.me/e/20/e3q8)
2026-02-25 23:24:12,486 - ERROR - Error checking trade day: (pymysql.err.OperationalError) (2003, "Can't connect to MySQL server on 'localhost' ([Errno 61] Connection refused)")
(Background on this error at: https://sqlalche.me/e/20/e3q8)
2026-02-25 23:24:42,508 - ERROR - Error checking trade day: (pymysql.err.OperationalError) (2003, "Can't connect to MySQL server on 'localhost' ([Errno 61] Connection refused)")
(Background on this error at: https://sqlalche.me/e/20/e3q8)
2026-02-25 23:25:12,519 - ERROR - Error checking trade day: (pymysql.err.OperationalError) (2003, "Can't connect to MySQL server on 'localhost' ([Errno 61] Connection refused)")
(Background on this error at: https://sqlalche.me/e/20/e3q8)
2026-02-25 23:25:42,586 - ERROR - Error checking trade day: (pymysql.err.OperationalError) (2003, "Can't connect to MySQL server on 'localhost' ([Errno 61] Connection refused)")
(Background on this error at: https://sqlalche.me/e/20/e3q8)
2026-02-25 23:26:12,630 - ERROR - Error checking trade day: (pymysql.err.OperationalError) (2003, "Can't connect to MySQL server on 'localhost' ([Errno 61] Connection refused)")
(Background on this error at: https://sqlalche.me/e/20/e3q8)
2026-02-25 23:26:42,674 - ERROR - Error checking trade day: (pymysql.err.OperationalError) (2003, "Can't connect to MySQL server on 'localhost' ([Errno 61] Connection refused)")
(Background on this error at: https://sqlalche.me/e/20/e3q8)
2026-02-25 23:27:12,687 - ERROR - Error checking trade day: (pymysql.err.OperationalError) (2003, "Can't connect to MySQL server on 'localhost' ([Errno 61] Connection refused)")
(Background on this error at: https://sqlalche.me/e/20/e3q8)
2026-02-25 23:27:42,754 - ERROR - Error checking trade day: (pymysql.err.OperationalError) (2003, "Can't connect to MySQL server on 'localhost' ([Errno 61] Connection refused)")
(Background on this error at: https://sqlalche.me/e/20/e3q8)
2026-02-25 23:28:12,773 - ERROR - Error checking trade day: (pymysql.err.OperationalError) (2003, "Can't connect to MySQL server on 'localhost' ([Errno 61] Connection refused)")
(Background on this error at: https://sqlalche.me/e/20/e3q8)
2026-02-25 23:28:42,836 - ERROR - Error checking trade day: (pymysql.err.OperationalError) (2003, "Can't connect to MySQL server on 'localhost' ([Errno 61] Connection refused)")
(Background on this error at: https://sqlalche.me/e/20/e3q8)
2026-02-25 23:29:12,854 - ERROR - Error checking trade day: (pymysql.err.OperationalError) (2003, "Can't connect to MySQL server on 'localhost' ([Errno 61] Connection refused)")
(Background on this error at: https://sqlalche.me/e/20/e3q8)
2026-02-25 23:29:42,932 - ERROR - Error checking trade day: (pymysql.err.OperationalError) (2003, "Can't connect to MySQL server on 'localhost' ([Errno 61] Connection refused)")
(Background on this error at: https://sqlalche.me/e/20/e3q8)
2026-02-25 23:30:13,008 - ERROR - Error checking trade day: (pymysql.err.OperationalError) (2003, "Can't connect to MySQL server on 'localhost' ([Errno 61] Connection refused)")
(Background on this error at: https://sqlalche.me/e/20/e3q8)
2026-02-25 23:30:43,074 - ERROR - Error checking trade day: (pymysql.err.OperationalError) (2003, "Can't connect to MySQL server on 'localhost' ([Errno 61] Connection refused)")
(Background on this error at: https://sqlalche.me/e/20/e3q8)
2026-02-25 23:31:13,135 - ERROR - Error checking trade day: (pymysql.err.OperationalError) (2003, "Can't connect to MySQL server on 'localhost' ([Errno 61] Connection refused)")
(Background on this error at: https://sqlalche.me/e/20/e3q8)
2026-02-25 23:31:43,217 - INFO - Triggering task: sina_bs
2026-02-25 23:31:43,217 - INFO - Starting sina_bs: /Users/chenyiyun/PycharmProjects/Chenyiyun2087/.venv/bin/python /Users/chenyiyun/PycharmProjects/Chenyiyun2087/sina/bs_detection/main.py config_1 20260225
2026-02-25 23:50:02,198 - ERROR - Task sina_bs failed with code -15. See logs/scheduler/sina_bs_20260225_233143.log
2026-02-25 23:50:02,200 - INFO - Triggering task: eastmoney_data
2026-02-25 23:50:02,201 - INFO - Starting eastmoney_data: /Users/chenyiyun/PycharmProjects/Chenyiyun2087/.venv/bin/python /Users/chenyiyun/PycharmProjects/Chenyiyun2087/eastmoney/main.py config_1 20260225
2026-02-25 23:50:59,462 - ERROR - Task eastmoney_data failed with code -9. See logs/scheduler/eastmoney_data_20260225_235002.log
2026-02-25 23:50:59,463 - INFO - Triggering task: daily_pipeline
2026-02-25 23:50:59,463 - INFO - Waiting for TuShare data readiness...
2026-02-25 23:50:59,481 - INFO - Data is ready! Starting pipeline tasks...
2026-02-25 23:50:59,482 - INFO - Starting eastmoney_strategy: /Users/chenyiyun/PycharmProjects/Chenyiyun2087/.venv/bin/python /Users/chenyiyun/PycharmProjects/Chenyiyun2087/eastmoney/run_strategy.py --export result
2026-02-25 23:51:00,925 - INFO - Finished eastmoney_strategy successfully.
2026-02-25 23:51:00,926 - INFO - Starting score_rank: /Users/chenyiyun/PycharmProjects/Chenyiyun2087/.venv/bin/python /Users/chenyiyun/PycharmProjects/Chenyiyun2087/scoreRank/run_daily.py
2026-02-25 23:51:54,868 - INFO - Finished score_rank successfully.
2026-02-25 23:51:54,869 - INFO - Starting m1_event_kpi: /Users/chenyiyun/PycharmProjects/Chenyiyun2087/.venv/bin/python /Users/chenyiyun/PycharmProjects/Chenyiyun2087/scoreRank/cli/build_b_event_kpi.py
2026-02-25 23:51:55,919 - INFO - Finished m1_event_kpi successfully.
2026-02-25 23:51:55,919 - INFO - Starting strategy_m8: /Users/chenyiyun/PycharmProjects/Chenyiyun2087/.venv/bin/python /Users/chenyiyun/PycharmProjects/Chenyiyun2087/scoreRank/cli/run_m8_cycle.py --lookback-dates 60
2026-02-25 23:51:56,317 - INFO - Finished strategy_m8 successfully.
2026-02-25 23:51:56,317 - INFO - Starting live_sync: /Users/chenyiyun/PycharmProjects/Chenyiyun2087/.venv/bin/python /Users/chenyiyun/PycharmProjects/Chenyiyun2087/sina/live_tracker/run_live_tracker.py sync
2026-02-25 23:51:56,598 - INFO - Finished live_sync successfully.
2026-02-25 23:51:56,598 - INFO - Daily Pipeline completed successfully.
2026-05-08 18:07:57,146 - INFO - Scheduler started.
2026-05-08 18:07:57,187 - INFO - Triggering task: sina_bs
2026-05-08 18:07:57,188 - INFO - Starting sina_bs: /Volumes/extension/projects/Chenyiyun2087/.venv/bin/python /Volumes/extension/projects/Chenyiyun2087/sina/bs_detection/main.py config_1 20260508
2026-05-08 18:09:45,051 - ERROR - Task sina_bs failed with code -15. See logs/scheduler/sina_bs_20260508_180757.log
2026-05-08 18:09:45,052 - INFO - Triggering task: eastmoney_data
2026-05-08 18:09:45,052 - INFO - Starting eastmoney_data: /Volumes/extension/projects/Chenyiyun2087/.venv/bin/python /Volumes/extension/projects/Chenyiyun2087/eastmoney/main.py config_1 20260508
2026-05-10 18:50:43,211 - INFO - Scheduler started.
2026-05-10 18:50:43,212 - INFO - Skipping stale task: sina_bs scheduled at 15:20 (grace 90s)
2026-05-10 18:50:43,212 - INFO - Skipping stale task: eastmoney_data scheduled at 16:30 (grace 90s)
2026-05-10 18:50:43,212 - INFO - Triggering task: daily_pipeline
2026-05-10 18:50:43,212 - INFO - Waiting for TuShare data readiness...
2026-05-10 18:50:43,212 - INFO - Data is ready! Starting pipeline tasks...
2026-05-10 18:50:43,212 - INFO - Daily Pipeline completed successfully.
